,0,1,2,3,4,5,6,7,8,9,10,11,12,13,14,15,16,17,18,19,20,21,22,23,24,25,26,27,28,29,30,31,32,33,34,35,36,37,38,39,40,41,42,43,44,45,46,47,48,49,50,51,52,53,54,55,56,57,58,59,60,61,62,63,64,65,66,67,68,69,70,71,72,73,74,75,76,77,78,79,80,81,82,83,84,85,86,87,88,89,90,91,92,93,94,95,96,97,98,99,100,101,102,103,104,105,106,107,108,109,110,111,112,113
0,0.9999999999999998,0.1552050087026847,0.16081304860237333,0.013886759325805598,0.007862986707452743,-0.07903459589086462,0.30927459002825114,-0.10676483524578019,0.11743265032886492,0.29377230719791697,0.08910382875414158,0.19268803555161468,0.2550177128201016,0.41141618619303005,-0.004764727996694054,0.029102048810630346,0.07438208594904111,-0.02272248917532045,0.2264076570163476,0.06523379736950846,-0.03561818522711934,0.03791166481404778,0.4266999909789079,-0.028296285494540878,-0.052516542023402404,0.23327665113371251,0.08095898636497653,0.02043666344516056,0.09286718237255284,0.0988069320146163,-0.013940063738093584,0.24425439455847178,0.2947437404736688,-0.026413566443630323,0.21866544632945628,0.046686132569037656,0.3141508450063138,0.16801285517043804,-0.11988280860964376,0.28573811016905415,-0.0495491742252005,-0.020568243719824717,-0.09177455947677904,0.2542610900762346,-0.06557117903601015,0.46381605795740954,0.4285794320911229,-0.06363437283179271,0.3606582848587185,0.024669488390139833,0.2052590185271421,0.31204225269370645,0.21454799207406444,0.25714490807160023,0.20742326751063897,0.4269286228417744,0.03016280777713203,0.01472942696471589,0.3401704342425164,-0.027139080295988587,-0.0033554362556888627,0.11482753211845852,-0.14581285909830988,-0.014045778739443926,-0.14802501143952493,-0.1440916276671977,-0.09595386073378692,0.3145103462309174,-0.04264403056653578,0.40516721655996835,-0.01840805016250158,0.166567016261162,0.2522372993431932,0.2138154849403279,0.15219194961694293,0.15092720587953912,0.26110653853193877,-0.10010917468001974,0.3356007401224348,-0.02997413227245773,0.03600401993487697,-0.08304351477829285,0.37924688905629544,-0.08290671164902046,0.30178060916429245,0.3102053663073098,0.27933654856810125,0.06894516140297219,0.3155459917290215,0.3310180064234137,-0.0066853249323959,0.5112266371775025,0.16977671064399363,0.4403588963072605,0.24004732603698536,0.37408201707248856,0.00015582519142741725,0.26250909977967773,-0.03234510093923273,0.20885232375432056,0.37909554428106457,0.13841592261604302,-0.004830033116687625,-0.043291318812544215,0.3638379357633747,0.13527179891858196,0.03136849303048647,-0.08131158620658674,0.2062407682753349,0.282744056492914,-0.1290426095912487,0.2208645957292298,-0.15881184473799015,0.36706724501057547
1,0.1552050087026847,1.0,0.05854444039223727,0.14220302800671644,0.06621614880942961,0.08359790845932676,0.11956049977682885,0.19830413440654643,0.31956819494013117,0.08289804653476614,0.3741409843406169,0.1098066891560783,-0.05533343461348753,0.16312516141886488,0.09745164176161063,0.24215534408377007,0.28445944799687517,0.36058870538699134,0.1887779323364615,0.274735265608915,0.05135958030415927,0.3460741581289932,-0.01977374056546025,0.19439086004744044,0.1552109994867318,0.05267405791369968,0.3513057612416231,0.24654073494637668,0.3611721362955545,0.2285289468986599,0.017968653299767972,0.1835242500639564,0.06492328292338001,-0.058462307369919905,-0.033755071563428385,0.3325619129671308,0.426558247709006,0.4182834330991518,0.07436912114954998,-0.007594794978243601,0.028721482462130573,0.1642070862260716,0.09586633619425557,0.2914805552783105,0.14463514815242448,0.13533510117306907,0.12685020942928976,0.2609006659431245,0.19217415753413772,0.22140335956613702,0.16945780820329026,0.04931175855863923,0.21986164631082317,0.18488658990760792,0.3493984348764475,0.13150765922410643,0.05612193402721298,0.0726991385773003,0.19317685989655617,0.38744406846949186,0.2527570477972947,0.12274471254810146,0.2747491655537242,0.25115340775398365,-0.06289928035648112,0.004823763220336499,0.01253124821227754,0.043712347978798936,0.328704545447263,0.08014204346526911,0.04838884191990925,0.23780294227777318,0.36204350874957725,0.0836575954513696,0.25627464423491036,0.39904248527956476,0.01027396502391157,0.0711373432300148,0.24347307179461705,0.08324848735027245,0.18078026616421825,0.033000466749517524,0.02829299100285552,0.32908232063201626,0.0355923067513291,0.15640125519956097,-0.01213844126483564,0.47718242495752006,0.21127622787488737,0.2954729168141355,0.18740481083488703,-0.02321203288353986,0.07875918615156763,0.125287795286601,0.007936565545049195,0.10086511701300094,0.01665126340463683,0.16827665795465527,0.19788046421825906,0.05270907784275022,0.002383182138431978,0.09389825888157081,0.013855546269706911,-0.09916393414067218,0.29557208135862684,0.24674221528997103,0.005882734330124516,0.17874206487107916,-0.024908115111441746,0.14017833165161742,0.06585196842015269,0.3083645673070506,0.05015054190250859,0.007795284361624243
2,0.16081304860237333,0.05854444039223726,0.9999999999999999,0.013516089734905864,0.17722902659301104,0.06296077892068734,0.1504232643325291,0.026352097864246526,0.09048917031751846,0.19262037637345605,-0.02475856523195535,0.10589960258102452,0.07961937575686005,0.09797345841137045,0.01684181807287764,0.13101456341625664,0.029410937261038248,0.019721899339776403,0.10716678855313326,0.35257903315658456,0.06219658375989736,0.015797236810950827,0.08933962522707664,0.09920884780989273,0.06387711924178227,0.1402937230888188,0.07996796539095215,0.09701112354011887,0.2380414880658943,-0.06891623384087447,0.3118585962407535,0.17519711845996197,0.14709475532843738,0.09591475101485195,0.08889503552779812,0.06600461609001936,0.1491792743170974,0.0751449313231747,-0.06627043905584971,-0.046340612721512256,0.24982073774534566,0.40491781562374063,-0.06963928951002646,-0.07075423060343132,0.05566190133656647,0.06782004543684222,0.11954645388549878,0.01505656408426826,0.142204284347308,0.07295432389462247,-0.02471211941682156,0.04912060041672003,0.08507442846522392,0.08664761120241948,0.1509481188015672,0.09495252530249465,0.16343270795830428,0.17646239416175794,0.2746845090482023,0.09464180397837933,0.14113996434039577,0.05738933400786681,-0.10732860629059672,0.10555972506865353,0.23964994180402233,-0.0782770110945129,0.07508391512213623,0.08199625561909765,0.10391057119326322,0.058972172068242575,0.13253372012873493,0.11016576296059485,0.016964941176536588,0.14903018486567954,0.23079128250160796,0.06936078682263211,0.1101411601341632,0.11257974306039535,-0.026699254020442396,0.150170504216365,0.08266908547906819,0.0033424131225062367,0.021852020487059434,0.03544010927106281,0.045539893685600866,0.1793544998486732,-0.01236728423591574,-0.10481272237600114,0.22625353370997436,0.09030705818420018,0.07540511150334779,-0.009738212356227887,0.056223890025938035,0.0072661218970329336,0.07584438891057428,0.15730632418278753,0.2897128539348481,0.08098530774848418,0.10255138151479386,0.06295642744430469,0.10142693892649232,0.0626319481565373,0.5264436660231077,0.12536084922685753,0.0056172392022544515,0.587814761372842,0.17695485988410806,0.017770560794159958,0.07475901135420938,0.15077257479263947,0.032666847155693804,0.11301406131903953,-0.008146974492397282,0.05648219072357526
3,0.013886759325805596,0.14220302800671644,0.013516089734905862,1.0,0.12882965006230201,0.09364876694763112,0.047964011376580275,0.20898161749006877,0.47392232285604136,0.20019713209785614,0.22374253132196661,-0.016713364815931775,0.07421816930726367,0.14511097928285255,0.11328571328040152,0.18200057264815708,0.04729058029494884,0.11479032965206891,0.23363145542888947,-0.10898064881195815,0.031227132944281113,0.5057844510584891,0.22382974750028903,0.001149136759450459,0.26467069979853536,0.2160218935335819,0.3550631171105846,0.2951986904455096,0.12385193424811816,0.20170523854393002,0.10966826513687303,0.13799619291379508,0.1687675334182129,-0.04294084630313177,0.01992633373340749,0.07039961724677193,0.07811421107766733,0.20034696506917624,-0.08953063422674792,0.019654739296566297,0.11846089082740378,-0.008716017370825325,0.3125173953482913,0.40954301496330137,0.07266671933650048,0.31257931628328744,0.0023354770087421696,0.0980723657996071,0.08244938305638844,-0.04752680632179119,0.4603463556657765,0.1612516686991507,0.37774762575976123,0.1154196486174351,0.115989187740983,0.17369574781546984,0.12918985988592915,-0.05263609017031068,0.147721453509823,0.01995595779124191,-0.10266352253811296,0.2541129957572357,-0.11667130587059339,0.03443101735525545,0.06651589620281015,-0.06701184444047234,0.16023197821837568,0.22181751888619533,0.25730610637225065,0.2129079621509014,0.07051272831369303,0.15267252797264874,0.3479289997190162,0.19829813696423754,-0.12298374669328514,0.39675942393469,0.0721800183203843,0.09062850138068881,0.23408266292856733,-0.10534453748390793,0.6257607536219232,0.09602791827522782,0.2511596578523573,0.23744392721333846,0.12888671313546313,0.10447136146010512,0.19243568710363906,0.088940060398547,0.09394324808341961,0.4128165604450138,0.07917089375242793,0.13571861740988672,0.08517335925966053,0.3130722900101757,-0.07165314156139717,0.10291508452413198,0.11804520644228837,0.4163081282165425,-0.008425067012647645,0.11915256647684262,0.2923406823692882,0.18680179973858588,0.07280908203941247,0.126498201832178,0.29970718257239376,0.09694016802501085,0.1701818597036206,0.009124930433289526,-0.008935197903719223,0.33709384564849065,-0.00012328848253954672,0.05497842827532449,0.25783462518247074,0.1818249997717903
4,0.007862986707452743,0.06621614880942961,0.17722902659301107,0.12882965006230201,0.9999999999999999,0.18606707317059998,0.24195597879961503,0.21341912644767785,0.1056355022209945,0.179087464535524,0.09864962724566323,0.10757002798745274,0.06451497122419275,0.03420558328147404,0.27910205850863706,0.2637802291070669,0.013075974601376127,0.06708115612928353,0.15141468855750448,0.35670479379799325,0.3311308172332696,0.14269548143542998,0.1019266589111731,0.17359405071451814,0.18293214095760596,0.21593888352791177,0.07980560792143215,0.2307115378740869,0.3809708132620568,-0.017221905786228876,0.47618483968585484,0.23181821648901543,0.1864238391627374,0.5430034498708847,0.05170545223191214,-0.02497897662713865,0.09644512024949752,-0.053528081154381624,0.009388930618883575,0.007549541360349997,0.4617508024434719,0.40046513610539297,0.05180939843905227,0.03665430190866414,0.20656702741691843,0.16607905077120017,0.0405860130258111,0.04872558693564804,0.14277245778739314,0.20243492924790293,0.09679402675911644,0.07693887138706211,0.056154536888763526,0.1288302956202617,0.13394098466161328,0.1171666729910287,0.28748471420312255,0.5749573688300921,0.2697208325286491,-0.012480990424632512,0.09607409237796954,0.18531615716623834,-0.09771030260148712,0.2794028680770194,0.4057220969553913,-0.02351292666364681,0.39030187749139117,0.12280944712695763,0.17932340428174845,0.10045403174693225,0.1613535875242005,0.17402553453923703,0.0557243291957691,0.1345984792480015,0.22076173101752167,0.06393425527899438,0.050780105075488836,0.553475081374414,0.08185592143000685,0.22002219602625142,0.12931708091115762,0.13604663898962197,0.08076756096203859,0.2215680619120464,0.05385296077894234,0.20122271408503836,0.050420513559869484,-0.02422200772259541,0.0816312824197968,0.13034804668227143,0.1176025702555616,-0.06308013057008433,0.09445367215066497,0.1253618074011764,0.005056290626482512,0.10707250319734131,0.5166132689023081,0.10361779534234214,0.27352638325331863,0.13880474126009898,0.2100204353020158,0.037512328496079494,0.273387237471739,0.3143426309536202,0.09017341636491788,0.3521478432842427,0.3284236824422903,0.16293579224844332,-0.014543180589525556,0.19661113994897167,0.032073272233046936,-0.005719209023804797,0.16612028638676243,0.10734697967723002
5,-0.07903459589086463,0.08359790845932676,0.06296077892068734,0.09364876694763112,0.18606707317059998,1.0,0.029504741220554628,0.457409293591149,0.14553571331248497,0.10585638656798732,0.03834525120852552,0.17003968810675243,0.04171589077729169,0.03569647175932739,0.1178712043551025,0.24549497425313216,0.09722427572746381,0.04442727483261125,0.1545276021781679,0.010731219213336593,0.1826347077697231,0.12232208163691116,0.11765829605393334,0.3844588114311998,0.2179939034366492,0.1826715897548606,0.1412328239650933,0.2162513275027016,0.19108278985574514,-0.044541166683011356,0.10734581596001744,0.3104468978438993,0.1245672114058192,0.059207345229720126,0.048823390166819525,0.23948470713652806,0.10206821910100687,0.04724400708779341,0.14017718967615,-0.011798834258165001,0.14881603545147734,0.1165028891486604,0.21248652607679577,-0.04313296035806698,0.43300059670092206,-0.045156864085212335,-0.012957506751090678,0.24839713910719866,0.15515012563713537,0.05955795140790986,0.06652658305346378,0.027338901331361472,0.04390568443914918,0.1426667239815326,0.050303415528963294,0.008751186413912178,0.20077102673748698,0.14739824566522386,0.018329598265789084,0.21184432519693958,0.27439733482239487,0.18077997595462192,0.04943467093700788,0.1386391320481321,0.20096115325270217,0.30592357306414536,0.5821010312979198,-0.006614261573572542,0.40031826422025185,0.09173238228806112,0.1288834672032456,0.31692708173424305,0.07261036100380218,0.11080275803125811,0.01886136864110933,0.059624018594221596,0.0012147682772434565,0.3374471091012389,-0.06872481552137998,0.07626143998205484,0.09022308510588452,0.3677643737685319,0.0888113293677645,0.3480484257927013,0.013685075655407813,0.10063890768885635,-0.0387320574862448,-0.10713399517506503,-0.02222421958712214,0.06696532285908043,0.16501213253852567,-0.08516971933807828,0.07090806239586803,0.06430322829662048,-0.09553966259225796,0.027097092216754787,0.20866296597529096,0.13518887062987814,0.48063489107815416,0.1902169416307813,0.17490259730886334,0.10751432262939721,0.09711389922774007,0.1645222404559137,-0.09301952125472354,0.15665187854427115,0.1596794698544184,0.33093779283752284,-0.024372660569969368,0.16669135853538625,0.17482024823079984,0.16885310729028633,0.3707813486445216,-0.015934293757770522
6,0.30927459002825114,0.11956049977682887,0.1504232643325291,0.04796401137658027,0.24195597879961503,0.029504741220554628,0.9999999999999998,0.08223003700297757,0.21917332320647231,0.25392810513124964,0.17231505337125552,0.512957622890027,0.4694612775169929,0.3183754480271492,0.09981023169546276,0.22665660759345066,0.00016460494037030007,0.09877388830057962,0.27574925646922877,0.1757984452278108,0.028136634549395415,0.16307629797951542,0.3993494098358579,0.21177306931661125,0.04964302400701526,0.37107111585667063,0.07920275384263836,0.12999867563835604,0.34181975290046435,0.010367780087590345,0.21065989670977728,0.37879115463304497,0.6222716371721646,0.10534301122040703,0.48098521112476295,0.04276329658039305,0.3810275684453092,0.050819483811057935,-0.09077084510077113,0.6065659826501366,0.2715056389989739,0.2390658449038965,-0.03599652272443731,0.03307961101043596,0.18178598643252813,0.35502712274190035,0.4357178264307662,0.13404182819523963,0.5878609337664398,0.13990098015738603,0.21380294661433716,0.5795713552060187,0.15528165969929586,0.3709501717239526,0.4050243637795604,0.49167508829548023,0.17757780564959622,0.1883956246470871,0.40475663648185856,0.012961766665021133,0.09348319763576017,0.23156177171316997,-0.11464364348477661,0.23188524919452813,0.24109038788261278,-0.11381081558208225,0.11424297041655687,0.4984454298225448,0.15943367461734748,0.18619638813469738,0.15200579675479295,0.2985183505900548,0.21512049310409728,0.16022167562035874,0.331111739946833,0.015381901025246465,0.311591785823557,0.16461948976801308,0.0739830466276741,0.005973522828410504,0.1124744886703904,0.12330580283554607,0.3600933789917959,0.11598872466112599,0.32858727445625596,0.5560455556891776,0.4238162983645898,0.07565746555906473,0.3953797823800718,0.28462800247891595,0.06672474172692548,0.301523251469481,0.1677192726722954,0.26368447930549593,0.5996064301749909,0.2562783718501796,0.27816516654800855,0.07338562381125609,0.12698660146269267,0.5455937141951376,0.3573989660296103,0.10397451557355548,0.13306893938537245,0.0515484869748656,0.28394557414540017,0.2840637183853866,0.1719213785623062,0.08783057792713145,0.3555589494286195,0.12322539331835022,-0.07864749786578674,-0.09188152552995611,0.07323932632129994,0.34201706646684993
7,-0.1067648352457802,0.19830413440654643,0.026352097864246523,0.20898161749006877,0.21341912644767785,0.45740929359114907,0.08223003700297755,0.9999999999999999,0.13955022043226784,0.07454246513579381,0.12176750601965228,0.08904951275064962,0.004875043926147302,0.011499271919732169,0.21452410140141545,0.4265261956688256,0.39477689736140453,0.24716389948993445,0.09288254265115281,0.03594469108434165,0.1312368896032152,0.19698843947639982,0.06176761857111943,0.4613807236856337,0.21084038551394968,0.19771438789850973,0.2235966861465708,0.3517432507129452,0.4190104460147778,0.14801713609782943,0.226157609757604,0.20377194788737624,0.17909523759531418,0.13718983240115615,0.008522974214130747,0.15618923511854046,0.10976657457961352,0.13000235233277374,0.4758984005728574,-0.012978861315378854,0.2314495920146926,0.12522359980900294,0.257459090305887,0.07480313150355028,0.4903810834854855,0.056122729963963225,-0.009135208502180341,0.23950477631918773,0.05087902809180842,0.11313503541022905,0.055043652385426904,-0.005131851364277994,0.08151651354948998,0.14754553391744366,0.17277543949858595,0.1187889219772485,0.18668952912340872,0.13227853496735614,0.11611767783183055,0.13567190341990382,0.3302409558174149,0.23788072394575216,0.36219744601220877,0.19333367484199998,0.21697719463140108,0.3707894844682021,0.38681518376631707,-0.02261386746619095,0.45998908248905834,0.07957136446963753,0.16192655866154465,0.29852018083997844,0.05807323043081508,0.08859932910744468,0.18069048347384645,0.2152639618776173,-0.07686273089563353,0.25587334893206115,0.05690819541335288,0.13340092609708407,0.1298291504972177,0.42037096510428534,0.014890139674099183,0.46013053411298627,-0.06001114050625478,0.0999697321869374,5.936010114730374e-05,0.2318381727540838,0.0026361558894104024,0.10252270467858733,0.3257341694205284,-0.09016074877375312,0.09819961994832876,0.09244459899588199,-0.1447184059337958,-0.03889588184299621,0.21720067875074522,0.11142219052191245,0.38144013810818506,0.11887907793292002,0.14628986385116852,0.08141395697898586,0.09599019969980485,0.11592094929726922,0.0376325390163635,0.11480650601889998,0.20249626648622782,0.4235315147008993,-0.06513603428315973,0.19359624371901465,0.29124028746154323,0.1501304677053613,0.4529292553245437,-0.050423221108526095
8,0.11743265032886492,0.31956819494013117,0.09048917031751846,0.4739223228560414,0.10563550222099452,0.14553571331248497,0.21917332320647234,0.13955022043226784,1.0,0.1557682595800562,0.38245806819647765,0.17572123976132537,0.1929947628921024,0.25655722625024857,0.11181162002286633,0.15673950308361725,0.06312596302481012,0.06196088152135529,0.3168763943327731,0.059856200690483675,-0.01853893546690881,0.5741433263453083,0.14719165535845333,0.15289161529550466,0.18861821868932654,0.3019061011894004,0.4097264840598464,0.24339804549448732,0.09619608027655702,0.35479662315075555,0.036539883264364234,0.3293530671483501,0.21573106867391958,-0.037567357250266616,0.09762826675805965,0.24148127920549572,0.3367935890331054,0.17906575361131583,-0.0795241074565512,0.14557361013116754,0.08726624045454741,0.013089441511171395,0.036335666127581955,0.2042919711955031,0.15357262748527056,0.2846490895152999,0.12253308079576665,0.1883119402095205,0.2073235336615331,-0.0030961803789102517,0.30136850013997174,0.1271909664106734,0.4115002325627661,0.3522738546328761,0.2816838931024106,0.24944603974282645,0.1742709468539877,0.06824698628561046,0.07657717908669316,0.12389711313367334,0.027370096193589315,0.3317684334660664,-0.08823485668311383,0.06260644324527753,0.12467936392889016,-0.09512548396528042,0.10944240760213741,0.07568815963402227,0.1839726438492616,0.2890818136053919,0.08108916270307312,0.4012426094974439,0.4538476910160575,0.19514171351965195,-0.04175505689924459,0.35152214490499223,0.14213035968850937,0.09819972505701088,0.2939882245838167,0.01098760003283001,0.5678326370959405,0.16073808180993743,0.1978648515597952,0.2994902789946268,0.137106681472403,0.27484752284644187,0.10321937745068113,0.048974035110595976,0.17406522294147264,0.596577573032744,0.10234032071115191,0.23516298805008928,0.12479772877175532,0.2167364452152687,0.03580941315874756,0.07787419872562135,0.13418023006447205,0.23784948007420947,0.005954170225210948,0.21919869395398564,0.2484721699557275,0.27904935963561284,0.09903906654969703,-0.02248929840663513,0.37866931915345176,0.2463443388517197,0.12055868835282588,0.09684773431300431,0.0020399196110424357,0.2592814924040178,-0.021017821969959872,0.129633135673869,0.134880736782066,0.08902376134269653
9,0.2937723071979169,0.08289804653476612,0.19262037637345605,0.20019713209785614,0.179087464535524,0.10585638656798732,0.2539281051312497,0.07454246513579382,0.15576825958005616,0.9999999999999999,0.049636687108589164,0.4198408284373485,0.23113080598603633,0.1682294768627095,0.17984439237589125,0.20416127435893666,0.0747579446559878,0.08649525837008674,0.17446646091011883,-0.0038008991972894226,0.10800312369908659,0.03148930485522179,0.24291305062623822,0.25088120637339734,0.25247133506128444,0.20921223785116103,0.08279108507139848,0.18297163307593517,0.16991021954330893,0.007725769822730366,0.22961624902704683,0.5193845634278771,0.35163055993044856,0.1312988630587206,0.19287011786824146,0.14102013238190667,0.19868858827024674,0.05138464410129896,0.05213559178405218,0.13616160304713756,0.21807917166455157,0.07327305169117793,0.09236159808952334,0.09879294896123905,0.05682039020619934,0.16487407192433964,0.11536567141428188,-0.0313080101522284,0.3207951599381386,0.1315358419012495,0.06157586991366368,0.37463971643268573,0.1607911846464906,0.14252346824422313,0.04752601363781663,0.10713071941925578,0.2160665354936175,0.12845683768689672,0.8034201875716928,0.06314902834623495,0.16776180707497068,0.141569082739589,-0.13846245571700924,0.05066116861769164,0.17747189069879066,-0.01948824087227175,0.2169065300186789,0.4259277436451735,0.14127844597008835,0.21187813757856824,0.11686024842664201,0.09421024439151827,0.09659363290119811,0.427738124373568,-0.02015670637902043,0.1740864143878059,0.6428470744383443,0.14976996562834774,0.11748559811735901,0.01764209986183917,0.17815937651928268,0.1211680668859576,0.3828127857767554,0.2232295839180325,0.19301712659527623,0.5726449186545955,0.3037583076307436,-0.07894501282022032,0.622469094728814,0.19401629006906476,0.09717213190679458,0.21111280013650935,0.325017875866764,0.21999308497282785,0.4035908317998711,0.5365592048213518,0.29368529634666796,0.2169474753080209,0.10033948011943654,0.33688235333748723,0.3398523458532444,0.14500049329452977,0.19292659521206001,0.2485671618965936,-0.0038612433281976213,0.4025962841913133,0.2996819209606259,0.06622065959923995,0.2994852869962411,0.23665983991271403,0.02259289276593541,0.24140370351128307,0.15505637661071103,0.2344308861970006
10,0.08910382875414156,0.3741409843406168,-0.02475856523195535,0.22374253132196661,0.09864962724566324,0.03834525120852552,0.17231505337125552,0.12176750601965228,0.38245806819647765,0.049636687108589164,1.0,0.1254080507010251,0.07681621915932446,0.12881644470024256,0.1240800268932719,0.12703768084024886,0.12205412971045519,0.1427407345674296,0.20712288992080394,-0.015487297193507171,-0.01814816610476441,0.4674790175251194,0.07388800989923514,0.16845749097709345,0.15936680952250037,0.14176328047583775,0.3656067479048202,0.06714312263652701,0.10386148453918194,0.36867763544360377,-0.012354175886174205,0.2484475714925019,0.09554021637241657,0.04768764068196371,0.02041166407012676,0.08261833707220202,0.13360429682885228,0.0830470726481496,-0.015536835619488445,0.046721846931109645,0.01788494238115382,0.0194644655897803,0.18994922715568122,0.3272564290450777,0.13804614665905504,0.13887391621394352,0.07044830252353688,0.16683688864258914,0.07349895910628959,0.01110558384742213,0.17861737019819396,0.18008382997425684,0.26035877524419976,0.3511152103067844,0.2916908544468947,0.15664571373651534,0.005142474350169476,0.018932447833046012,0.04573530103063881,0.15246811412991004,-0.08845962456607438,0.2720881816005851,0.1698488267166454,-0.04269793888744827,0.10755154458845159,0.020610946840143553,0.036701969459828336,0.06769940807920237,0.13611717097731088,0.1282977746763901,0.01108930928550805,0.2981830427303114,0.2000409747185849,0.0650220568353359,-0.0019874520390018306,0.23411158619397268,0.08884316333338363,-0.02088223511467462,0.42217463794491555,-0.06232588036990601,0.24826786083043711,0.2800497934239694,0.1250890076665102,0.2115815897318632,0.07070105224692506,0.10533505242469571,0.08160937501189093,0.3924718508098105,0.05201158934116039,0.407629756251948,0.21646848225926854,0.1181618042607678,0.13112010845277527,0.14233447444870623,0.10229632425410158,0.021038141092452056,0.028728395391422527,0.09226540547341193,-0.0029073459813944626,0.1562195800517713,0.040089954397287714,0.3418081430109622,-0.04294282633205447,-0.09440938070356941,0.350045460879634,0.06974621978448264,0.03345924099704869,0.179784652768128,-0.0034108462601615923,0.17080314976591154,-0.0014195119386806868,0.059538492170049445,0.22991873684178774,0.11073395460606761
11,0.19268803555161468,0.10980668915607829,0.10589960258102453,-0.016713364815931775,0.10757002798745273,0.17003968810675243,0.512957622890027,0.08904951275064962,0.17572123976132534,0.4198408284373485,0.1254080507010251,1.0,0.4398443270102957,0.10369718764653776,0.1207376247388899,0.09118674864568596,0.05217203946560067,-0.09385922667138726,0.17120011790636666,-0.0064267071066957115,0.03459822305760831,0.06633174541512744,0.2052041876665472,0.46125334627570336,0.0718710000847135,0.3190278031071288,0.14290900541665116,0.061147859921802536,0.1756610834968056,0.04919911617662577,0.12638926253556781,0.5045458787740722,0.5423156009104341,0.13103445185505505,0.461273866488342,0.14816979326949112,0.19877268908364604,0.0979557324521094,0.01554055191255519,0.483130253463441,0.19314789804271812,0.011191155362962063,0.08244448377777304,-0.02060311433787964,0.14256808882433303,0.24228274981494907,0.3053480460702372,0.056491188385684496,0.3683377050598748,0.057790191626296214,0.05652630306421316,0.3012923242426207,0.10994611356703712,0.4181169046091317,0.22972195409633878,0.21013410473781777,0.09827005782926058,0.14664369345594516,0.5103749234394631,0.08121072326967321,0.09112961028824945,0.23741425436200966,-0.09583764273887602,0.013831450496088638,0.26559939277591105,0.03245515849806525,0.1564429816555583,0.2682609133061474,0.12580358191832064,0.2449899696448091,0.09983818410017105,0.3275836316297141,0.18757053710750074,0.19054689677812048,0.022092604341964438,0.16325746977844655,0.29610974551176356,0.09016758607668618,0.05266067329830152,-0.02905816865045935,-0.015040082472293577,0.26313452974294166,0.35773613583066455,0.1225004882554439,0.2598766681219134,0.4316342208041651,0.3694561399987216,0.04039312082078469,0.4359140367962429,0.12142301100882975,0.013642628597179848,0.1483605231247273,0.3059991865791857,0.061716380792867176,0.4633207147387404,0.21730730215619684,0.2368743014564987,0.11571843222622295,0.12154748559138887,0.5084751165493759,0.3713986355301192,0.3098419467184926,0.05595386355916391,0.04711743818979607,0.14373042511738449,0.22071229199954445,0.13970840180130728,0.17671356071637254,0.5478230687992895,0.25046791500660043,0.06150634707786161,0.05225906021548409,0.14385194203936116,0.12425933780024748
12,0.2550177128201016,-0.05533343461348754,0.07961937575686005,0.07421816930726366,0.06451497122419277,0.04171589077729169,0.46946127751699285,0.004875043926147303,0.1929947628921024,0.23113080598603636,0.07681621915932446,0.43984432701029574,0.9999999999999998,0.4246655902925042,0.08151839378378732,-0.04945823771612974,-0.05587156472867244,-0.05044140893495501,0.24988643576705977,-0.06283846019493239,-0.07902130595857897,0.03410341664644024,0.4019998906430915,0.12933470060632343,0.0779390443439447,0.3495440905397948,0.05320447221045286,0.07751836914921499,0.05783591219143176,0.12836506672572132,0.0695908487211687,0.3582674066444045,0.39130100774415494,0.05811273491368038,0.48397175507574575,0.06041632835197571,0.19873568808123515,0.03163324680040384,-0.09483618705438447,0.40382346962769694,0.12755400746072346,-0.004471727080891253,-0.03381144468952857,-0.014066513290268689,0.10728408028437295,0.2747481242777545,0.2731470572996443,-0.05589052230435488,0.29791178632167054,-0.07246800712258444,0.16229680181317238,0.5025451817482224,0.18634040213401895,0.2978428429769644,0.07708490770799634,0.349734454212228,0.08921717093852533,0.09421793063421086,0.22379276844022647,0.02906279746484929,-0.010212773245487231,0.19607631845340903,-0.0946657331258718,-0.057819963130341795,0.1807271961105704,-0.036755571096120154,0.05586826661623709,0.5034843730339212,0.04635877311995893,0.14915452714778288,0.08275917828746754,0.17821283390400214,0.15850312898495675,0.1422194831282876,-0.021521469415408664,-0.009831097305097998,0.2922738362832009,0.02041405584746046,0.04748152217157234,-0.09216798440492292,0.024810828344093247,0.11570631562037619,0.37585363166843894,0.004831368226897499,0.31607129095657027,0.48201324784927746,0.7008231686793415,-0.08902597603757526,0.3240652656258411,0.21815861485314209,-0.03447951228243049,0.4005977701321928,0.23040527897581536,0.39617529761044196,0.4587029699396809,0.15827353031251853,0.1938793016725981,0.08071438685671892,-0.012366084463576713,0.5834924678722389,0.3420915179968737,0.23848865625017368,0.07149155527995593,-0.00767163050680798,0.12365686392366973,0.19429320449984594,0.1281555861690928,0.0516755840931689,0.4762184699925078,0.2763333877212835,-0.02910346078546696,-0.08895513165023516,0.07629815013510895,0.24841504774285164
13,0.41141618619303005,0.1631251614188649,0.09797345841137046,0.14511097928285258,0.03420558328147404,0.03569647175932739,0.3183754480271492,0.011499271919732169,0.2565572262502485,0.16822947686270948,0.12881644470024256,0.10369718764653775,0.4246655902925042,1.0,0.05765969082788919,0.07374250943009217,-0.10049069729415772,-0.045747020445645874,0.37460908246279073,-0.008062709252464339,-0.04653413478826011,0.15585958767176591,0.5582865612235276,0.0281638261967527,0.15559946847436965,0.4089231855754152,0.08545531721676712,0.10376307373698791,0.13966244597425995,0.09687151587708732,-0.002971623333996589,0.17077657965889773,0.24796707958973574,-0.12113776038241013,0.31244444075608446,0.10792898959930503,0.5271469121760908,0.24252455200696293,-0.11642188807826287,0.3397272712369082,0.020439022039338367,-0.004499673623492358,-0.04779298865451953,0.0460538372394263,0.02214360837682802,0.3215689909149744,0.45221205135397513,0.04108445972835907,0.4294311058202869,-0.04551238836001571,0.2529439424100111,0.1926334193148646,0.32790219314534946,0.3565144173968096,0.35398806743755823,0.5100458511484643,0.043363744948571585,-0.02694554752690645,0.17904744852148147,-0.01726836084251982,-0.02822697415881749,0.22442830376753195,-0.14924275945150284,0.03239684957297703,0.0044852860438882305,-0.16582824931382673,0.07095141340032918,0.20905335790133167,0.06006336110121761,0.27441268325744445,0.03121707037330381,0.1003996963373328,0.40716675598623553,0.20255591596640346,0.04600184034493421,0.009169812383302183,0.33223475963888477,0.02546484566778143,0.12490038639838325,-0.10707690212218415,0.25978721644940994,-0.015280600579909437,0.44185815440356,0.043352687530951825,0.34453878688803485,0.3724461687523208,0.4191659134967033,-0.09633336758436954,0.2835359939164659,0.22729126379911363,0.049199846209911684,0.49342612894332905,0.09818855091333555,0.4536032890160464,0.2089193693018625,0.12003780107254117,0.09162480349303696,0.18968789152918913,-0.025789965782911116,0.2907874045514975,0.5659900989412834,0.05531007574343617,0.08929474638610299,0.008341286733406473,0.18118281304999634,0.1597438764560869,0.06393686790050297,-0.10098455052392087,0.2259696952663723,0.3631474098983282,-0.08213797630521803,-0.06801142390660773,-0.0024769301631611643,0.3687734681334914
14,-0.004764727996694054,0.09745164176161063,0.01684181807287764,0.11328571328040152,0.27910205850863706,0.11787120435510251,0.09981023169546276,0.21452410140141545,0.11181162002286632,0.17984439237589125,0.1240800268932719,0.1207376247388899,0.08151839378378731,0.05765969082788918,0.9999999999999999,0.21715792372418016,0.14010925923673545,0.14425699451063734,0.16147984429760093,0.18456539837601957,0.4487841056719467,0.20368574872329676,0.14994293906826026,0.2531386839327661,0.7503107686290013,0.2004148976748114,0.1510549244306248,0.340271202989742,0.321429036108266,0.2324550569336817,0.31376559638746343,0.21964884522438463,0.15526765966673192,0.2952885334469616,0.07235366682972098,0.10457826616622963,0.06640839106641087,0.02995016338534024,0.14027481302097317,-0.04367103812960013,0.3146637900409074,0.23104160038109517,0.1629880747338156,0.0583585637935013,0.16191535679108895,0.020997451989878322,0.02319990589287291,0.16137729017717042,0.11327941434800519,0.3840449504171092,0.06749632544660922,0.0767435591969983,0.042314166103053726,0.054951956927802525,0.09550000935597625,0.13375400077396038,0.1582159786525107,0.3249573187052624,0.2085153077584852,0.07381873464167231,0.0873972138590213,0.1665990773431759,0.05562405322891176,0.35900609835032776,0.18560475097915757,0.048725656002510824,0.40643029348674287,0.11107234471042828,0.2508237527425904,0.12992155493720486,0.19910663877274531,0.1718897035415503,0.09337413536590013,0.23428920123272645,0.06623096786384541,0.19803699845688885,0.09685162198963884,0.5067953506683208,0.036547507265485564,0.27775771135126787,0.23692728175843217,0.11660588758631185,0.1419092468709349,0.19231616702426763,-0.03130161335865592,0.1844793133933427,0.028772282036324995,0.07430421537266824,0.10653879607416283,0.10557230900778844,0.18967033173900424,-0.0003330600798755767,0.21818489357949744,0.08439875608933611,0.006882929962080689,0.056552636883062606,0.3877175065026072,0.19840476550249606,0.2256814055477573,0.140518768603046,0.14625888875942453,0.21984061754503775,0.24313152404744418,0.6585956213646555,0.035993734198925084,0.18199642169618446,0.31626740557354677,0.15691010263850402,0.04701149701769209,0.2161512208428886,0.1346871392598988,0.06097256593330762,0.15664017518453416,0.08163973402882937
15,0.029102048810630346,0.2421553440837701,0.13101456341625664,0.18200057264815708,0.2637802291070669,0.24549497425313216,0.22665660759345063,0.4265261956688256,0.15673950308361725,0.20416127435893666,0.12703768084024886,0.09118674864568597,-0.04945823771612974,0.07374250943009215,0.21715792372418016,1.0,0.2715589744239713,0.3249582756763946,0.10233517668743798,0.22410012717491556,0.20940182446653097,0.27965328069764617,0.19210402098408946,0.2185789991577008,0.20593903748793083,0.2213450252477372,0.247782819382076,0.33326534623365495,0.6231546600781618,-0.04145003659182086,0.44484709723873284,0.1275875420026365,0.14885775146119526,0.10373367626073145,0.0733866662055212,0.0679664671844286,0.07702983924356913,0.08864190033508887,0.3309598158784506,0.10727393119785952,0.3818859163125937,0.32776353305727557,0.041688935041553486,0.10662159999112877,0.3840280278394349,0.25033974531021813,0.14838933209421995,0.2350500300775964,0.19960234121972212,0.21258431892331894,0.07610680263082456,0.10538647893379768,0.07506248862821212,0.1509966124821304,0.27944816592225546,0.24155687218345995,0.12535004295579597,0.2068173260153184,0.3219283168745673,0.058616061363563385,0.2946896247113104,0.13823600817513468,0.22931023942503592,0.3567700933594447,0.1790442474242951,0.1296994583631361,0.3009596688298094,0.14935793888637353,0.348442158840344,0.2287247116690295,0.20651833991692412,0.1171112868269605,0.08548370658305157,0.16239873322909767,0.3753324779823317,0.13955584774740215,0.11023022222884026,0.390621831764656,0.23238928969312375,0.17230454388103358,0.33895937026757994,0.06072176801764379,0.19724346026712272,0.6670816405331444,-0.05845242128227234,0.26093104073700096,0.009311112599532946,0.18392490204073197,0.04914977365328543,0.08950837532340326,0.21184327773731507,-0.024674519052816483,0.13322014216772018,0.1730205473035339,0.03741695343659181,0.15824586766142512,0.34592350208271344,0.2196430981047218,0.5057749293596588,0.07979750310946741,0.2744026498829574,-0.046310561896450025,0.18644553418913162,0.28816803789333634,0.1474182884961176,0.19784318257677094,0.334950889561002,0.15744618048725456,-0.003403318062783734,0.20608629052999997,0.13872176390976287,0.09854446488098204,0.40475174344284537,0.17155508934136768
16,0.07438208594904112,0.2844594479968752,0.029410937261038248,0.04729058029494885,0.013075974601376125,0.09722427572746381,0.0001646049403703001,0.39477689736140453,0.06312596302481012,0.0747579446559878,0.1220541297104552,0.05217203946560067,-0.05587156472867244,-0.10049069729415772,0.14010925923673545,0.2715589744239713,1.0,0.4245299999781565,-0.03897934506214893,0.1166143836752834,0.047349951898724804,0.02188228685264437,-0.024156759671634997,0.1891253543652132,0.06136422559834809,-0.0199785938212485,0.15692974609946983,0.4700934816186985,0.267557825736906,0.13742010418699932,0.005112723658153386,0.06554486816713966,0.15589852735226112,0.04656365663576495,0.019736257892354836,0.19888667790167772,0.02510011279637747,0.18148570524029617,0.22707262549940038,-0.10060210710206781,0.024063683811395235,0.0839011083037808,0.2573827193208948,0.10188187026906441,0.2604077738115482,0.025974538439352313,0.012167897359992333,0.2611020611214418,-0.029146033086923206,0.319074647280075,0.011518593504925477,-0.03138441671571084,0.06460729458678326,0.039136340693930606,0.1095301451570827,0.06207920690400075,-0.03496700259463094,0.0761914533870426,0.19046126650315887,0.38664494305799885,0.26319736946025746,0.012719303575745022,0.3917460426229556,0.17151543936881591,-0.061055731230143004,0.3169899646552693,0.07746423641308826,0.042217937120402414,0.3963392922147986,-0.009762789238719032,-0.026647850387896892,0.15351782766381766,0.05133609017562487,0.056844032996570204,0.1618516266803994,0.3916793236024653,-0.027339499893354133,0.031081313535224593,0.205837752659917,0.1286936612963551,0.018510552393446646,0.05091344849580097,-0.03653763515651363,0.2624453526509642,-0.18571025874051394,0.03023213874870472,-0.10444026349528741,0.3678123543785058,0.04614308651143665,0.09233582104540089,0.3131125779934109,-0.11029680756728028,0.08966064730406595,-0.10344109803315098,0.03722610353065207,0.05623570712623872,-0.017916764378232607,0.07200082120921605,0.3083777958276208,-0.032419223619437505,-0.051551748987307244,0.09014508135125074,-0.06334755964690235,0.009257080310940939,0.11676622172637638,-0.004853586872509144,0.020936421789626167,0.26101705151305254,0.06871198281711544,0.061878614960060474,0.26106928792762746,0.38212200258843493,0.06684336946065565,-0.07401156144212866
17,-0.022722489175320448,0.36058870538699134,0.019721899339776406,0.11479032965206891,0.06708115612928353,0.044427274832611253,0.09877388830057961,0.24716389948993445,0.06196088152135529,0.08649525837008673,0.1427407345674296,-0.09385922667138724,-0.050441408934955,-0.045747020445645874,0.14425699451063734,0.3249582756763946,0.4245299999781565,1.0,-0.05642558994040085,0.2535877035083487,0.05883324291238589,0.13878150119154425,-0.04002601039194766,0.09654999651041689,0.1301336712633656,0.07117183217880083,0.19249237027484406,0.3214028541767566,0.40746930965649786,0.13693007287530112,0.10811110709215235,-0.030588724267442313,0.11043524948390657,-0.018264709101312736,-0.004033018109304118,0.11133890931695586,0.060075144118121204,0.23749076743723196,0.06537861691574383,-0.01048474289700236,0.08664890891103795,0.21772346654395938,0.4090694126867031,0.16852777173224637,0.25709635538196346,0.04979508103859763,0.0471590998095958,0.3540472713453187,-0.020081912281905506,0.255627695359113,0.06346324315908795,0.049624311659099515,0.13746966789140871,-0.033244466959637696,0.08577048924459647,0.14524283417291797,0.03814478518612655,0.05794311959128881,0.19975911198909516,0.24187002067678381,0.2271655884831676,0.02814004368962851,0.6245611898227107,0.299932885519044,-0.029843317832893863,0.018931049775801883,0.02753495004811662,0.08808248135773891,0.5096356853028025,-0.030950620027696114,0.12129335290322657,0.11947743015200225,-0.029933209875862524,-0.021047691218460934,0.33813315924423865,0.3125518058552813,-0.04133440581812153,0.13175668269408009,0.13285307926174775,0.06872260994704503,0.1942060063260007,0.0129019102131749,-0.0537402342604641,0.3503615756892385,-0.14400251709956,0.10083701349020573,-0.07123686604443533,0.3087536588639214,0.027509020468200522,0.10887713189915105,0.26641414195099794,-0.09345261605856606,0.05695025264766863,0.06748861276890161,-0.01856174238530099,0.14009050230530012,0.026182594429831476,0.10657023079232418,0.3368716277386815,-0.08511185396741446,0.061329527479929064,-0.08020611695508027,0.04359908907704728,0.10497043537285589,0.05496124568615063,0.07141276220885916,0.07729838563396034,0.15150394901673775,-0.07821567398144555,0.00217876968638024,0.17459080709988087,0.12738087957427352,0.2742145511418985,0.00566177138852716
18,0.2264076570163476,0.18877793233646148,0.10716678855313326,0.23363145542888947,0.15141468855750445,0.1545276021781679,0.27574925646922877,0.09288254265115281,0.31687639433277304,0.17446646091011883,0.20712288992080394,0.17120011790636666,0.24988643576705977,0.3746090824627908,0.16147984429760096,0.102335176687438,-0.03897934506214893,-0.05642558994040085,1.0,-0.04007943452813251,0.04308021717718213,0.30379597626221744,0.3733116644349213,0.07377143277607491,0.2661232308423442,0.45118760863934854,0.29299533435782277,0.21874849433586616,0.06551982029666474,0.14662620488009853,0.05864525011489013,0.26314782411918164,0.2998089784873523,0.0013341654928053664,0.23948035188728747,0.18220174652378676,0.5839276211458708,0.1474962898142625,0.019614112827715923,0.18588781408408156,0.1361679625696479,-0.005004065568741064,-0.047624023008282265,0.21021718954746393,0.0076860972233866506,0.33264848221752474,0.34559218423504484,0.06508073577958068,0.32393033508207,-0.05221698256565534,0.4920137672896233,0.2635031883099089,0.2921242497028092,0.38595429332431724,0.23623423402720917,0.28530907389276,0.21487156142257371,0.041703551943008864,0.18290360854628915,0.062432528147803194,-0.06015787249996321,0.40809666452367493,-0.21010067240837652,-0.033000339514434714,0.10109696070420061,-0.07473565939922494,0.1346631619672726,0.27254182579141123,0.09240143442975357,0.3186432386057017,0.07610564160629817,0.21705554944954372,0.6258896490416417,0.25481539067138065,-0.02155460264432442,0.11837868790987582,0.21155002933516054,0.09980183902783217,0.22450010768731404,-0.022498559604776796,0.2769274512774194,0.1562083382573392,0.3200447276200118,0.14181810934262443,0.2732380834666291,0.3063581861481249,0.2624150944756304,0.012721307971577722,0.17758428241396934,0.40450403991434974,0.16740556137687446,0.45673073624599464,0.17028691224782516,0.5000412943697643,0.1386396815242021,0.1690520982891105,0.18126761536294367,0.3757219009985592,0.002578263941360038,0.20200454688872088,0.35075687437051456,0.19787626890297444,0.09000481914010605,0.049552365821392726,0.2974275746251486,0.1811839209255802,0.11752569536196318,0.007669458359030544,0.1616304661948971,0.4763012348314558,-0.04585086317846755,0.07126999924107251,0.13686038933475897,0.2757448308672112
19,0.06523379736950846,0.274735265608915,0.35257903315658456,-0.10898064881195815,0.35670479379799325,0.010731219213336593,0.1757984452278108,0.03594469108434166,0.059856200690483675,-0.0038008991972894226,-0.015487297193507171,-0.0064267071066957115,-0.06283846019493239,-0.008062709252464339,0.18456539837601954,0.22410012717491556,0.1166143836752834,0.2535877035083487,-0.0400794345281325,1.0,0.3047531240341794,0.015146943454940026,-0.10393528496658695,0.01157341869989188,0.04578450092368791,0.012668567568185655,0.036283856233578854,0.12279591550964898,0.44583679563765344,0.005966599997091593,0.43056695141492485,-0.00471522871957392,0.02017626185807963,0.42153028394367087,-0.09198491977503503,-0.04975424713125544,0.13674636202885881,0.18418894303639677,0.023595586553862367,-0.11628905415573763,0.37194705000476647,0.7168059120146333,-0.09709847982685035,-0.006963215568509068,0.1652075295043732,0.09293293142788676,0.10920324441767014,0.12456396430534507,0.0583031561933566,0.43086438810374683,-0.06903424759003855,-0.03136878386119041,0.04340988618094262,-0.000152082860506908,0.22538570365476188,0.1486133664107517,0.07535764565614718,0.3308325914011568,0.25922869448673114,0.03500061331070451,0.3989051205872659,-0.09485453148040891,0.04824184255573712,0.5193787521918253,0.2971623323147461,-0.10474639942237592,0.08039272571951322,0.02114887616613076,0.15752996431521915,-0.0961661086558193,0.10766350222344503,0.002201033221600172,-0.04367352253476417,0.04303993051970016,0.5307840312318477,0.03590748726773164,-0.018829065086816445,0.3841494248122576,0.033000707734974606,0.4849510731032173,-0.028639136625015212,-0.20090979903014403,-0.1411413324174789,0.06397252132725789,-0.09897096729860995,0.17108178240665423,-0.1258762018027055,0.01597036468940338,0.1568616380020193,0.05457028540405935,0.07939227578109084,-0.0824019132842329,0.029334266484576214,-0.05758656094201026,0.06711339783829386,0.0011587981767001473,0.2768862310980233,-0.056506060224136435,0.34345385768315045,-0.035582396482664286,-0.06021812573128058,-0.11757477574507604,0.19270659575603263,0.1595679800745709,0.045276396605113775,0.47649150765510884,0.1180340685410434,0.03498847238179754,-0.10361130321901685,0.004952589013296997,0.10123828105708807,0.032408401616292944,-0.11984026696103056,-0.07383196342580028
20,-0.03561818522711934,0.051359580304159276,0.06219658375989737,0.031227132944281113,0.33113081723326954,0.1826347077697231,0.028136634549395415,0.1312368896032152,-0.01853893546690881,0.10800312369908657,-0.018148166104764406,0.03459822305760831,-0.07902130595857898,-0.04653413478826011,0.4487841056719467,0.20940182446653094,0.0473499518987248,0.05883324291238589,0.04308021717718212,0.3047531240341794,1.0,0.05393086739040707,0.07545124753985888,0.08697842400911197,0.2855406260611945,0.11182290405634401,0.002389583355969941,0.16815736561877492,0.30631684637479273,-0.04779580384830367,0.26653429483640717,0.10142313999442072,0.04756555198421604,0.33226359378839976,-0.027539767877741258,-0.009966260931743541,-0.006651140039912407,-0.059856814401045434,0.06468382703340078,-0.06037449580580308,0.2923485509438577,0.3319918827893609,0.020493882040733123,0.08460440556681811,0.16715262273084006,0.017198192373933382,-0.009071227500893769,0.011596455586085717,0.0918206938697939,0.26939873083595023,0.022947331834184966,-0.005469779867744691,-0.057489595946111055,-0.0053421432399413235,0.10296782664674883,0.0158474709201329,0.08043374275656706,0.3835329675986868,0.17324642168962462,-0.025748229411202715,0.2751192241983859,0.06656525480102396,-0.09649873131517986,0.4152552029523228,0.12276316029102248,0.019718803210082663,0.5632107555927671,0.030653304286570537,0.1441016305705018,0.05902720447692384,0.16071585074945957,0.061515089674906355,-0.03324975108567247,0.05305454527079402,0.11207356037130319,0.046639074193253686,0.04465352050213282,0.6550140312400482,0.008050033246963068,0.5442258041208987,0.05335268226201531,0.04429065581488176,0.015312997330202248,0.13827709192607082,-0.006145555508421131,0.05782878219255424,-0.058557918037461056,-0.037593680128864576,0.017729903191625936,-0.04555448557114473,0.02178141228385136,-0.11149455030910484,0.056106978271655804,0.08571920252965536,-0.0355107126412013,-0.03289139057225866,0.29277553581943183,0.16352830271406754,0.2781602157626462,0.012405399034520783,0.08927416878576706,0.040003424711322344,0.14329626842092102,0.3777539285589271,0.00212492798492977,0.12893347233392116,0.21736742611272816,0.05612595812467975,-0.0349518857266883,0.19998853003339204,0.21141813828376066,0.01322438656090847,-0.007496521788028522,0.014814721764310925
21,0.03791166481404778,0.3460741581289932,0.015797236810950827,0.5057844510584891,0.14269548143542998,0.12232208163691116,0.16307629797951545,0.19698843947639982,0.5741433263453082,0.03148930485522179,0.46747901752511933,0.06633174541512744,0.034103416646440246,0.1558595876717659,0.20368574872329676,0.27965328069764617,0.02188228685264437,0.13878150119154428,0.30379597626221744,0.015146943454940026,0.05393086739040707,1.0,0.21742963396418064,0.13136640093027044,0.2773811465906847,0.2973209996730849,0.32032255926295267,0.25363501311431,0.20465668044020277,0.34138845973168974,0.14391253065851614,0.19688948597758082,0.1432414558846561,-0.022735926851040974,0.04098458601917631,0.16016067054706448,0.20431071122821606,0.12787385451241837,0.013951707171826356,0.06368492709492207,0.1512430837111514,0.0908972973533713,0.12220038779862356,0.3373195151863735,0.202747842928363,0.31079684993364143,0.1783295217540818,0.3206099495064078,0.1117338019462279,0.013032340685030643,0.4138779479782543,0.12108577185498061,0.26753029249395155,0.28523630067820216,0.47246840582341676,0.24951446582793294,0.10296489456512509,0.10443436664172939,0.04695628322780962,0.11473613280253388,-0.016324606967541233,0.335717173793263,0.009260730700426318,0.09323499301420844,0.11690314934274519,0.0010353780364484356,0.13732504296642073,0.08163096297988963,0.22567786194624184,0.28632868771853537,0.11971112920380775,0.40135693716689824,0.34653444506260744,0.04848816622909125,0.10182912249246395,0.16482834681203845,-0.044267196032944066,0.1128886062176825,0.23954346014002983,-0.04944801397262358,0.5276466993002855,0.19324541703529322,0.29965812582859885,0.3040619848385626,0.19096192953897928,0.10411695581162216,0.09318265506794844,0.18226731188046164,-0.0270552310184779,0.525585598006655,0.188317715320715,0.18504539193121905,0.11159203317704673,0.27632137470124973,-0.02246541878504269,0.0008154994136950216,0.15553654601077402,0.42520309556485525,0.1347704333956862,0.09247901109082288,0.23777317516531324,0.20097230000615524,0.03949528931878588,0.02533213895661328,0.36756107198184057,0.12518968314011075,0.17332649617597476,0.16026071840543443,-0.018944401663520932,0.2820056214502917,0.05443612607783898,0.03617712859687862,0.26009646972205513,0.12000287328694788
22,0.4266999909789079,-0.01977374056546025,0.08933962522707665,0.22382974750028903,0.1019266589111731,0.11765829605393334,0.3993494098358579,0.061767618571119426,0.14719165535845333,0.24291305062623825,0.07388800989923514,0.20520418766654722,0.40199989064309155,0.5582865612235276,0.14994293906826028,0.1921040209840895,-0.024156759671634997,-0.04002601039194766,0.3733116644349213,-0.10393528496658695,0.07545124753985888,0.21742963396418066,1.0,0.08808415773579668,0.2392774362634833,0.5251960957235429,0.13528802145807156,0.1967539015858748,0.17407587486890108,0.12275351139044563,0.08233518312736049,0.277819720403321,0.3841467574825403,0.02679585576157815,0.3968172015161658,0.10543252729337522,0.252210940246797,0.05827024644384927,-0.10652383708964579,0.38834210025402005,0.16047124442625815,0.011077795510213652,-0.034910514189441945,0.16040234193494948,0.040876697966038766,0.26870161853192487,0.4855695995291075,0.039202391196361985,0.5195262085038417,-0.040467720891329856,0.25072528136287736,0.3143108505733295,0.2770543262563226,0.2602743346206877,0.3425416756657494,0.4886568255128149,0.11899175381503414,0.059415272734085256,0.23615649366666683,0.004815837319348924,-0.1104312363546425,0.2784437631386537,-0.13366395382522528,0.01921618663140789,0.10390595831597348,-0.07153618800612967,0.20783353410291125,0.42886362598933864,0.21293185698015246,0.40936806902507694,0.07125876638254809,0.1393820706065917,0.3499216832167582,0.2797473841124376,-0.01893009854628553,0.07011901980351458,0.28780437458081715,0.11983064527367959,0.11528132516065902,-0.08433248583826482,0.25673334389303076,0.1532287421118929,0.4972421476387818,0.16794783451653292,0.37539679272596105,0.3251964537618032,0.40713146827507907,-0.06256863880446524,0.2510808550723698,0.17698363515320653,0.017813426924747994,0.4608385830512726,0.1450631708842538,0.4265754788568277,0.2890855903534305,0.19603740420628532,0.2005368470559541,0.3990663650300121,-0.010450548836085765,0.42641030824878917,0.4930413526998441,0.09998660144402469,0.0937489736087552,0.1670242085172096,0.21866992591083545,0.1251757830667244,0.16237757739235642,-0.04605689186405196,0.2464059955995608,0.3225162260485043,-0.002265771861377024,-0.010172902370372253,0.12667441592641604,0.4342994122030656
23,-0.02829628549454088,0.19439086004744047,0.09920884780989273,0.0011491367594504587,0.17359405071451817,0.3844588114311998,0.21177306931661125,0.4613807236856337,0.15289161529550466,0.25088120637339734,0.16845749097709345,0.46125334627570336,0.12933470060632343,0.0281638261967527,0.2531386839327661,0.2185789991577008,0.1891253543652132,0.09654999651041689,0.07377143277607491,0.011573418699891883,0.08697842400911197,0.1313664009302704,0.08808415773579668,1.0,0.237503375273128,0.16669785404347517,0.11885683273127916,0.16033842087553882,0.35126739609926394,0.04298120554629083,0.20953548041540604,0.3892911446487059,0.27797009545024065,0.11649952824202102,0.14318174510647738,0.23399595045023153,0.12288725641187109,0.03490055693502968,0.29421778545685556,0.07182083104607749,0.25687997528390993,0.09762165610451495,0.19289244910141848,-0.032222025509022915,0.3241567982782632,0.05435607610612284,0.013838660338767673,0.2576726110189632,0.13468836420631725,0.14177394530432966,0.025515703298680886,0.14913301256456665,-0.014011301990332967,0.17080406482933108,0.1373271573101724,0.06515075956047651,0.15132259327666608,0.18089948075711623,0.23477456535309477,0.20541806345963184,0.26834896892365,0.23306125552008936,0.1949250830364263,0.18047289982458112,0.34149856884596075,0.4365874911272176,0.32101838738223654,0.05768577164908003,0.18367104896810818,0.10246037978305587,0.194537348257558,0.40207031115561387,0.10510822418866261,0.1696131530682458,0.056622589135162806,0.10327583401995258,0.09189132309511538,0.26825045958207827,0.02517989446659458,0.09233439703907126,0.03763123819323107,0.4738234280040794,0.08193079841415676,0.21931875700669246,0.047227747522302015,0.23053474235618596,0.07068779194031871,-0.028811965827946144,0.12101489815582941,0.07428364466381882,0.16460763503940395,-0.041364823005867274,0.2146442460646481,-0.01907196936621631,0.1143914467546796,0.12528468918699193,0.31686800073260807,0.10545333990144488,0.2981019933748515,0.28083652782440527,0.12471626253956522,0.18466464612048453,0.15412928980407165,0.1516359963908689,0.018252986983534156,0.20967358549455326,0.18606321400451406,0.4536819787208714,0.16186778627755619,0.1397198804159859,0.3247629204839761,0.10081196597848945,0.3697392431913294,-0.07555780409639717
24,-0.0525165420234024,0.1552109994867318,0.06387711924178226,0.2646706997985354,0.18293214095760596,0.21799390343664923,0.049643024007015264,0.21084038551394968,0.18861821868932654,0.2524713350612844,0.15936680952250035,0.0718710000847135,0.0779390443439447,0.15559946847436962,0.7503107686290013,0.20593903748793085,0.061364225598348095,0.1301336712633656,0.2661232308423442,0.0457845009236879,0.28554062606119457,0.2773811465906847,0.2392774362634833,0.23750337527312798,0.9999999999999999,0.24564668209770638,0.29386499946722444,0.4043903139113307,0.20642577450098712,0.27401444833151356,0.21878883775283492,0.211647367193659,0.05036526633198195,0.12235208318725131,0.07682404670981947,0.2318524798994378,0.0954410285535671,0.05951081864297546,0.13215236639807285,-0.082622214016151,0.25399880427983806,0.12169773315343727,0.21103009417112695,0.03662747130607253,0.11725811008026472,0.017716191961296944,0.033403511373656186,0.2147690797909633,0.24269649766691764,0.23127389207845375,0.07554792252418094,0.07262340702050789,0.1775487655957859,0.01370094427787628,0.08247459733519312,0.1360272386151177,0.1599635444245069,0.1557088876092177,0.18877201867919075,0.12159423977320544,-0.04447525640175313,0.16108011583696347,0.0507194790752006,0.2697992170058167,0.17396298328402698,0.020926428706786848,0.4842295448591129,0.21446372568484304,0.36944105271319594,0.17070317260156195,0.12676396790626046,0.11401922173108361,0.15822522604201655,0.40514297190641335,-0.10538772033314821,0.18518743304392565,0.2582462191122824,0.3820308839075481,-0.025984531273729145,0.2965142952703758,0.4144165243584801,0.17927171230240507,0.210164729640493,0.2849641565161626,0.05526605319728742,0.2711495029664342,0.09651453637607953,0.0985620934241478,0.13362757972433922,0.11069619616627213,0.21303045124547762,0.0661740927197425,0.17789321804585756,0.17921460388327012,0.06610730789937293,0.0811801255765661,0.3112467935538869,0.27839233223317617,0.10648937780611044,0.1316823314645322,0.2798319595035439,0.17604940205180433,0.26459178679719236,0.4889188553553765,0.06991895747011294,0.24265553791813943,0.2805602435326683,0.1125084836028599,0.016070989046418988,0.29490846560215506,0.2634870251275756,0.06476272678888614,0.27887958642817384,0.25775768175081365
25,0.2332766511337125,0.05267405791369968,0.14029372308881877,0.2160218935335819,0.21593888352791177,0.1826715897548606,0.3710711158566707,0.19771438789850976,0.3019061011894004,0.209212237851161,0.14176328047583775,0.3190278031071288,0.3495440905397948,0.4089231855754152,0.20041489767481144,0.2213450252477372,-0.0199785938212485,0.07117183217880083,0.4511876086393486,0.012668567568185655,0.11182290405634401,0.2973209996730849,0.5251960957235429,0.16669785404347517,0.24564668209770635,1.0,0.3021084763325397,0.19744741810343328,0.2862882696343419,0.3156202228481457,0.19544602562904206,0.30816718330395343,0.49909889807800273,0.12159065729152232,0.3414945962459554,0.1274700335148756,0.4638228585643816,0.018806652848763837,-0.04319271093580359,0.3919211151223585,0.2441282532265112,0.05812007147918029,0.07760755906493394,0.15522278377697382,0.11910846734794153,0.36793785518314537,0.2784554346115416,0.11584476355756619,0.40986588211581015,-0.001033672927369645,0.3097764645676549,0.24588133298074472,0.22628819441404985,0.2415129011035908,0.2777606160476977,0.33534524272635396,0.18820513487160534,0.14943873164373395,0.28185762363454747,0.04343822874430955,-0.03716087331124711,0.3407433548130151,-0.15865878163996816,0.06830590182647489,0.1793337389568346,-0.031811838650309586,0.2691254890041629,0.3169694468872268,0.23101931830735467,0.4114338943668513,0.14186898299969863,0.2302365025528563,0.28801065965331085,0.22576390479972408,0.11109040436419887,0.23188292665365512,0.21939469336646872,0.23024592349330072,0.1979173335375604,0.010478827995050934,0.43859426442750826,0.18139337562734897,0.35053433549652546,0.26250680315318203,0.20276165072753832,0.39559904706158217,0.31903464183766855,0.002382021977078027,0.25281247912964766,0.24771730822610374,0.15688550244502178,0.44029256066028677,0.19190510737725536,0.3461179619460048,0.19208753529845465,0.11596332565616059,0.2575558716946255,0.365871259690546,0.08273952748731092,0.3380544976565411,0.5012109176929571,0.16505714208764508,0.1902957637797792,0.16217485152737418,0.22969403926429605,0.17377801503659004,0.24025796352699139,0.054955587486466145,0.2639199502667998,0.49011484688498624,-0.02450148154698819,0.013243185096961756,0.19119790845908322,0.3240888091457931
26,0.08095898636497653,0.3513057612416231,0.07996796539095215,0.35506311711058464,0.07980560792143215,0.1412328239650933,0.07920275384263835,0.2235966861465708,0.4097264840598464,0.08279108507139847,0.3656067479048202,0.14290900541665116,0.05320447221045286,0.08545531721676713,0.15105492443062482,0.247782819382076,0.15692974609946983,0.19249237027484406,0.2929953343578227,0.03628385623357885,0.002389583355969941,0.32032255926295267,0.13528802145807156,0.11885683273127917,0.29386499946722444,0.3021084763325396,1.0,0.42925417107532216,0.18381929243654013,0.31858475210364834,0.11229256195094305,0.24413945143041946,0.14295891015670045,-0.01578557282026305,0.021872059620168117,0.26012306488125586,0.19303475982843116,0.2818616405042453,0.054505067088402234,0.02928501382227617,0.12324025778990012,0.009786330775907745,0.10770633951082252,0.1309416426529024,0.06956096136272161,0.10865422566014352,0.032217468371938104,0.2209560426955962,0.12761549146031673,0.023355617876542945,0.20134278602637057,0.11716425530072094,0.41862069284492914,0.20397960861078504,0.18183008279720678,0.1989862337901876,0.06843300295697385,0.009173346624156004,0.08345905192558727,0.18650768763334327,-0.029675526328342847,0.2354907760905784,0.00943953319460805,0.08193744288382945,0.1330451569354149,0.12302883044237747,0.12033127511481144,0.08673601532754556,0.4036138086439588,0.2830923160910037,0.07660542291673939,0.27750487139736285,0.3105955452150757,0.1157917382937818,0.019599247313520314,0.5259863236058033,0.055338875798964786,0.09543298196902567,0.16730671973167766,0.00870262785431782,0.4598946301905264,0.16354007731370954,0.12748512345009297,0.5150269891739455,0.0800072219676605,0.14935960956633054,0.07265379822730775,0.28413006385606704,0.049532079375900304,0.263436173037154,0.2515078177020687,0.027772114757954814,0.07407957324403898,0.11970979193061354,-0.05945087097725438,0.030288330303850513,0.13084584417177494,0.2896207030940427,0.11455837626715795,0.10684856741420647,0.17134595746779466,0.33524016597041334,0.10627843419755861,0.03697091103712631,0.18219222013139397,0.15808478287249597,0.17726615499755644,0.1843764757994227,-0.03899355857467129,0.22616085099191802,0.018865650680283688,0.21688127454420567,0.21338712909465943,0.23002392509705355
27,0.020436663445160555,0.24654073494637668,0.09701112354011886,0.2951986904455096,0.2307115378740869,0.21625132750270157,0.12999867563835604,0.3517432507129452,0.24339804549448732,0.18297163307593517,0.06714312263652701,0.061147859921802536,0.077518369149215,0.1037630737369879,0.340271202989742,0.33326534623365495,0.47009348161869857,0.3214028541767566,0.21874849433586616,0.12279591550964898,0.16815736561877492,0.25363501311431,0.1967539015858748,0.16033842087553882,0.4043903139113307,0.19744741810343328,0.42925417107532216,1.0,0.3950869658357367,0.26659225652078444,0.2677694373265054,0.14957947421311338,0.24249396485629784,0.07776512892619188,0.09905855240178105,0.2271819127918116,0.11704474345705948,0.2510567957181916,0.08786029813398916,0.01081142773198028,0.29599112854566884,0.1977306090712808,0.19200180483542098,0.13101863391666974,0.2339423848499184,0.18997503774314142,0.1165628896263976,0.3195917707622177,0.09800557288311554,0.1821074320086682,0.22471216786331952,0.06945636109561493,0.23576455394780313,0.12781668616731448,0.2247591809065533,0.1756057946450517,0.2249508714586489,0.1616541416742905,0.23984864840983844,0.26650226147045014,0.1352696371754915,0.26561889703549957,0.05974667034000492,0.23982641125605175,0.19285989132004724,0.18880622500501518,0.19169818709158373,0.12518356588740676,0.5733865963192266,0.16052641535287487,0.13605175533471783,0.21025903552184969,0.20643314581305708,0.1422522447325418,0.20152395110887567,0.4257254361086483,0.04614691520805466,0.22722164964156794,0.09245190695398917,0.1080715486750422,0.3910227284509471,0.11585766420362599,0.10908040427747964,0.44159133291906705,-0.016221831957861022,0.2250095108025461,0.06348806951231865,0.2330172855666633,0.07484589291164524,0.1346053362048495,0.4996174029087408,-0.022898589828573575,0.0611854471039198,0.15337312646353146,0.044215870360035,0.10132745323835574,0.29595304859975,0.33290162165222925,0.27467608289350975,0.09940674488409222,0.268970079135513,0.15382530937049915,0.11821629304764918,0.1564862116462442,0.19990740966833204,0.22121014668024186,0.27664672441447113,0.10687763056712521,0.04236145734810782,0.22465735525319888,0.1576662556064425,0.26856953417044344,0.23752444028701866,0.10210905623772627
28,0.09286718237255286,0.3611721362955545,0.2380414880658943,0.12385193424811816,0.3809708132620568,0.19108278985574514,0.3418197529004644,0.41901044601477777,0.096196080276557,0.16991021954330893,0.10386148453918194,0.17566108349680556,0.057835912191431756,0.13966244597425995,0.321429036108266,0.6231546600781619,0.267557825736906,0.4074693096564979,0.06551982029666473,0.44583679563765344,0.30631684637479273,0.20465668044020277,0.17407587486890108,0.3512673960992639,0.20642577450098715,0.2862882696343419,0.18381929243654013,0.3950869658357367,0.9999999999999999,0.027624156832008254,0.5315161519903457,0.11897968386782833,0.1957344920085796,0.18382401472356255,0.19329471272148435,-0.042984322164726876,0.16782305283224902,0.27431919735953847,0.14571888883343703,0.10339010202801457,0.49090521383171365,0.4950406256301088,0.11705270363893654,0.07969478627181428,0.3839469980600522,0.3735390170251303,0.2588887797352371,0.2537141028306242,0.22341553173441986,0.45494572612487866,0.06866384193906523,0.18725263128170094,0.1339771928878391,0.21785730766844832,0.36966211338545013,0.35176442684934944,0.20186052620497896,0.28498338148338376,0.42176152840397446,0.1434213663495641,0.38262438569454893,0.1816288316133708,0.19998512013528555,0.6381487032926833,0.29172545329278965,0.011310955647770663,0.325313095619323,0.15700008482989233,0.35913503030626215,0.20957502642481332,0.27467610020900335,0.09567543630443918,0.03806283241588651,0.09767688345939934,0.6601054930822874,0.18083777644554042,0.07127293409698107,0.4520725438771716,0.21768183536756017,0.2736004817273002,0.30650098715309254,0.06965422883605421,0.14617236295124236,0.44181222550777727,0.06273459959772697,0.32566582479538636,0.13179653105909578,0.2984642516052781,0.08660048415109317,0.09508639776703895,0.29321078122949906,-0.01090442097214022,0.13348963598128152,0.11425729174591667,0.126685075744187,0.13950412615095614,0.40300048365064955,0.23813109958819637,0.4270223484557099,0.12509510066129786,0.2697575162118799,-0.02257577431763589,0.32709918297686685,0.2935644694048776,0.2376559621606234,0.31158906036756673,0.32939176453704627,0.12796635851728932,0.10499049064588337,0.2311424229015644,0.12413815146170919,0.037235429841453636,0.22344973950586175,0.13963442193872325
29,0.0988069320146163,0.22852894689865993,-0.06891623384087447,0.20170523854393002,-0.017221905786228876,-0.044541166683011356,0.010367780087590345,0.14801713609782943,0.3547966231507555,0.007725769822730365,0.36867763544360377,0.049199116176625764,0.1283650667257213,0.09687151587708734,0.23245505693368168,-0.04145003659182086,0.13742010418699932,0.13693007287530115,0.14662620488009853,0.005966599997091594,-0.047795803848303675,0.3413884597316897,0.12275351139044563,0.042981205546290834,0.27401444833151356,0.31562022284814567,0.31858475210364834,0.2665922565207844,0.027624156832008254,1.0,-0.07548410229918626,0.24969631721118288,0.1391761253581009,-0.007063963970703127,0.07419773377817628,0.23094722790692446,0.14181081585306793,0.0153382948551355,0.02893503281876816,-0.06767843721419281,-0.030899324546377217,-0.07856676943887746,0.17494071743295808,0.283553974161045,-0.05828728840938151,0.20053434336829926,0.01384311813055824,0.1018634803918766,0.04832773280694975,-0.04509662545356267,0.22936330972336377,0.10961031869876575,0.12790278199840344,0.11025960726685718,0.11619209516853987,0.12075826989128835,0.036921099794928976,0.004443195101270275,-0.01329603065810067,0.13107228386533235,-0.09990353111054118,0.10645648686198005,0.0692032773360909,-0.10028460633399178,-0.01691609982273674,0.027494847830850704,-0.06890935373222506,0.10037217746203914,0.21480106684597539,0.09314271391927713,-0.0016249329377401298,0.2192039235794842,0.14746640897268284,0.10357484297919152,-0.03762054209625823,0.4647245487511377,-0.01872376668624774,-0.094203792277197,0.25952430144441296,-0.09682968148476563,0.30097990478163145,0.14156812061647528,0.11186808205800416,0.1256033438145325,0.11042095904933773,0.09136530657503607,0.122497279561923,0.28661637660733175,0.05105574642159239,0.40606187084790757,0.2763859243914199,0.1341578667182339,0.16503563990779105,0.06817331660026885,0.0470390673098186,-0.016415792101137396,-0.030304117961961252,0.1768590837491274,-0.07084548709845434,0.13620291835475049,0.03017392735888394,0.42036663587487894,-0.002834453369235059,-0.13068510104286685,0.134209964573091,-0.004765838913571599,0.019152453738834906,0.025969090776925743,0.05336432413122979,0.26346378056169406,-0.03826518673480816,0.19589437255405664,0.06926049832966395,0.1154602471768755
30,-0.013940063738093584,0.017968653299767972,0.3118585962407535,0.10966826513687303,0.47618483968585484,0.10734581596001744,0.21065989670977725,0.226157609757604,0.03653988326436424,0.22961624902704683,-0.012354175886174204,0.12638926253556784,0.0695908487211687,-0.002971623333996589,0.31376559638746343,0.44484709723873284,0.005112723658153386,0.10811110709215235,0.058645250114890135,0.43056695141492485,0.26653429483640717,0.1439125306585161,0.08233518312736049,0.20953548041540607,0.21878883775283495,0.19544602562904204,0.11229256195094305,0.2677694373265054,0.5315161519903457,-0.07548410229918626,0.9999999999999999,0.19997894547998452,0.16761840947315076,0.3429863046846225,0.036676267576427286,-0.09000541597254988,-0.006072791704963023,-0.05703991380575265,0.05704819636373143,-0.016479020408735792,0.8710882844617845,0.5801422822793032,-0.0018681333414021107,-0.05464690931675368,0.19129678997757674,0.13536410114866484,0.06272716773394263,0.029109265169017018,0.1373440759380448,0.21795070028239102,-0.014040471188598769,0.1541249230162936,0.024936254869243318,0.10998928080388641,0.08149485204581206,0.17251309650983654,0.3023845489962781,0.518928268411849,0.3632345190851579,-0.023148597897671003,0.12422741980813491,0.11187881949879687,-0.04761973560599318,0.3737731633815669,0.628310284155897,-0.04597107326673514,0.2844239591712716,0.1923532473969953,0.23297634799007977,0.1268260833557227,0.34200260817768174,0.07917660600841721,-0.03647845331191841,0.1339056257301533,0.5524779549623103,0.04059014736781057,0.10478527922959222,0.44398025763675736,0.035905822509857396,0.2616811275402759,0.17409819979295987,0.01016768752965998,0.1533687829737578,0.2989425947470633,-0.00041458130690222647,0.2682499085761786,0.06022821805188991,-0.10220568133972321,0.022542961050220696,0.03611215157660939,0.1393584971332328,-0.06151262525225435,0.1724382099469181,0.11596178777989387,0.039029610986136554,0.1121388315732678,0.695953074742496,0.15118109191345847,0.29234800496332425,0.14193751323650963,0.24155971964966483,-0.01562537373115858,0.5176229462987404,0.3314953097908154,0.02280136850764443,0.5268930569138298,0.4720139614144537,0.05428563714888233,0.06502073018763464,0.2051389069639594,0.02171063287426251,-0.13078291549241916,0.19205120739470574,0.08285745840168447
31,0.2442543945584718,0.1835242500639564,0.17519711845996197,0.13799619291379508,0.23181821648901546,0.3104468978438993,0.3787911546330449,0.2037719478873762,0.32935306714835016,0.5193845634278771,0.24844757149250188,0.5045458787740721,0.3582674066444045,0.1707765796588977,0.2196488452243846,0.1275875420026365,0.06554486816713966,-0.030588724267442316,0.26314782411918164,-0.00471522871957392,0.10142313999442072,0.1968894859775808,0.277819720403321,0.38929114464870596,0.21164736719365904,0.30816718330395343,0.24413945143041946,0.1495794742131134,0.11897968386782834,0.24969631721118285,0.19997894547998452,1.0,0.5213986682926206,0.2017568035077396,0.23102436330126175,0.25816539916525166,0.30112641139107565,-0.04475111169482745,0.03701265929001577,0.24294037380495964,0.3002497847837728,0.0831644102106057,0.03663887342317834,0.06690298937112694,0.15281112915876255,0.24995261770872618,0.12290642878443259,0.0616803828717495,0.469414703648274,0.0365385497761756,0.18684031126707676,0.46068440118255494,0.07402593280541392,0.41660321616315266,0.1588476694846628,0.13470912071295033,0.2508788315164863,0.23454190438994268,0.30945027432832567,0.15457764367902724,0.07247020979243965,0.4183119110908427,-0.08098214738807326,0.020618592069414122,0.33531638589029034,0.01921272854120567,0.2731885489908704,0.26642646927936925,0.2091221339361647,0.22840390693574017,0.15929517368418536,0.5731209744895799,0.2408580748874017,0.19528488063688582,0.0011742511516184676,0.24661961337673566,0.4446644328876245,0.16455516828117084,0.14947356672951517,0.002204242537631601,0.06001170815508923,0.36409819992772813,0.35564151952637524,0.16934522636203134,0.2667848957464572,0.4865631559610765,0.3292251615315685,-0.04250622595912073,0.3772132327958443,0.3265760351756692,0.08492133132083374,0.08529526837255647,0.33940981942268555,0.09625462515790702,0.2967066687667215,0.34783625725809936,0.3450231003908543,0.1960270858209655,0.11640882376674959,0.6627984779260558,0.24214390453689208,0.3590055803322868,0.16878370183343422,0.1557433446331972,0.04694302482563312,0.40709105421643493,0.2575955367761222,0.23992787770158858,0.18022679097851216,0.32834816487117924,0.05265403108203992,0.19279237498854715,0.24519113402298306,0.12515622708503973
32,0.29474374047366886,0.06492328292338,0.14709475532843738,0.16876753341821288,0.1864238391627374,0.1245672114058192,0.6222716371721646,0.17909523759531418,0.2157310686739196,0.3516305599304486,0.09554021637241655,0.5423156009104341,0.39130100774415494,0.2479670795897357,0.15526765966673192,0.14885775146119526,0.15589852735226112,0.11043524948390657,0.29980897848735233,0.02017626185807963,0.04756555198421603,0.14324145588465606,0.38414675748254024,0.27797009545024065,0.05036526633198195,0.49909889807800273,0.14295891015670045,0.24249396485629782,0.1957344920085796,0.1391761253581009,0.16761840947315076,0.5213986682926207,1.0,0.12669141611876797,0.43244626145422094,0.08099938537292119,0.33157394529791484,0.061129710563472474,-0.061003603589538054,0.5819471887045191,0.2482562320728493,0.0793133520851725,0.04936951105985706,0.11458223151904251,0.1464882669528336,0.275853576836091,0.26520063150754747,0.09650860324014818,0.3756527373123909,0.06617258935756162,0.2842284301750988,0.43038245806441316,0.1282615569293968,0.2780901064079965,0.18092738377710393,0.41562991918447423,0.22215329246949259,0.19155084784606327,0.4344611242191116,0.09605410331194644,0.025541955891491223,0.292968349285854,-0.0663502972237803,0.04803452537739245,0.23638088650691458,-0.04555181461452779,0.0788390713516933,0.29252522770665446,0.1965713974143297,0.1435939673053938,0.13380637858275787,0.4439856579732414,0.1985250222817899,0.13321212140962846,0.13007327628109264,0.2624335253682883,0.22472968711397662,0.10873140043385736,0.14215429237654026,-0.09153288811014487,0.14006033100025927,0.1842630239880136,0.2303449729599626,0.15526624575791975,0.1591334141596162,0.48129055315625735,0.27956712340956635,0.06932915403273934,0.4035974045217905,0.3045800978487278,0.09085324988533641,0.2031975027295311,0.2932458435920454,0.20775467051454008,0.36650459169941485,0.3601775910905242,0.27005716513134004,0.15142087297670065,0.10306900101911869,0.480621154966216,0.3928284170771885,0.31549883738508094,0.10740171571178815,0.06355876947813181,0.14463224404995198,0.197568653108085,0.17897463842457745,0.1805289397170683,0.4346571886473818,0.27953914248417333,-0.0295010928469553,0.08592705495218844,0.08142012377754536,0.12392510703123998
33,-0.026413566443630323,-0.058462307369919905,0.09591475101485195,-0.042940846303131774,0.5430034498708847,0.05920734522972012,0.10534301122040704,0.13718983240115615,-0.037567357250266616,0.1312988630587206,0.04768764068196372,0.13103445185505505,0.05811273491368038,-0.12113776038241011,0.2952885334469616,0.10373367626073145,0.04656365663576494,-0.018264709101312736,0.0013341654928053664,0.42153028394367087,0.3322635937883998,-0.022735926851040974,0.02679585576157815,0.11649952824202102,0.12235208318725133,0.12159065729152232,-0.01578557282026305,0.07776512892619186,0.18382401472356258,-0.007063963970703128,0.3429863046846225,0.20175680350773958,0.12669141611876797,1.0,0.0221695041209585,-0.09659848406641422,-0.0421719739754166,-0.1278732388505567,0.017907505748989788,-0.03567517724180581,0.3152638771243213,0.3602459671222125,-0.0005685455198538606,-0.02363272319917481,0.11459176700203069,-0.014024169940673443,-0.03643616484994487,-0.06307088997739742,0.03980460497731585,0.08618187119601825,-0.052405818647981085,0.07553626852850537,-0.08573611097408708,0.0849608764927714,0.01846377347626394,0.00033349949461460753,0.11840753934290797,0.48865236894344066,0.16685793037165672,-0.06380846297368568,0.07101180111522742,0.08023254960649034,-0.08785448237456886,0.22653424001786393,0.2194862691870955,0.010776106522069093,0.24722388854899435,0.08418567184712461,0.0625931528384678,0.010801947228383629,0.10702129184958709,0.12143952813677349,-0.10404357001572084,0.07949488406727732,0.12560420478280002,0.0038174438864553187,0.003043440879989527,0.5318703096884844,0.0009077322056639258,0.4014571464692341,-0.040484789305174046,0.07391778805706685,0.05440699607456436,0.09729038799571457,-0.05597273773405383,0.09684025452212831,0.015104189175140935,-0.03598247425219013,0.06084035456481799,0.03998377439768747,0.06578526846818138,-0.03997124514581233,0.15575220822316793,-0.03790879516234615,0.03844194167453878,0.0846969087400273,0.36232797539693945,-0.018923797044184815,0.15483919937931684,0.13322658835356269,0.020750189947987326,0.11801244706459356,0.13540283830570338,0.22608301835157804,-0.016102738137164105,0.16200144202792818,0.231053263107877,0.061802437786684476,0.03554123760699957,0.09402657052936217,0.038343150094598766,-0.06597172591323115,0.028542196803586443,-0.020846944916150707
34,0.21866544632945628,-0.033755071563428385,0.08889503552779812,0.01992633373340749,0.05170545223191214,0.048823390166819525,0.48098521112476295,0.008522974214130747,0.09762826675805965,0.1928701178682415,0.020411664070126765,0.461273866488342,0.48397175507574575,0.31244444075608446,0.07235366682972098,0.07338666620552121,0.019736257892354836,-0.004033018109304118,0.23948035188728747,-0.09198491977503503,-0.027539767877741254,0.04098458601917631,0.3968172015161658,0.14318174510647735,0.07682404670981947,0.3414945962459554,0.02187205962016812,0.09905855240178105,0.19329471272148438,0.07419773377817629,0.036676267576427286,0.23102436330126178,0.43244626145422094,0.022169504120958503,1.0,0.12926147940660643,0.2570088202916984,0.18915647956444576,-0.027295311404780996,0.4849012914390169,0.12231768631190813,-0.06607658650097044,0.013545120141891154,-0.019090614000527768,0.06264573426178607,0.4046719153434003,0.3824775994862814,0.000863771867772569,0.46810881935884735,-0.07080427870709756,0.20528786044652797,0.34861500311429816,0.3329754848228817,0.39730247203421687,0.30729686354026203,0.3609041607024297,0.09814543455555773,0.02548762383241182,0.26314846106547124,0.15556681381313217,-0.0659955425688609,0.18654324871612082,-0.1316586681194628,0.022681737239183736,0.1691001152690414,-0.116080224463271,0.08198279576027528,0.26346862582127395,0.1772884332607453,0.27082858763026774,0.05654455569865873,0.1805996335892077,0.22814667038518135,0.18946561782224344,0.018862913233628095,-0.01629415536873248,0.16322302377233688,0.031024047842976587,0.08161731335232328,-0.1023051064826288,0.09577123577017138,0.20644006242594018,0.3644045841008706,0.07166032206352557,0.4346045523012721,0.47652412685768103,0.6099098146914045,-0.045337158349921046,0.22012960012258703,0.14286960863597084,0.06994567117872955,0.3394508277288554,0.12517323526385077,0.178890025602033,0.42229267920339386,0.12841494657233068,0.20527122891075292,0.1446370703592842,0.019311970789820804,0.31757829654938663,0.4548702687935795,0.33745512670023214,0.05651944297720873,0.06564914154568213,0.19264282928184528,0.09085669156127031,0.11666284940956778,0.0511371853245926,0.5439493564327645,0.20255110285293948,0.056920263042725884,0.030567661744345873,0.06611460342982806,0.3830739464722251
35,0.046686132569037656,0.3325619129671308,0.06600461609001936,0.07039961724677193,-0.02497897662713865,0.23948470713652806,0.04276329658039305,0.15618923511854046,0.24148127920549572,0.1410201323819067,0.08261833707220201,0.14816979326949115,0.060416328351975725,0.10792898959930501,0.10457826616622963,0.0679664671844286,0.19888667790167772,0.11133890931695588,0.18220174652378676,-0.04975424713125544,-0.009966260931743541,0.16016067054706448,0.10543252729337522,0.23399595045023153,0.2318524798994378,0.1274700335148756,0.26012306488125586,0.2271819127918116,-0.042984322164726876,0.23094722790692446,-0.09000541597254987,0.25816539916525166,0.08099938537292119,-0.09659848406641422,0.12926147940660643,0.9999999999999999,0.2550829774670364,0.21082394329957493,0.29340776799553636,0.0012063621797887573,-0.01088158333485768,-0.014613392545707513,0.1405869241742895,0.0010402661578078395,0.19256832246102645,-0.02031125225312882,0.03201587028517686,0.32428268550466455,0.17269642048674744,-0.13648235036745276,0.08245569963576349,0.06201572490020578,0.15702791517786113,0.07989953617738009,0.14345808811977798,-0.014950550842336667,0.0349127058263583,0.07445758715078055,0.06298553890530785,0.43528819662315354,0.0962367978581858,0.14935473784191944,0.12424122901749698,-0.0925417497084288,0.06948207911334853,0.30276108081682235,0.1304805451576919,0.033959801428699136,0.38855192432656477,0.10139350793342969,0.06220283075068312,0.28385962658752434,0.35296263878145934,0.2611579233183695,-0.17510543189957573,0.24633348635291039,0.06810868899157116,0.08381862649026191,-0.07838032741444974,-0.02406427825364903,0.09970184923303418,0.2773610109671122,0.03270451098783594,0.27015691451600793,0.07549592310169688,0.09335497376025538,-0.007315747256443635,-0.042418636716273654,0.2298084791446047,0.11274905797964019,0.33494398971371775,-0.018269121820155325,0.15972982792006904,-0.009149491810626121,-0.03030699986547062,0.06306368329619107,0.044093173977394866,0.1663766689780728,0.15898727743463728,0.09899340263749337,0.07495713464304417,0.20151761165508858,0.07751999510745186,0.0003063365326018266,-0.025985013509621215,0.21216783381474374,0.04845347599391474,0.22966473505090393,0.04460283200870141,0.11419637676567944,0.21570961421181084,0.4477446263329279,0.32701086801927337,0.05543032561391244
36,0.3141508450063138,0.42655824770900597,0.1491792743170974,0.07811421107766732,0.09644512024949752,0.10206821910100689,0.3810275684453092,0.10976657457961353,0.3367935890331054,0.19868858827024674,0.13360429682885228,0.19877268908364604,0.19873568808123515,0.5271469121760908,0.06640839106641087,0.07702983924356913,0.025100112796377468,0.060075144118121204,0.5839276211458708,0.13674636202885881,-0.006651140039912407,0.20431071122821606,0.252210940246797,0.12288725641187109,0.0954410285535671,0.4638228585643816,0.19303475982843113,0.11704474345705948,0.16782305283224905,0.14181081585306793,-0.006072791704963022,0.30112641139107565,0.33157394529791484,-0.0421719739754166,0.25700882029169847,0.2550829774670364,0.9999999999999998,0.2860749981680963,-0.032578517291031825,0.27646387906256414,0.03422299133585991,0.09212638443556205,-0.055114041737342946,0.1586245118256348,0.06836012971918583,0.30499794968301425,0.26024988169565116,0.09098636954538823,0.4442692389718802,0.02039269433557477,0.29065865313896005,0.22690438921172096,0.25350265123975907,0.25910613341008226,0.2659210773258788,0.2320741019128644,0.11668201052335268,0.04350644273453388,0.2771945078385202,0.18582232589958275,0.1178161830098711,0.3224019053173778,-0.09922979213441645,0.06345594653813241,0.0036374505306429766,-0.09527039199844108,0.039492454401352774,0.17416511364067566,0.123208464769938,0.24448850960079566,0.0965565765747439,0.19889088877172845,0.5765522169769423,0.24819618278953745,0.16492260791783087,0.17838483360844426,0.26226681789980677,0.02118359120111466,0.26846142460942457,0.03944702863813636,0.2100591568845903,0.016301276276392957,0.16195099665426915,0.11322130446273117,0.2818527038979827,0.3546379100767571,0.24452394383842374,0.04957387651651042,0.4268405131451128,0.34430122222893084,0.0853027127940234,0.33821735256568763,0.11951095417730484,0.392728182975132,0.1465938594430397,0.1811827326014651,0.09528381179335992,0.18355904117128327,0.06320181216975256,0.25673202351420144,0.32061218723589513,0.037440753512063586,0.11815692764111023,-0.0853485238016909,0.22859327484847072,0.25996401695568017,0.0289375737818171,0.051214563337693746,0.16487824195227904,0.37216611895340096,-0.06957914649801031,0.1708301208028664,-0.004240997513489292,0.155487498516604
37,0.16801285517043804,0.4182834330991518,0.0751449313231747,0.20034696506917624,-0.05352808115438163,0.04724400708779341,0.050819483811057935,0.1300023523327737,0.17906575361131583,0.05138464410129896,0.0830470726481496,0.09795573245210941,0.03163324680040384,0.24252455200696293,0.029950163385340237,0.08864190033508887,0.18148570524029617,0.237490767437232,0.1474962898142625,0.1841889430363968,-0.059856814401045434,0.1278738545124184,0.05827024644384927,0.03490055693502968,0.059510818642975465,0.018806652848763837,0.28186164050424534,0.2510567957181916,0.27431919735953847,0.015338294855135501,-0.05703991380575265,-0.04475111169482744,0.061129710563472474,-0.1278732388505567,0.18915647956444576,0.21082394329957493,0.2860749981680963,1.0,0.1406556254776592,0.030567857097593992,-0.08609987808489569,-0.007383788350739746,0.2915552723295339,0.09006533544446772,0.05176032134813716,0.19881286613397645,0.2447028450609489,0.25621555851026145,0.06223691228280107,0.10811260698881094,0.13051339968366432,-0.021377886520262172,0.6229376912568974,0.10528055526975165,0.26499209379160005,0.14985940001009362,-0.03493611248440335,-0.09054192622921851,0.16625136625016834,0.3816909172032545,0.14753729552671938,0.0718596218432827,0.17476463442846937,0.09142818657256434,-0.14335011049374363,0.05070991073628417,-0.0836723152276719,0.010827410149460832,0.3897626500966191,0.15170320000835558,0.010217679757829012,0.07397899569349821,0.30132547016512795,0.1311956450569712,0.15958041169554008,0.19868612792146612,0.055421842031780404,-0.04318296822816898,0.1399114795639126,0.07340814459048103,0.20902734041531823,-0.04520470003541452,0.0760140318471722,0.11606591037120986,0.041052125259111324,0.11606716034456356,0.10322138221535207,0.28928487603667913,0.19865452079959042,0.19416817921461604,0.23625661366307368,0.14207137775737505,0.08936318992518859,0.0913117129845693,0.03948611276235952,0.025749757542186325,-0.07662181918030433,0.13151091461295578,0.12228933198123036,0.019974565312513636,0.10942886427741816,0.05681937162441842,-0.07177619498436741,-0.10138322999072072,0.18566969559655833,0.0685473804883016,-0.023000525351378944,0.10126494544074419,0.09472982612476294,0.13563480489272264,0.010007214933926823,0.2581823871137716,-0.0010572455503606367,-0.06195003186928054
38,-0.11988280860964376,0.07436912114954998,-0.06627043905584971,-0.08953063422674792,0.009388930618883573,0.14017718967615,-0.09077084510077113,0.4758984005728574,-0.07952410745655118,0.052135591784052186,-0.015536835619488445,0.01554055191255519,-0.09483618705438447,-0.11642188807826286,0.14027481302097317,0.3309598158784505,0.22707262549940038,0.06537861691574383,0.019614112827715923,0.023595586553862364,0.06468382703340077,0.013951707171826358,-0.10652383708964577,0.29421778545685556,0.13215236639807287,-0.04319271093580359,0.054505067088402234,0.08786029813398914,0.145718888833437,0.02893503281876816,0.05704819636373143,0.037012659290015765,-0.06100360358953806,0.017907505748989788,-0.027295311404780993,0.29340776799553636,-0.032578517291031825,0.14065562547765917,1.0,-0.1167441872048934,-0.0007566325555646222,-0.013919173687731849,0.10112340230751876,-0.005587597066263333,0.37895353920395625,-0.08827821596209455,-0.04051116394273386,0.2557981787129597,-0.010863339288307756,0.07337219742130777,-0.06410630226459198,-0.10638971774880629,-0.02348194654735386,-0.04839522608741576,0.016677797539238003,-0.051012233851265104,0.0353440409615468,0.051508712065881236,0.11050207247773397,0.26856242454862256,0.3854179160801221,-0.060303802842228076,0.31188150177599167,0.062110765431441096,-0.007969866726784023,0.48555013802667685,0.14700532116208223,-0.014774053210542827,0.10096641603085861,-0.12067367665327905,0.09784996469163408,0.07413387976786079,-0.023576118958470865,0.2164478039311776,0.019976949388437387,-0.009533182926703377,0.03671274174892709,0.08602890605036154,0.036424820502816806,0.16237893223161687,-0.0536383497040306,0.3178185039969596,-0.09443924938665622,0.24821711080637454,-0.15793743515964578,0.052698892033586416,-0.07281227297639317,-0.015366892620244734,0.055280248918565165,-0.03296300187579817,0.25689275981751847,-0.10628593208216708,0.22097961631970034,-0.06791960884441005,-0.004948872873679032,0.08738775772777194,0.035954150643484534,-0.11051222485756679,0.38618880693707364,-0.0165651044677783,-0.08964206376033097,0.029664769741909385,-0.036418469863029705,0.07414055520112019,-0.07781578823259858,0.002252279540086106,0.13235037507003722,0.5138974413240825,-0.012627307731029434,0.0224857114093286,0.3416949172995979,0.3424361748536696,0.46614131527625124,-0.10115146368519097
39,0.28573811016905415,-0.007594794978243602,-0.04634061272151226,0.019654739296566297,0.007549541360349998,-0.011798834258165,0.6065659826501366,-0.012978861315378854,0.14557361013116754,0.13616160304713756,0.046721846931109645,0.483130253463441,0.40382346962769694,0.3397272712369082,-0.04367103812960013,0.10727393119785954,-0.10060210710206781,-0.01048474289700236,0.18588781408408156,-0.11628905415573765,-0.06037449580580308,0.06368492709492207,0.38834210025402005,0.0718208310460775,-0.082622214016151,0.39192111512235844,0.02928501382227617,0.01081142773198028,0.10339010202801457,-0.06767843721419281,-0.016479020408735792,0.24294037380495964,0.5819471887045191,-0.03567517724180581,0.4849012914390169,0.0012063621797887573,0.27646387906256414,0.030567857097593985,-0.11674418720489338,1.0,0.03861278292343215,-0.01613564795232795,-0.07271894804890616,0.06895646228665848,0.062463387998931495,0.2788814928016762,0.5606110145308878,0.06740842477371568,0.598855147820159,-0.07055615405279629,0.1963846704311932,0.3584350340088516,0.08485941559349672,0.4184041537586913,0.2140864177213887,0.3872013037825842,-0.012312432784704444,0.03980704740896737,0.21136312868442658,-0.10421403014586174,-0.05266737456559021,0.23820594834701928,-0.13097360071663397,-0.002456628767185091,0.02186196560132099,-0.1642942635586818,-0.015381343745549269,0.205120587853955,0.04163606062311975,0.28835392184045144,0.009227946427631393,0.18622924870761134,0.24319575610055974,0.0970785183974125,0.09444970200480395,0.06186190481304468,0.2328041629355159,-0.035814445076725744,0.08528698340433497,-0.1633051555065051,0.08727760599604112,0.03471105279204377,0.28113365613379676,0.10454339794358859,0.3018692702031205,0.44013202431561294,0.3626326931346625,0.010717770776967585,0.31532517050616926,0.016924944460842844,-0.07464219351349653,0.34329597896962066,0.0955985943720037,0.348493264106533,0.4510133794782017,0.1921839887236905,0.09362724189702003,0.16879007131890247,-0.04519258494246475,0.5276722642062598,0.45254687411087013,0.0683446725564687,-0.08828541718918477,-0.04671941884164392,0.1845615032591475,0.035289569545778145,0.024783714095242007,-0.06883532971526941,0.4669634540184176,0.2214093951194267,-0.15159668142939564,-0.07940979279503883,0.020548851240026558,0.3091767462824839
40,-0.0495491742252005,0.028721482462130573,0.24982073774534566,0.11846089082740377,0.4617508024434719,0.14881603545147737,0.2715056389989739,0.23144959201469256,0.08726624045454741,0.2180791716645516,0.017884942381153818,0.19314789804271815,0.12755400746072346,0.020439022039338367,0.3146637900409074,0.3818859163125937,0.024063683811395238,0.08664890891103796,0.13616796256964792,0.37194705000476647,0.2923485509438577,0.1512430837111514,0.16047124442625815,0.25687997528390993,0.25399880427983806,0.2441282532265112,0.12324025778990014,0.29599112854566884,0.49090521383171365,-0.030899324546377217,0.8710882844617845,0.30024978478377273,0.24825623207284933,0.3152638771243213,0.12231768631190813,-0.01088158333485768,0.03422299133585991,-0.08609987808489569,-0.0007566325555646223,0.03861278292343215,1.0,0.6297902017123083,-0.00041848510597171845,-0.0327068550564862,0.20966481563882777,0.11159893473244999,0.0746532550826192,0.04815943094069956,0.18417393636350757,0.200888599381234,0.07925302342309255,0.17256423773623403,0.043382081953128294,0.16590652054119068,0.11948210509620846,0.167655231938437,0.32972226456175413,0.47901621365744146,0.3041623695588972,-0.005922972523986973,0.08066730033862868,0.22635206417573694,-0.08682155727207076,0.3662608986979637,0.6908908759954723,-0.0437497724410698,0.32904495161936104,0.15530461018496824,0.2630394317984889,0.15700736574374646,0.2655805185100713,0.196421642757705,0.0477431748471188,0.15838378650906526,0.4565788413684124,0.02051639568618432,0.09603652678521761,0.4460654057065846,-0.01564117745665436,0.1958759035991451,0.1735423021098752,0.15510627157746704,0.16908975619217506,0.24484849665057165,0.019042903326754936,0.283544088293953,0.08274255702648595,-0.06893574363731822,0.04076239764502302,0.08602085878124817,0.12291581599615096,-0.06047424791422544,0.17846525164498006,0.09371416089956935,0.0320274652265186,0.10665902575459982,0.614574985795301,0.17019265082185445,0.2510821527423013,0.21311168643838685,0.2628434713284374,0.09263434964832105,0.44215935260813455,0.302600633691492,0.044408527963211104,0.5313448591939747,0.47320924720071916,0.08727564887199107,0.05764480486085001,0.19187997253467487,-0.00619721084261328,-0.1051395514073103,0.22362885357973036,0.08021853702400301
41,-0.020568243719824717,0.1642070862260716,0.40491781562374063,-0.008716017370825325,0.400465136105393,0.11650288914866039,0.23906584490389649,0.1252235998090029,0.013089441511171397,0.07327305169117793,0.0194644655897803,0.011191155362962064,-0.004471727080891253,-0.004499673623492358,0.2310416003810952,0.32776353305727557,0.0839011083037808,0.21772346654395938,-0.005004065568741064,0.7168059120146333,0.33199188278936087,0.0908972973533713,0.011077795510213652,0.09762165610451494,0.12169773315343727,0.05812007147918029,0.009786330775907747,0.19773060907128076,0.4950406256301088,-0.07856676943887744,0.5801422822793031,0.08316441021060568,0.0793133520851725,0.3602459671222126,-0.06607658650097044,-0.014613392545707513,0.09212638443556205,-0.007383788350739746,-0.013919173687731849,-0.01613564795232795,0.6297902017123083,1.0,-0.08366723282232072,-0.023852325803675464,0.27274171789650614,0.08988119667162367,0.07326549201764253,0.13414647176562255,0.13195665999624862,0.3606670680432951,-0.009826207521405252,0.1067922581531013,-0.044161817290493365,0.03818301428199846,0.16975154342017112,0.14008614261825614,0.14586334962428363,0.3901336827995398,0.24703416786636098,0.02876215628574697,0.32848031154423135,0.03877355136562386,-0.0054999416576535405,0.5062378199632455,0.4493586143631358,-0.06700804676013715,0.25136036230184367,0.0905472980292434,0.19371119250112023,0.014385519042946365,0.20818781420479548,0.03204798619443371,-0.004575833365844604,0.1494474951200719,0.5159639939997303,-0.0443178577877971,0.027073816679309706,0.45675430179165377,-0.0042621336156212965,0.31786970355007993,0.052828809457342654,-0.05649982001951712,-0.006304974433301333,0.16680854481601554,-0.07182403345900588,0.21010424320360271,-0.08596317382293862,-0.022274351418622284,0.11247643586534907,0.03820376625947009,0.08782313333938548,-0.11432405456590401,0.16364274170753543,0.06573019393273404,0.036132778150204346,0.05886388147067064,0.43321139440991324,0.014721262502665184,0.3632750002572579,0.09839191079584714,0.09601263388611049,-0.07720069717842062,0.3758785100556932,0.2682470939733341,-0.007964550270670534,0.6371260712134619,0.25183559937719174,0.015204318913329653,-0.04686621759637842,0.044078446999769275,0.017296332549905716,-0.0864409983625214,0.056697991438790264,-0.020506345157308217
42,-0.09177455947677904,0.09586633619425558,-0.06963928951002646,0.31251739534829137,0.05180939843905227,0.21248652607679575,-0.03599652272443731,0.257459090305887,0.036335666127581955,0.09236159808952332,0.1899492271556812,0.08244448377777304,-0.03381144468952856,-0.04779298865451954,0.16298807473381563,0.041688935041553486,0.2573827193208948,0.40906941268670316,-0.047624023008282265,-0.09709847982685035,0.020493882040733123,0.12220038779862355,-0.03491051418944194,0.19289244910141848,0.21103009417112695,0.07760755906493394,0.10770633951082251,0.192001804835421,0.11705270363893654,0.17494071743295808,-0.001868133341402111,0.03663887342317834,0.04936951105985706,-0.0005685455198538606,0.013545120141891156,0.1405869241742895,-0.055114041737342946,0.2915552723295339,0.10112340230751876,-0.07271894804890616,-0.00041848510597171845,-0.08366723282232072,1.0,0.05715621729828739,0.16099816245484114,-0.10287932154728822,-0.06557621308922186,0.4054010935001042,-0.046433492418494066,0.008473194652174379,0.03835503133593937,-0.034883470459383385,0.14058468398602836,-0.011221221011244769,0.010955669525235363,-0.08341635078869183,0.08587949666786675,-0.02786433269470857,0.07675981913556543,0.37957978910960555,-0.1078744874955714,-0.012046482025937158,0.2708469772145751,-0.012570442518266027,0.003320776156229652,0.1947824982030444,0.07560788799453927,0.058940514965030784,0.4355328076580156,-0.008654948365575971,0.07279373834940318,0.16865773524100075,-0.008561704643908265,0.10953729808490509,-0.016125302896120675,0.28688988841047763,-0.0016311951541055755,-0.0077089754260473795,-0.00606744312985046,-0.08564922904094184,0.14547694420640359,0.2606503278064389,0.06398631641350033,0.19567594322635584,-0.07133266027743969,-0.03618446917014623,0.027775872632964695,0.01583922639749585,-0.004937770355499363,0.08892825766121834,0.30386925578150636,-0.022547434823604502,0.12496117428384772,0.030611961509150184,-0.03963232056536931,0.06804777057209975,-0.03539275588812305,0.06344143925477215,0.04281902801350178,0.00415004779270507,0.0332670139990301,0.11474855450318572,-0.010682346233993497,0.07237963034411744,-0.04737666654983465,-0.06478857713044715,0.06833311498445337,0.13998666853818673,0.005685434250607347,0.11401824642348607,0.03816048356079281,0.17040806167555098,0.31794881978202844,-0.06771847307003068
43,0.2542610900762346,0.29148055527831057,-0.07075423060343132,0.4095430149633013,0.036654301908664144,-0.04313296035806697,0.03307961101043596,0.0748031315035503,0.2042919711955031,0.09879294896123905,0.3272564290450777,-0.020603114337879643,-0.014066513290268689,0.046053837239426305,0.05835856379350131,0.10662159999112877,0.10188187026906441,0.16852777173224637,0.21021718954746393,-0.006963215568509068,0.08460440556681811,0.33731951518637343,0.16040234193494946,-0.032222025509022915,0.03662747130607252,0.15522278377697382,0.1309416426529024,0.13101863391666974,0.07969478627181427,0.283553974161045,-0.05464690931675368,0.06690298937112694,0.11458223151904251,-0.02363272319917481,-0.019090614000527768,0.0010402661578078395,0.1586245118256348,0.09006533544446774,-0.005587597066263333,0.06895646228665848,-0.0327068550564862,-0.02385232580367546,0.05715621729828738,1.0,0.09063145095187107,0.3467731104602101,0.1822874252466133,0.0066395834399372465,0.07969511230324712,0.06185683899756412,0.4800824070324874,0.05809325994867657,0.13420635217175292,0.02952483393048886,0.13725347692985426,0.1307653211952158,0.0152934844561185,-0.08183069141498928,0.1598158430859863,-0.006120001818936586,0.01916066533352208,0.29515840249478903,-0.004151616071659515,-0.03749260186521494,-0.13098268412257824,-0.08036403372956451,-0.023075781267912588,0.13856585353589115,0.1253355561764637,0.25543517135154203,-0.054252568410740054,0.20861673794846242,0.1982364085116016,0.014658195230885109,0.043039439191558004,0.34771218537300425,0.03587157657164745,-0.03702034494777938,0.6109846910590596,-0.13041055394412499,0.2993732962994215,0.08211677649281576,0.12737352123593332,0.09121201226894729,0.07475840863461822,0.06472326766895285,0.015011748496666023,0.27652018645534754,0.11715250143991236,0.4229653700825628,0.08060287642614744,0.16829032886964068,0.04303598830213808,0.32172222373206877,-0.036976034267398455,0.05840622188198486,-0.03736932103629544,0.5232474085556796,0.08724343827565746,0.018538221530915677,0.12995407000826958,0.35406652652064513,-0.10354398120812652,-0.053621687814869416,0.6148729685845689,-0.012853309374258989,-0.007956116975500426,0.021435101079785194,-0.07791468399153635,0.39743554178434026,-0.05690481377935986,0.22596337174363745,0.05352318550380825,0.11295458684148078
44,-0.06557117903601015,0.14463514815242448,0.05566190133656646,0.07266671933650048,0.20656702741691843,0.43300059670092206,0.18178598643252813,0.4903810834854854,0.15357262748527054,0.05682039020619934,0.138046146659055,0.14256808882433303,0.10728408028437295,0.02214360837682802,0.16191535679108895,0.38402802783943485,0.2604077738115482,0.25709635538196346,0.0076860972233866506,0.16520752950437323,0.16715262273084003,0.202747842928363,0.040876697966038766,0.32415679827826316,0.11725811008026471,0.11910846734794153,0.0695609613627216,0.2339423848499184,0.3839469980600522,-0.05828728840938151,0.19129678997757676,0.15281112915876258,0.1464882669528336,0.1145917670020307,0.06264573426178607,0.19256832246102645,0.06836012971918583,0.05176032134813717,0.37895353920395625,0.062463387998931495,0.20966481563882777,0.27274171789650614,0.1609981624548411,0.09063145095187107,1.0,0.06701899965161429,0.10662691225089041,0.402991785356389,0.12194606109562148,0.1570857609741112,0.0014247704350666356,0.029159334385530616,-0.004208989955503802,0.0543351805009204,0.1767792292021216,0.23316091396513838,0.08867034177378066,0.17703932907586561,0.15208420291895297,0.24605436818873172,0.3724181862401937,0.12840027466730772,0.2720255926935233,0.30120595391591654,0.19064117157831548,0.42633352954348774,0.27695541057084755,0.0032177989263684464,0.3774080257228178,0.06847869294988425,0.10586395973325037,0.2404301137028569,0.02722562162982418,0.03709509004555658,0.2127348974428972,-0.003668827358025796,0.026589067622913746,0.2602287965026026,0.016788491094556848,0.1525122926588285,0.1281696599597003,0.26391660690100366,0.008546057649387226,0.43426590255488573,-0.08434593300706382,0.22446062957774024,-0.010358710598999196,0.00339936574905391,0.005515439753002986,0.08393842716226749,0.33155276882263723,-0.09975767249157427,0.12318848167006703,0.028495844366709263,0.036791861006128405,0.053699014735904584,0.2295829750023228,0.04115181671597402,0.6239849228581655,0.11849097808879715,0.23354620756716574,-0.00028237742884907414,0.04709663403313574,0.12545355751107215,0.07967299420370197,0.17674503547300752,0.17759413079934078,0.5123960078189567,0.028043147788135932,0.05383918856990196,0.24875194411357868,0.11115906773966673,0.42351199984104476,-0.03287719470343674
45,0.4638160579574096,0.13533510117306904,0.06782004543684224,0.3125793162832874,0.16607905077120017,-0.04515686408521233,0.35502712274190035,0.05612272996396323,0.2846490895152999,0.16487407192433964,0.13887391621394354,0.24228274981494904,0.2747481242777545,0.3215689909149744,0.020997451989878322,0.25033974531021813,0.02597453843935231,0.04979508103859763,0.3326484822175248,0.09293293142788675,0.017198192373933382,0.3107968499336414,0.26870161853192487,0.05435607610612284,0.017716191961296944,0.36793785518314537,0.10865422566014352,0.18997503774314142,0.3735390170251303,0.20053434336829926,0.13536410114866484,0.24995261770872615,0.27585357683609096,-0.014024169940673441,0.40467191534340025,-0.02031125225312882,0.30499794968301425,0.19881286613397645,-0.08827821596209455,0.2788814928016762,0.11159893473244997,0.08988119667162366,-0.10287932154728822,0.3467731104602101,0.06701899965161427,1.0,0.26372660108579793,0.056840786127719124,0.24007464201255968,0.07585940247658643,0.5605185554233404,0.3252361295324006,0.2763915093812705,0.340911027331219,0.3011240551357379,0.35213162230553546,0.13392277882936166,-0.001396339126513544,0.2985679871983805,-0.019108614627109166,0.047960058439871486,0.4598958843207474,-0.12101590529038575,0.1683912146456679,0.07288378412624832,-0.17533182515738155,0.05663849289297084,0.2092221763399356,0.10115577209670303,0.44723282905200407,0.0750040067338502,0.2069804677117599,0.3306166899615125,0.09510471369400651,0.22225268423614,0.1149279945953586,0.179667103326316,0.0883008073760022,0.40443298763979524,-0.04567681707668325,0.30301149851647247,0.005292452869486939,0.39519082663727645,0.12661385277974274,0.29317139068054704,0.39145976999258003,0.40971107574786153,0.139886059358151,0.15914791939396927,0.33807427738389134,0.05304998647768045,0.2606405251088732,0.06930313269849779,0.39956179839293565,0.2510920437662795,0.20469448144611285,0.1775278310460519,0.46749707470043816,0.0689345714801875,0.20091281182513296,0.46364844882670875,0.10857435606515778,0.0055440600456672555,0.024517039884092498,0.5294349524006076,0.13407512287923137,0.12743893175793844,-0.09862546932063157,0.17803991936498717,0.5074488534784792,0.01336288084606479,0.0022213075870318915,0.0389886911777181,0.37956138882859997
46,0.4285794320911229,0.12685020942928976,0.11954645388549877,0.0023354770087421696,0.0405860130258111,-0.01295750675109068,0.4357178264307662,-0.00913520850218034,0.12253308079576666,0.11536567141428188,0.07044830252353688,0.3053480460702372,0.27314705729964434,0.45221205135397513,0.023199905892872914,0.14838933209421995,0.012167897359992335,0.0471590998095958,0.3455921842350448,0.10920324441767014,-0.009071227500893769,0.17832952175408176,0.48556959952910755,0.013838660338767673,0.033403511373656186,0.27845543461154154,0.032217468371938104,0.1165628896263976,0.2588887797352371,0.01384311813055824,0.06272716773394262,0.12290642878443257,0.26520063150754747,-0.03643616484994487,0.3824775994862814,0.03201587028517686,0.26024988169565116,0.24470284506094891,-0.040511163942733866,0.5606110145308878,0.07465325508261919,0.07326549201764253,-0.06557621308922186,0.1822874252466133,0.10662691225089041,0.26372660108579793,1.0,0.06637837591652074,0.543239432129152,0.030981786025142528,0.06531685818110955,0.20316477184366066,0.27155380239432764,0.5138982835452075,0.39041724082339946,0.5573993667408692,0.028591182645057448,0.04874927826939976,0.254467834827076,-0.01493005641896889,0.045125582073921824,0.08299566896361861,-0.1410885406846536,0.06142588013145097,-0.02161590747131614,-0.17717055495969872,-0.025942273897184526,0.24535090568267046,0.09182831731067782,0.3253738562760936,0.08268027053695594,0.05678555821421921,0.26448744783993733,0.09742616567616154,0.24847657668954964,0.09003693576465072,0.18039626158802777,0.01603661154626243,0.19886130615241687,-0.043218276088329774,0.0649486182056537,-0.05150584569519818,0.43073111824504506,0.00491675613269236,0.3439289918851447,0.31217024652311315,0.27884918001765796,0.11333976355962667,0.2429430106639996,0.1644939665133526,0.04752491681901832,0.49572692064535223,0.07248408369035357,0.31252094877460107,0.37692679142061775,0.11477614198546489,0.07247408599503118,0.37443205534928764,0.053103556054792174,0.30194687049322444,0.44069514590797404,0.0382801363689195,0.01020974413898767,-0.015380416541312093,0.2778200949057306,0.14721616542268226,0.04969314081685624,-0.051191021147983205,0.30422433094385454,0.2679696235153201,-0.11289316257010489,0.08042614152273474,0.004009972325754821,0.31786043254897284
47,-0.06363437283179271,0.26090066594312455,0.015056564084268259,0.0980723657996071,0.04872558693564804,0.24839713910719866,0.13404182819523963,0.2395047763191877,0.18831194020952047,-0.03130801015222841,0.16683688864258914,0.05649118838568449,-0.05589052230435488,0.04108445972835907,0.16137729017717042,0.2350500300775964,0.2611020611214418,0.3540472713453187,0.06508073577958066,0.12456396430534505,0.011596455586085717,0.3206099495064078,0.039202391196361985,0.25767261101896327,0.2147690797909633,0.1158447635575662,0.2209560426955962,0.3195917707622176,0.2537141028306242,0.10186348039187662,0.029109265169017014,0.061680382871749505,0.09650860324014818,-0.06307088997739742,0.000863771867772569,0.3242826855046646,0.09098636954538823,0.2562155585102614,0.25579817871295973,0.06740842477371568,0.04815943094069956,0.13414647176562255,0.4054010935001042,0.0066395834399372465,0.40299178535638897,0.05684078612771912,0.06637837591652074,1.0,0.06949847777694933,0.17253695490376494,0.18644793621111444,-0.04429235910692711,0.04146706816788683,0.05881319974214936,0.11865720406025844,0.17373597474595115,0.05048457484643169,0.0237650513303088,0.05758479953336818,0.559807722779246,0.171541427241113,0.09818476386329464,0.37639363583804475,0.21029555263312383,0.09068749979338948,0.33511905299587813,0.14542105141079997,-0.020097609139936495,0.4498660546003763,-0.061631688561229574,0.045158920797185906,0.2745109514546798,0.12671280438423135,0.19132212495102535,0.16094778119446193,0.10532631428205655,0.02724910928188724,0.1125652579312715,-0.07770632405884279,-0.028965796173036847,0.2572839012612235,0.12812422046920577,-0.10098149488281767,0.38881150800305275,-0.05417225351742267,0.14142155529131456,-0.06818842458035898,0.17621791802629436,0.05446675972958252,0.02800077707269832,0.2357571551715021,0.001062856141966053,0.05346951488629105,-0.032979062429814764,0.020388530981598183,0.013220349861131298,0.08198661398181067,0.009615190872380164,0.2821223576225058,0.08444951950658208,0.06974062962720966,-0.029535780034171843,-7.550411720427921e-05,0.05521710462191956,0.03244838666601981,0.10273515711085374,0.09426776267409247,0.17446330207532215,-0.062005708893287666,0.005862358855261875,0.07499934484666228,0.16555471602737887,0.30267572561649153,0.014766559616872777
48,0.36065828485871854,0.19217415753413772,0.142204284347308,0.08244938305638845,0.14277245778739317,0.15515012563713537,0.5878609337664398,0.05087902809180843,0.20732353366153308,0.3207951599381386,0.07349895910628959,0.36833770505987484,0.29791178632167054,0.4294311058202869,0.1132794143480052,0.1996023412197221,-0.029146033086923206,-0.020081912281905506,0.32393033508207,0.05830315619335661,0.09182069386979391,0.1117338019462279,0.5195262085038417,0.13468836420631725,0.24269649766691764,0.40986588211581015,0.12761549146031675,0.09800557288311552,0.2234155317344199,0.04832773280694975,0.13734407593804476,0.469414703648274,0.3756527373123909,0.03980460497731585,0.4681088193588474,0.17269642048674744,0.4442692389718802,0.06223691228280107,-0.010863339288307756,0.598855147820159,0.18417393636350757,0.13195665999624862,-0.046433492418494066,0.0796951123032471,0.12194606109562146,0.24007464201255968,0.543239432129152,0.06949847777694933,0.9999999999999998,0.03566825072632479,0.16232825114072347,0.49174820883389037,0.15708386149285142,0.4117443897642448,0.34162766324765065,0.3658175932035872,0.12815672487468735,0.11713555862338984,0.3315102141005625,0.05372265822891392,0.047043824574680176,0.16133372265009538,-0.1693994056186909,0.11127473542644625,0.09490883042894636,-0.14455028739725723,0.20914098276733628,0.49951381679422513,0.19802834106125392,0.32708853344046457,0.12034859043262756,0.14390818388895474,0.2986802846153924,0.3740117286501799,0.14538971319528796,0.0647645682224206,0.4946236672206833,0.11040664742782813,0.181601103164913,0.033043705019330794,0.1502577001845631,0.09503725799128462,0.447709609550871,0.13487211135326516,0.5377884231627027,0.562705590089617,0.4164580321960912,-0.023573605104097384,0.35775552472750505,0.11495762341536415,0.026946522359259015,0.37879113173962176,0.1991358085413784,0.40990246883727177,0.4490730773685475,0.19519822790811006,0.22575597898432045,0.1960948317568227,0.1132118291845641,0.6270167388215789,0.4856319610002997,0.12163805816090353,0.15396462179074863,0.1093006923559025,0.1754696561593731,0.2860053175186625,0.17784423657957468,0.007284608661290383,0.31266348620901113,0.2738822372420054,-0.03902569486167229,0.09502786438333982,0.10083122056982172,0.42810011660154046
49,0.024669488390139833,0.22140335956613702,0.07295432389462249,-0.047526806321791196,0.20243492924790293,0.05955795140790986,0.139900980157386,0.11313503541022907,-0.003096180378910252,0.1315358419012495,0.01110558384742213,0.057790191626296214,-0.07246800712258446,-0.04551238836001571,0.38404495041710923,0.21258431892331897,0.319074647280075,0.255627695359113,-0.052216982565655344,0.4308643881037469,0.26939873083595023,0.013032340685030643,-0.040467720891329856,0.14177394530432966,0.23127389207845375,-0.001033672927369645,0.023355617876542945,0.1821074320086682,0.45494572612487866,-0.04509662545356267,0.21795070028239102,0.036538549776175606,0.06617258935756162,0.08618187119601825,-0.07080427870709756,-0.13648235036745276,0.02039269433557477,0.10811260698881094,0.07337219742130777,-0.07055615405279629,0.200888599381234,0.3606670680432951,0.008473194652174379,0.06185683899756412,0.1570857609741112,0.07585940247658643,0.030981786025142528,0.17253695490376494,0.03566825072632479,1.0,-0.05162011521587447,0.0036236617113744114,-0.04693979862553507,-0.0041096245151285155,0.17177663360453238,0.1985083030549026,0.0680273994454258,0.13054143535059612,0.27910468019043183,0.03886305966862549,0.400233669778064,0.00376048421274897,0.09728968841947658,0.7103109989164427,0.048732975093411034,0.029116696053046662,0.23271912591361654,0.060481340122619714,0.12071313601939786,-0.08458241481780616,0.06329473242515334,-0.027634278526741742,-0.05437430606760487,0.03867108065557252,0.321540463633345,0.07919969317887438,0.08770306360455307,0.2684559593940028,0.08096246089627548,0.3144366902554777,-0.005429072417992766,-0.11415698079319811,-0.10201136463649527,0.07048962502731317,-0.14411132080006717,0.2105520374453591,-0.14236119354835702,0.15724295981688186,0.10407279501830667,0.035029827673626064,0.08005439322118203,-0.0794985277815564,0.025115638429640114,-0.05424825750275807,0.10832525208675495,0.002242401999022293,0.12958697385489001,0.0021581030054271875,0.2681820107188267,0.016184316016830274,-0.02826476057207175,-0.06276794094784888,0.07181429011484912,0.3610119698671249,0.06681708552288737,0.1558426046608682,0.1308275926574835,0.09526938906054237,-0.04941353794755765,0.0077513744258457026,0.07176958081692716,0.05986361444938217,-0.06820213107659201,-0.03149495724187671
50,0.20525901852714207,0.16945780820329026,-0.024712119416821558,0.46034635566577653,0.09679402675911646,0.06652658305346378,0.21380294661433719,0.055043652385426904,0.30136850013997174,0.061575869913663685,0.178617370198194,0.05652630306421316,0.16229680181317235,0.2529439424100111,0.0674963254466092,0.07610680263082456,0.011518593504925475,0.06346324315908795,0.4920137672896233,-0.06903424759003855,0.022947331834184966,0.4138779479782543,0.25072528136287736,0.025515703298680886,0.07554792252418092,0.3097764645676549,0.20134278602637054,0.22471216786331952,0.06866384193906523,0.2293633097233638,-0.014040471188598769,0.1868403112670768,0.28422843017509886,-0.05240581864798109,0.20528786044652797,0.0824556996357635,0.29065865313896005,0.13051339968366432,-0.06410630226459198,0.1963846704311932,0.07925302342309255,-0.009826207521405254,0.03835503133593938,0.4800824070324874,0.0014247704350666356,0.5605185554233405,0.06531685818110955,0.1864479362111144,0.16232825114072347,-0.05162011521587447,1.0,0.16334676822894398,0.24587696732680675,0.17695908755448314,0.17835798997727847,0.1550353029204741,0.11975522334096561,0.005345124156951452,0.07522347445669465,0.10881351330857504,-0.08973818564973148,0.4525750160064183,-0.12737177777873135,-0.04477130845899524,0.020810544651102082,-0.035717922745154805,0.04745203484868568,0.021741738192861598,0.12668710417181425,0.20410167923011946,-0.0033085173367954804,0.35065217560250567,0.4553413856253849,0.06439047705904452,-0.024134303667528282,0.18465375565407785,0.044280820672281014,0.0185655506336658,0.3178340730890004,-0.1427636752063908,0.3835555796799014,0.24602454748756888,0.2414498243450409,0.08306095448386637,0.23400095604231347,0.18183841623528277,0.1981402051411718,0.09081281235920628,0.06861123903806264,0.4587760857964529,0.06752151278182585,0.2143046869891769,0.06055636903863344,0.3658012495698961,0.012711798502668896,0.1273415832163219,0.09606369271775529,0.4082187394504254,0.022433422085864036,0.06709167141013272,0.3147872733760673,0.2762446504257622,-0.044811166537417665,-0.04794035221038736,0.40640958614797223,0.07763751380692051,0.06435650863211376,0.04107642521885087,-0.00937124044338409,0.34209513204460207,-0.05725764025782655,0.030494050045938303,0.07377351130548412,0.19228884327453555
51,0.31204225269370645,0.049311758558639236,0.04912060041672003,0.1612516686991507,0.07693887138706212,0.027338901331361475,0.5795713552060188,-0.005131851364277994,0.1271909664106734,0.37463971643268573,0.18008382997425681,0.3012923242426207,0.5025451817482224,0.1926334193148646,0.07674355919699831,0.1053864789337977,-0.03138441671571084,0.049624311659099515,0.2635031883099088,-0.031368783861190415,-0.005469779867744691,0.12108577185498058,0.3143108505733295,0.14913301256456665,0.0726234070205079,0.24588133298074474,0.11716425530072094,0.06945636109561494,0.18725263128170094,0.10961031869876575,0.1541249230162936,0.46068440118255494,0.4303824580644131,0.07553626852850537,0.34861500311429816,0.062015724900205786,0.22690438921172096,-0.021377886520262172,-0.10638971774880629,0.35843503400885157,0.17256423773623403,0.10679225815310131,-0.034883470459383385,0.05809325994867657,0.02915933438553062,0.3252361295324006,0.20316477184366066,-0.04429235910692711,0.49174820883389037,0.0036236617113744114,0.16334676822894398,1.0,0.0807834546872995,0.33921043091855424,0.1465864955560433,0.3080063967380566,0.08600226867776897,0.12793010486792677,0.3135483389411863,0.03717079994501,0.0205428411094482,0.1611781352992749,-0.1083326219731641,0.09969914746909202,0.11772530502871119,-0.08746432647634234,0.07581597580932906,0.6832903303191771,0.09148522749546852,0.22044752771499082,0.08153663040007163,0.17648811002281567,0.15727673115941482,0.16719330691769288,0.16249353980511405,-0.0007100385720685234,0.3253218569289701,0.11063768027228474,0.18913082008544482,-0.04808426653797768,0.05546108436429807,0.0832076540693436,0.5303868146778283,0.06173190613181277,0.5132232810683135,0.4511533764209977,0.58405205808643,0.017316557470953398,0.27260012964691505,0.22492929028120015,0.017023884995038985,0.41678652306356706,0.26806374492981466,0.3375488168387198,0.3916761206704894,0.3167589045892831,0.1952371987468392,0.14971292559006677,-0.025996989983391613,0.6037330087450818,0.27135126082646915,0.10176429917384262,0.09814065325969018,0.07427925772778192,0.1738834514756525,0.1946187350734042,0.15875805746918084,-0.026858527091492463,0.3303269917694979,0.15732712226773443,-0.07254792163805696,-0.022525324612448536,0.07558184711300425,0.31951858299918906
52,0.21454799207406444,0.2198616463108232,0.08507442846522392,0.3777476257597612,0.05615453688876353,0.04390568443914918,0.15528165969929583,0.08151651354949,0.4115002325627661,0.1607911846464906,0.26035877524419976,0.10994611356703712,0.18634040213401895,0.32790219314534946,0.04231416610305373,0.07506248862821213,0.06460729458678326,0.13746966789140871,0.2921242497028092,0.04340988618094262,-0.05748959594611105,0.26753029249395155,0.2770543262563226,-0.014011301990332969,0.1775487655957859,0.22628819441404988,0.41862069284492914,0.23576455394780316,0.13397719288783907,0.12790278199840344,0.024936254869243318,0.07402593280541392,0.12826155692939678,-0.08573611097408708,0.33297548482288164,0.15702791517786113,0.25350265123975907,0.6229376912568972,-0.023481946547353857,0.0848594155934967,0.043382081953128294,-0.04416181729049336,0.14058468398602833,0.13420635217175295,-0.004208989955503802,0.27639150938127055,0.2715538023943276,0.04146706816788683,0.1570838614928514,-0.04693979862553507,0.24587696732680675,0.0807834546872995,1.0,0.2855370468183891,0.19902007624292775,0.22231772837290387,0.10452854879840602,-0.040862314839870496,0.15218555402905834,0.21343133237013134,-0.13536392405413375,0.20604907339456752,-0.053662689348313405,-0.012732653674473631,0.05627533480958794,-0.04251864125036018,0.016965142040493597,0.0874889087911919,0.3009237344903902,0.29170985992272225,0.05129511392731917,0.15267557428068101,0.40051853895079265,0.29286953611338734,-0.024427221030307412,0.1916701303239821,0.12508193526436065,-0.02530417040646372,0.22410464638501582,0.05731689169554845,0.426889577613699,0.0708630943679276,0.3280967428543779,0.19402124120820582,0.1954012266070303,0.22781908045123198,0.27076380591719273,0.1207628559666672,0.18906112273388054,0.38371018049167077,0.24196056429632803,0.27661799931295883,0.13562597783274294,0.18437486380306473,0.08755378041260692,0.10973029542278498,0.04868869184168083,0.3083665015738087,-0.04721126475457781,0.08684369241635652,0.2900810799303847,0.24943718967982206,0.0767368695335746,-0.01730325168856741,0.3143579583039753,0.12901815012088566,0.0729396567095941,0.053110103162305855,0.14621172106202235,0.24597936342954743,0.033985361252558854,0.09929646219238265,0.03948211791900663,0.13832184524151697
53,0.25714490807160023,0.18488658990760792,0.08664761120241948,0.1154196486174351,0.1288302956202617,0.1426667239815326,0.3709501717239526,0.14754553391744366,0.3522738546328761,0.14252346824422316,0.3511152103067844,0.4181169046091317,0.29784284297696445,0.35651441739680956,0.05495195692780253,0.15099661248213042,0.039136340693930606,-0.033244466959637696,0.38595429332431724,-0.000152082860506908,-0.005342143239941324,0.2852363006782021,0.2602743346206877,0.1708040648293311,0.01370094427787628,0.24151290110359078,0.203979608610785,0.12781668616731448,0.21785730766844832,0.1102596072668572,0.10998928080388641,0.41660321616315266,0.2780901064079965,0.0849608764927714,0.3973024720342168,0.0798995361773801,0.2591061334100823,0.10528055526975164,-0.04839522608741576,0.4184041537586913,0.16590652054119068,0.03818301428199846,-0.011221221011244767,0.029524833930488856,0.0543351805009204,0.340911027331219,0.5138982835452075,0.058813199742149366,0.4117443897642448,-0.004109624515128516,0.17695908755448314,0.33921043091855424,0.2855370468183891,0.9999999999999998,0.3170532569231284,0.4057785024594081,0.12769647211259244,0.1328120216103259,0.09574367644662263,-0.020459736130446163,-0.0012902820751178265,0.3765266015983894,-0.12869639516051698,0.10086070506119596,0.1735578536858848,-0.09253926920820156,0.10127295614358332,0.1412572097579317,0.141563018368714,0.28554400389687473,0.11048258231805244,0.3222543110075285,0.31329361887706936,0.11670282767903112,0.13096830021988054,0.05920517979010083,0.10945356963221152,0.09828610023820696,0.19214719910659087,0.0055245014387994016,0.054702665832177616,0.2002682487996313,0.4637977192810421,0.12318205092860957,0.3333710704703682,0.3217280206601702,0.3629032524862671,0.058855090065978104,0.08251946949957689,0.18956558919052505,-0.009472991480973088,0.40901877036079215,0.1296815015159581,0.21173021409560114,0.1801764400453639,0.10678828452800421,0.19422362241808158,0.22440061707674633,0.02739207352552439,0.359429438410404,0.3055502170852712,0.21906342476625704,0.058530396037365234,0.01634125591023248,0.2730864816163131,0.18138530875908213,0.10802190618065896,0.0717517719979142,0.2768896627426015,0.25157260304974355,0.024122718821869667,-0.02139276027546944,0.182201333558664,0.32551680013718964
54,0.20742326751063897,0.3493984348764475,0.1509481188015672,0.11598918774098302,0.1339409846616133,0.050303415528963294,0.4050243637795604,0.17277543949858593,0.2816838931024106,0.04752601363781664,0.2916908544468947,0.22972195409633878,0.07708490770799635,0.3539880674375583,0.09550000935597625,0.2794481659222554,0.1095301451570827,0.08577048924459647,0.23623423402720914,0.22538570365476185,0.10296782664674885,0.4724684058234168,0.34254167566574945,0.13732715731017237,0.0824745973351931,0.2777606160476977,0.18183008279720675,0.22475918090655334,0.36966211338545013,0.11619209516853987,0.08149485204581206,0.1588476694846628,0.18092738377710393,0.01846377347626394,0.30729686354026203,0.14345808811977798,0.2659210773258788,0.26499209379160005,0.016677797539238003,0.2140864177213887,0.11948210509620846,0.16975154342017112,0.010955669525235365,0.13725347692985426,0.17677922920212158,0.3011240551357379,0.39041724082339946,0.11865720406025844,0.34162766324765065,0.17177663360453238,0.17835798997727847,0.1465864955560433,0.19902007624292775,0.31705325692312836,1.0,0.3232431351035931,0.029508060485324363,0.11699727587429595,0.19151555563951658,0.10079753953620871,0.16192155804584393,0.23133401608930282,-0.07369827916338698,0.2612678141831861,0.12831407251987326,-0.11286673078118498,0.044232372476290555,0.1234367080846486,0.16911241416145095,0.26815873322120404,0.09710122888646479,0.3290712575269695,0.31218819098340445,0.03881730298438962,0.31015950079633503,0.09710915462152925,0.0018522742563039818,0.11881279362881356,0.15195940939944097,0.07520760400667525,0.13257678000953968,0.21401262090445727,0.3155615894905623,0.13193800572701886,0.24551242718778354,0.2654533193143968,0.09355899828411343,0.17715947105364616,0.15970220722071618,0.310734901157108,0.257092887048949,0.26403695674743893,0.06250929662892425,0.15345063942398995,0.3040004473404268,0.01847410653849539,0.1615349552090872,0.2053419787899827,0.17121714717103406,0.15263746408880158,0.23506615132221678,0.14716137221147382,0.04349280069713849,-0.029209427624091355,0.2827576236769102,0.20607539545083714,0.08103060798948981,0.12986414004052338,0.11670285840226256,0.11655992717891024,0.053981976346301475,0.11250186592231831,0.10936985692461461,0.08086250322027491
55,0.42692862284177435,0.13150765922410643,0.09495252530249464,0.17369574781546984,0.11716667299102873,0.008751186413912178,0.49167508829548023,0.1187889219772485,0.2494460397428265,0.10713071941925578,0.15664571373651534,0.21013410473781777,0.349734454212228,0.5100458511484643,0.13375400077396038,0.24155687218345995,0.06207920690400074,0.14524283417291795,0.28530907389276,0.14861336641075168,0.0158474709201329,0.24951446582793294,0.48865682551281486,0.06515075956047651,0.13602723861511773,0.335345242726354,0.1989862337901876,0.17560579464505166,0.35176442684934944,0.12075826989128834,0.17251309650983654,0.13470912071295033,0.41562991918447423,0.00033349949461460753,0.3609041607024297,-0.014950550842336667,0.23207410191286443,0.14985940001009362,-0.0510122338512651,0.3872013037825842,0.167655231938437,0.14008614261825614,-0.08341635078869182,0.1307653211952158,0.2331609139651384,0.35213162230553546,0.5573993667408693,0.17373597474595115,0.3658175932035872,0.1985083030549026,0.15503530292047413,0.30800639673805663,0.2223177283729039,0.40577850245940816,0.3232431351035931,1.0,0.10407990573826388,0.0954021382405219,0.2886448666180346,-0.027611619173577642,0.08517960537451959,0.17404189291923824,-0.08913138418499213,0.2319790994074011,0.09940975362179102,-0.14416254608877171,0.06761100135001978,0.28325313732248186,0.2085490754364844,0.27581489317266494,0.07930850045544825,0.14674480022215683,0.3133465576493181,0.19668817700389432,0.2737349732297292,0.09583591017480318,0.2407891881497776,0.1470223794354284,0.1710786684411367,0.011247008132558713,0.27851998979200837,0.0034024858841480558,0.36657847895118584,0.12491879230147945,0.246207803373887,0.48837071459607767,0.3010509575509793,0.07366487504396857,0.19141862899630965,0.18516984577172702,0.019896348602471026,0.4595154345027661,0.12499243987872959,0.25703705193664533,0.26486751604110925,0.09524781955982153,0.17710091964493455,0.25076562329214086,0.11636402638762378,0.25075686965576083,0.46843814152803104,0.07679012220260059,0.10672685018325656,0.07037747394068501,0.3888107165936648,0.18248249405860098,0.17566432605063947,0.016394686246561124,0.19956812992197934,0.21080429358257866,-0.07377659179844209,-0.07979902714033592,0.0825149076194397,0.4790574168462633
56,0.03016280777713203,0.05612193402721298,0.16343270795830428,0.12918985988592918,0.28748471420312255,0.20077102673748698,0.17757780564959622,0.18668952912340875,0.1742709468539877,0.2160665354936175,0.005142474350169476,0.09827005782926058,0.08921717093852531,0.043363744948571585,0.15821597865251072,0.12535004295579597,-0.03496700259463094,0.03814478518612655,0.2148715614225737,0.07535764565614718,0.08043374275656705,0.10296489456512509,0.11899175381503413,0.15132259327666608,0.1599635444245069,0.18820513487160537,0.06843300295697385,0.2249508714586489,0.201860526204979,0.036921099794928976,0.30238454899627804,0.2508788315164863,0.2221532924694926,0.11840753934290797,0.09814543455555773,0.03491270582635831,0.11668201052335267,-0.03493611248440335,0.0353440409615468,-0.012312432784704444,0.32972226456175413,0.14586334962428363,0.08587949666786676,0.0152934844561185,0.08867034177378066,0.13392277882936166,0.02859118264505745,0.05048457484643169,0.12815672487468735,0.0680273994454258,0.11975522334096561,0.08600226867776897,0.10452854879840602,0.12769647211259247,0.029508060485324363,0.10407990573826388,1.0,0.18618198732732877,0.24743203198524516,0.053520570712632186,0.02886271468109432,0.20038249428166535,-0.14807158071218737,0.10639681719717202,0.3501764020851552,-0.03351525750915148,0.1813481173692722,0.13808157615928324,0.17336214258929294,0.06299355538832442,0.2225570292321532,0.19184502638251835,0.1064342764101635,0.2194387539671862,0.08778487186917351,0.11073195051894465,0.06274724393619782,0.21574979728458557,0.06848717666134338,0.04632868346862389,0.16885470963568053,0.17392116788132447,0.07940291842270165,0.15894003101570076,0.012206301976940184,0.1973359536008364,0.05717530055445993,-0.10149705188390587,0.16442261987685564,0.15580483432356057,0.05368601729993717,0.002851000293423158,0.17267786373088478,0.050892150797451775,0.003519360976566411,0.20053052052797793,0.33636344561474396,0.11375639858430403,0.10089268018745973,0.1860219279118038,0.16102977597438747,0.15373954550161847,0.23544007859516503,0.10595355611646128,0.03911306287491969,0.31426391635774825,0.34389813596333896,0.10020145696484237,0.023293242717099757,0.17306482380041502,0.010119253449743355,0.06440395689659284,0.1495737537530845,0.039312211881886036
57,0.01472942696471589,0.0726991385773003,0.17646239416175794,-0.05263609017031068,0.5749573688300921,0.14739824566522386,0.18839562464708712,0.13227853496735617,0.06824698628561046,0.12845683768689672,0.018932447833046012,0.14664369345594516,0.09421793063421086,-0.026945547526906453,0.32495731870526234,0.2068173260153184,0.07619145338704261,0.05794311959128881,0.04170355194300886,0.3308325914011568,0.3835329675986868,0.1044343666417294,0.059415272734085256,0.18089948075711623,0.1557088876092177,0.14943873164373395,0.009173346624156004,0.1616541416742905,0.28498338148338376,0.004443195101270276,0.5189282684118491,0.23454190438994266,0.19155084784606324,0.4886523689434407,0.025487623832411817,0.07445758715078053,0.043506442734533884,-0.09054192622921851,0.051508712065881236,0.03980704740896738,0.4790162136574414,0.3901336827995398,-0.02786433269470857,-0.08183069141498926,0.17703932907586561,-0.0013963391265135441,0.04874927826939976,0.023765051330308797,0.11713555862338983,0.13054143535059612,0.0053451241569514515,0.12793010486792677,-0.040862314839870496,0.1328120216103259,0.11699727587429595,0.0954021382405219,0.18618198732732874,1.0,0.19151557744345638,0.019244051221981875,0.146432705727377,0.11537953411653974,0.0016080784413165974,0.3213253383758272,0.30686593226835873,-0.019881218115421005,0.3164538747827758,0.07265259917163967,0.1796852515233383,0.016891562927210033,0.18866664011739043,0.16631168604149152,-0.015626078543269955,0.11743840341838944,0.3300012417586216,0.0711756211438899,0.02652180434886687,0.5498884348016629,0.007141270610385199,0.27550541320106514,-0.015588896411234126,0.07996861053814587,0.07972051783561736,0.16075327076541365,-0.03259130872914946,0.19025796185271912,-0.0504375877578996,-0.06426063727548739,0.08558043238622778,0.09212663440612186,0.07373459814257376,0.010896116321653018,0.2482393835749968,-0.02066948174520758,0.03785873806798879,0.16402703908410468,0.4643827568679663,0.03577067651695983,0.2782704751897674,0.1404692836600119,0.0988521326299823,0.06205220007565755,0.31777122280136305,0.2165063105088246,-0.019163725662081958,0.3273851262606133,0.2646022881766698,0.12462594102356213,0.04441500627277047,0.059108480724891076,0.06821128451432383,-0.02267805700208749,0.07921179228962356,-0.04301503726267402
58,0.3401704342425164,0.1931768598965562,0.27468450904820224,0.147721453509823,0.2697208325286491,0.018329598265789084,0.4047566364818586,0.11611767783183057,0.07657717908669316,0.8034201875716928,0.0457353010306388,0.5103749234394631,0.22379276844022647,0.17904744852148147,0.2085153077584852,0.3219283168745673,0.19046126650315884,0.19975911198909516,0.18290360854628915,0.25922869448673114,0.17324642168962465,0.04695628322780962,0.23615649366666686,0.23477456535309477,0.18877201867919075,0.2818576236345475,0.08345905192558727,0.23984864840983847,0.42176152840397446,-0.01329603065810067,0.36323451908515786,0.30945027432832567,0.43446112421911154,0.16685793037165672,0.26314846106547124,0.06298553890530786,0.2771945078385202,0.16625136625016837,0.11050207247773398,0.21136312868442658,0.30416236955889714,0.24703416786636098,0.07675981913556543,0.15981584308598631,0.15208420291895294,0.2985679871983805,0.2544678348270761,0.05758479953336818,0.3315102141005625,0.27910468019043183,0.07522347445669465,0.3135483389411863,0.1521855540290583,0.09574367644662263,0.19151555563951658,0.2886448666180346,0.24743203198524516,0.19151557744345635,0.9999999999999999,0.07277344856536377,0.31261640775729216,0.08109725919645445,-0.09424476126140127,0.2242215536608749,0.19980497601427993,-0.03612206162599139,0.19716282343312563,0.4515201346553697,0.18769003998047654,0.18576825057066046,0.17696919015074403,0.005990831767851903,0.10399905070461676,0.3985914554250331,0.2830248024821871,0.23734211431355856,0.4753231717655537,0.21931951094890964,0.2325991133245417,0.12542862219583484,0.21272430619897506,0.010437430872733728,0.30031775369716085,0.23375380397062054,0.12347926810195514,0.5103283243563187,0.26880786950733543,0.07892430968062139,0.6592408431217429,0.16857701460341123,0.17167595675874042,0.15742541678351835,0.28861869574850296,0.26558102321567095,0.46330369116079084,0.5208034082607118,0.3249805505756425,0.19671593057548942,0.29798590975898437,0.2916898615721029,0.3630532281441263,0.10672849587284447,0.24341068436976088,0.22234428205979784,0.1769615100625679,0.3918707535556491,0.31912146941699004,0.11844730483860971,0.3410208859735448,0.3174872703913226,0.049941418373997265,0.23022250753597812,0.10595374240365071,0.23827351057055848
59,-0.027139080295988587,0.38744406846949186,0.09464180397837933,0.01995595779124191,-0.012480990424632514,0.21184432519693958,0.012961766665021131,0.13567190341990382,0.12389711313367333,0.06314902834623495,0.15246811412991002,0.08121072326967321,0.02906279746484929,-0.01726836084251982,0.07381873464167232,0.058616061363563385,0.3866449430579989,0.24187002067678381,0.06243252814780319,0.035000613310704504,-0.02574822941120272,0.11473613280253388,0.004815837319348923,0.20541806345963182,0.12159423977320544,0.04343822874430955,0.18650768763334327,0.26650226147045014,0.1434213663495641,0.13107228386533232,-0.023148597897671003,0.15457764367902724,0.09605410331194644,-0.06380846297368568,0.15556681381313217,0.43528819662315354,0.18582232589958275,0.3816909172032545,0.26856242454862256,-0.10421403014586174,-0.005922972523986973,0.02876215628574697,0.3795797891096056,-0.006120001818936585,0.24605436818873172,-0.019108614627109166,-0.01493005641896889,0.559807722779246,0.05372265822891392,0.03886305966862549,0.10881351330857504,0.037170799945010005,0.21343133237013134,-0.020459736130446163,0.1007975395362087,-0.027611619173577642,0.053520570712632186,0.019244051221981875,0.07277344856536377,1.0,0.10566007592048317,0.03135430658074992,0.31311007637374455,0.005842936233908301,0.02321692044150257,0.31015369267538334,0.04908620338282773,0.018353723672204197,0.36060101920658744,-0.06635633483075079,0.05604989480906388,0.24940168925345108,0.21496512776477678,0.1329867622830883,0.03950696692662618,0.21393644165346523,0.03634116186702218,-0.03341358822348466,-0.01352579074406925,0.03808662946668948,0.10696935792730382,0.22502718815719766,-0.03552826180792374,0.21787920102567665,0.00014290901671007767,0.1154864351879878,-0.023722963531479863,0.18153454424312723,0.08726522840886186,0.15213823113907404,0.3548710150262638,-0.044729970959128174,0.10193877713402441,-0.11449015244816653,0.06779363013926591,0.1099152701297759,0.005992683594131617,0.01438358849150958,0.11398479603871552,0.016885509944355157,-0.012400221706055276,0.12468422833349391,0.044827929186981946,-0.0628830005629253,-0.026568188119958154,0.15527152978868247,0.030830701959028504,0.19727749117365836,0.10749915671568484,-0.04819821248385595,0.19572284061977135,0.4692209328739246,0.18575620395680884,-0.09987113070117172
60,-0.0033554362556888627,0.2527570477972947,0.14113996434039575,-0.10266352253811296,0.09607409237796954,0.27439733482239487,0.09348319763576017,0.3302409558174149,0.02737009619358931,0.16776180707497068,-0.08845962456607438,0.09112961028824944,-0.010212773245487231,-0.028226974158817485,0.08739721385902131,0.2946896247113104,0.2631973694602575,0.22716558848316756,-0.06015787249996321,0.3989051205872659,0.2751192241983859,-0.016324606967541237,-0.1104312363546425,0.26834896892365,-0.04447525640175313,-0.03716087331124711,-0.029675526328342847,0.13526963717549154,0.38262438569454893,-0.09990353111054116,0.1242274198081349,0.07247020979243965,0.025541955891491226,0.07101180111522742,-0.0659955425688609,0.0962367978581858,0.1178161830098711,0.14753729552671935,0.3854179160801221,-0.05266737456559021,0.08066730033862866,0.32848031154423135,-0.10787448749557138,0.019160665333522082,0.3724181862401937,0.047960058439871486,0.045125582073921824,0.171541427241113,0.047043824574680176,0.400233669778064,-0.08973818564973148,0.0205428411094482,-0.13536392405413375,-0.0012902820751178265,0.16192155804584393,0.08517960537451959,0.02886271468109432,0.146432705727377,0.31261640775729216,0.10566007592048317,0.9999999999999999,-0.047170812076714363,0.27382071317900125,0.32336559654434033,0.024393602901941005,0.23234974684577822,0.27386487018525796,0.019329545908727905,0.15441843485889875,-0.14947624384618086,0.09811655569328524,0.05482928807284426,-0.08528417420561257,-0.0127461302300229,0.274291600714107,0.00783995994374128,0.024865774723499694,0.32276012778208996,0.009080625707875156,0.249303996526839,-0.09244901825216188,0.12266108108918561,-0.11474702197708489,0.1841254609201933,-0.1597679906551933,0.16193714498615847,-0.14012774815709178,0.07513897401264873,0.23926895458974418,-0.03846128598216705,0.0433817501110509,-0.17515488487007377,-0.051167474993703624,-0.07822554267290263,0.08306486810147674,0.08120942714930413,0.09416811929294329,-0.05953167398161655,0.5410391345647558,0.026084227412615117,-0.05478480593462085,-0.05330955576595737,0.04244199397311222,0.09745669626720076,-0.004799888858346,0.1957416671708238,0.09680811504242359,0.30676824002435166,0.028817892362171412,-0.024737405247163495,0.33229737840683043,0.2544370766602602,0.13459266728487632,-0.0977970300540783
61,0.11482753211845853,0.12274471254810143,0.05738933400786682,0.2541129957572357,0.18531615716623834,0.18077997595462192,0.23156177171316994,0.23788072394575221,0.3317684334660664,0.141569082739589,0.2720881816005851,0.23741425436200966,0.19607631845340906,0.22442830376753192,0.1665990773431759,0.13823600817513465,0.012719303575745022,0.028140043689628507,0.40809666452367493,-0.0948545314804089,0.06656525480102397,0.335717173793263,0.2784437631386537,0.2330612555200894,0.16108011583696347,0.3407433548130151,0.2354907760905784,0.2656188970354996,0.1816288316133708,0.10645648686198005,0.11187881949879687,0.41831191109084265,0.2929683492858541,0.08023254960649036,0.1865432487161208,0.14935473784191944,0.32240190531737783,0.0718596218432827,-0.06030380284222808,0.23820594834701925,0.22635206417573697,0.03877355136562386,-0.01204648202593716,0.2951584024947891,0.12840027466730772,0.4598958843207474,0.08299566896361862,0.09818476386329464,0.16133372265009538,0.0037604842127489696,0.4525750160064183,0.16117813529927488,0.20604907339456754,0.37652660159838935,0.23133401608930287,0.17404189291923824,0.20038249428166535,0.11537953411653974,0.08109725919645445,0.03135430658074992,-0.047170812076714363,1.0,-0.03783150710440942,0.048000005733136265,0.2503551297117393,-0.029725313108895653,0.17044934743739248,0.10292837142397997,0.23713615943042998,0.43506713758083443,0.12136310173066026,0.4447156407920617,0.37483328187544734,0.15502343691815457,0.00728577917753039,0.11823133796602589,0.08578080200350079,0.17292060402303247,0.20682974944493887,-0.024520185475027483,0.25596031692479915,0.30342516130620084,0.21086362683407942,0.18173033206407538,0.10284955097321612,0.23537819313036626,0.1569391810066367,0.04225021376472443,0.040980954207724754,0.20269742884078132,0.0600802284637446,0.08956802172319239,0.15500923366767666,0.234861837753522,0.0014417160313721863,0.08840389991260528,0.2565138844727829,0.4507026962540635,0.06698437781615231,0.2523787209890242,0.39877302375803625,0.2360229281602133,0.10117629533845299,0.0728848865200499,0.4642071045589265,0.18584795370224555,0.18977129124934863,0.08724066491596703,-0.005667490841494065,0.42185901582778884,0.03772000712538672,-0.0010957037998106575,0.236463555578248,0.13433101121177557
62,-0.14581285909830988,0.2747491655537242,-0.1073286062905967,-0.11667130587059339,-0.09771030260148711,0.04943467093700788,-0.11464364348477663,0.3621974460122088,-0.08823485668311384,-0.13846245571700924,0.1698488267166454,-0.09583764273887602,-0.0946657331258718,-0.14924275945150284,0.05562405322891176,0.22931023942503595,0.3917460426229556,0.6245611898227106,-0.21010067240837652,0.04824184255573712,-0.09649873131517984,0.00926073070042632,-0.13366395382522525,0.19492508303642633,0.05071947907520061,-0.15865878163996816,0.009439533194608048,0.05974667034000492,0.19998512013528555,0.06920327733609088,-0.047619735605993176,-0.08098214738807326,-0.06635029722378029,-0.08785448237456886,-0.13165866811946278,0.12424122901749698,-0.09922979213441645,0.17476463442846937,0.31188150177599167,-0.130973600716634,-0.08682155727207076,-0.00549994165765354,0.2708469772145751,-0.004151616071659514,0.2720255926935233,-0.12101590529038576,-0.1410885406846536,0.37639363583804475,-0.1693994056186909,0.09728968841947658,-0.12737177777873135,-0.10833262197316411,-0.053662689348313405,-0.12869639516051698,-0.07369827916338699,-0.08913138418499213,-0.14807158071218737,0.0016080784413165974,-0.09424476126140126,0.31311007637374455,0.27382071317900125,-0.037831507104409426,1.0,0.07890231269102278,-0.07637768008398137,0.26174501100820946,-0.02434351521340454,-0.06810711914212167,0.29010187264657666,-0.21058965728186926,-0.017657592909876136,0.12096211303086218,-0.18508085425253656,-0.11816583347223876,0.07088511794140505,0.1011288323938183,-0.171121978383328,-0.0329278689230583,-0.011687896428920284,0.019431044213400125,-0.054352863770876524,0.09194506872841937,-0.261739050494317,0.3176545540855068,-0.19685795171819187,-0.14692284993786542,-0.15871922862047785,0.3972957679335988,-0.14308896860350823,-0.08941323873526195,0.21427186809378715,-0.21573131794770384,-0.0249504311480689,-0.07410262224686856,-0.1502978401043571,-0.08082433494589372,-0.11196936620811343,-0.16820048875497445,0.25787991225749446,-0.11009924136622393,-0.153641293177875,-0.12292627443201,-0.14336723154662784,-0.02909200344903032,-0.09845891738160496,-0.13323211822488465,-0.11026037002374109,0.2664299216770574,-0.11957142821529301,-0.13758019505755067,0.36497817729693494,0.0851888043659992,0.3596754147236495,-0.20591454469162465
63,-0.014045778739443926,0.25115340775398365,0.10555972506865353,0.03443101735525545,0.27940286807701936,0.1386391320481321,0.23188524919452813,0.19333367484199998,0.06260644324527753,0.05066116861769164,-0.04269793888744827,0.013831450496088638,-0.057819963130341795,0.03239684957297703,0.35900609835032776,0.3567700933594447,0.17151543936881591,0.29993288551904396,-0.033000339514434714,0.5193787521918253,0.4152552029523229,0.09323499301420846,0.01921618663140789,0.18047289982458112,0.26979921700581677,0.06830590182647489,0.08193744288382947,0.23982641125605178,0.6381487032926833,-0.10028460633399176,0.3737731633815669,0.020618592069414122,0.04803452537739245,0.22653424001786393,0.022681737239183736,-0.09254174970842878,0.06345594653813243,0.09142818657256434,0.06211076543144109,-0.0024566287671850904,0.36626089869796363,0.5062378199632455,-0.012570442518266028,-0.03749260186521494,0.3012059539159165,0.1683912146456679,0.06142588013145097,0.21029555263312383,0.11127473542644625,0.7103109989164426,-0.04477130845899524,0.09969914746909202,-0.012732653674473631,0.10086070506119597,0.2612678141831861,0.23197909940740113,0.10639681719717202,0.3213253383758273,0.22422155366087487,0.0058429362339083015,0.3233655965443404,0.048000005733136265,0.07890231269102277,0.9999999999999999,0.1889102286165968,-0.03419248265526546,0.38022598391618423,0.0874430078593226,0.2648929717125573,-0.010940694143950444,0.18613273602829541,0.04201619569235046,-0.018667438730687227,0.13898161546323515,0.5371828281322275,-0.0004607523732025503,-0.0013789523301567924,0.5109827930772696,0.022344902520313323,0.521763037454064,0.16635230733994721,-0.06604787244290844,0.0009753863197612244,0.23056169842482271,-0.07086523309903672,0.2588087096313599,-0.02078198007373388,0.09932782555547565,-0.00852639319532861,-0.0045796996789308425,0.0980628009277658,-0.04000544785655705,0.09968269881775693,0.0267237594406577,0.12615435485856327,0.11975313110073668,0.2873640843714693,0.03256429542621155,0.35105195359261027,0.039610745029501446,0.1463471480618084,-0.119827061286585,0.17080026166066717,0.388734672960616,0.04399193227705183,0.2355250215047158,0.20603896922392467,0.1055972123799538,-0.06010511133572809,0.045254591879039706,0.21341837089686286,-0.11592928000007668,0.032939087887681795,0.021749057841241252
64,-0.14802501143952493,-0.06289928035648112,0.23964994180402233,0.06651589620281015,0.40572209695539135,0.20096115325270217,0.24109038788261278,0.21697719463140108,0.12467936392889016,0.17747189069879069,0.1075515445884516,0.26559939277591105,0.1807271961105704,0.00448528604388823,0.1856047509791576,0.1790442474242951,-0.061055731230143,-0.029843317832893866,0.10109696070420061,0.2971623323147461,0.12276316029102248,0.11690314934274519,0.10390595831597348,0.34149856884596075,0.173962983284027,0.1793337389568346,0.1330451569354149,0.19285989132004724,0.29172545329278965,-0.01691609982273674,0.628310284155897,0.33531638589029034,0.23638088650691455,0.21948626918709546,0.16910011526904142,0.06948207911334851,0.003637450530642977,-0.14335011049374363,-0.007969866726784023,0.021861965601320994,0.6908908759954723,0.44935861436313584,0.0033207761562296526,-0.13098268412257824,0.19064117157831545,0.07288378412624832,-0.02161590747131614,0.0906874997933895,0.09490883042894635,0.04873297509341104,0.020810544651102082,0.1177253050287112,0.056275334809587935,0.17355785368588478,0.12831407251987328,0.09940975362179102,0.3501764020851552,0.30686593226835873,0.1998049760142799,0.02321692044150257,0.024393602901941005,0.25035512971173934,-0.07637768008398137,0.18891022861659681,0.9999999999999999,0.011879239805440096,0.27604706886386365,0.07061898921762254,0.15147702993003767,0.10569131295497472,0.2582661657413463,0.3402324803929137,0.035756390977561295,0.15646693695018782,0.3047006838759338,0.026883328013841426,0.026987718712935142,0.29446051797352235,-0.15859029523821538,0.07323024153632786,0.05400177708453126,0.3070869782382764,0.11053259439624892,0.14763647248836248,0.037171638089558284,0.23075913740605966,0.05312574728479307,-0.1946313548309516,0.0998280068706224,0.017785206012377933,0.09265211563224457,-0.11421473279070551,0.13336971874641734,-0.009013298953812034,0.07072435324417177,0.05376498763535426,0.6784562545419881,0.052144761026326286,0.15317673667905066,0.2273446901067808,0.16426925716959154,0.18679128062678046,0.44960613687161305,0.12413014711188265,-0.033924902249184055,0.5440361767094876,0.2684335607459879,0.14691416016806644,0.044660119324449056,0.09895226149917616,0.08794563845152968,-0.13308934629558414,0.27057781609835685,0.02809313658979257
65,-0.1440916276671977,0.004823763220336499,-0.07827701109451289,-0.06701184444047234,-0.023512926663646808,0.30592357306414536,-0.11381081558208227,0.3707894844682021,-0.09512548396528042,-0.01948824087227175,0.020610946840143553,0.032455158498065254,-0.036755571096120154,-0.16582824931382673,0.04872565600251083,0.1296994583631361,0.3169899646552693,0.018931049775801883,-0.07473565939922495,-0.10474639942237592,0.019718803210082663,0.0010353780364484358,-0.07153618800612967,0.4365874911272176,0.020926428706786848,-0.03181183865030958,0.12302883044237749,0.18880622500501518,0.011310955647770663,0.027494847830850707,-0.04597107326673514,0.01921272854120567,-0.04555181461452779,0.010776106522069093,-0.11608022446327101,0.3027610808168223,-0.09527039199844108,0.05070991073628416,0.4855501380266768,-0.1642942635586818,-0.0437497724410698,-0.06700804676013715,0.1947824982030444,-0.0803640337295645,0.4263335295434878,-0.17533182515738155,-0.17717055495969872,0.33511905299587813,-0.14455028739725723,0.029116696053046662,-0.03571792274515481,-0.08746432647634232,-0.04251864125036018,-0.09253926920820157,-0.11286673078118498,-0.14416254608877171,-0.03351525750915147,-0.019881218115421005,-0.036122061625991395,0.31015369267538334,0.2323497468457782,-0.029725313108895653,0.26174501100820946,-0.034192482655265456,0.011879239805440096,0.9999999999999999,0.10049034491340747,-0.07098597630530588,0.21351763893441303,-0.12245682357956798,-0.002079988607382609,0.13413961232975452,-0.03435457858889719,0.008840669540063012,-0.12480724236210508,-0.03334178837049739,-0.13029970225770662,0.07048356877451017,-0.06277535631321127,0.09363014629634048,-0.04120210672984413,0.2919618697292664,-0.07526155455878933,0.2949516250203381,-0.18315899713296796,-0.14484305104701412,-0.08806655965139472,0.023686268216856696,-0.08699304568073826,-0.09072110240447663,0.328352717076849,-0.18805153116964216,0.030333931706343208,-0.07608569940505454,-0.14557119950331204,-0.06016588095593642,-0.03763351926306269,-0.06848622739329667,0.4452125673395265,-0.05572702242264744,-0.08604759901059264,-0.015258851136189763,-0.113338255575901,0.03301274535087896,-0.15618130966616406,-0.11177071047114799,0.0302621558003744,0.45191796915813903,-0.09589132344668559,-0.015841913964220276,0.2569332974582877,0.3641438727937822,0.4288607159178476,-0.10301287103557027
66,-0.09595386073378692,0.01253124821227754,0.07508391512213623,0.16023197821837568,0.39030187749139117,0.5821010312979198,0.11424297041655689,0.3868151837663171,0.10944240760213741,0.21690653001867888,0.036701969459828336,0.15644298165555834,0.05586826661623709,0.07095141340032918,0.40643029348674287,0.3009596688298094,0.07746423641308826,0.02753495004811662,0.1346631619672726,0.08039272571951322,0.5632107555927671,0.13732504296642073,0.20783353410291128,0.3210183873822365,0.48422954485911296,0.26912548900416294,0.12033127511481144,0.19169818709158373,0.325313095619323,-0.06890935373222505,0.2844239591712716,0.2731885489908704,0.0788390713516933,0.24722388854899432,0.08198279576027528,0.1304805451576919,0.039492454401352774,-0.08367231522767192,0.14700532116208226,-0.015381343745549267,0.32904495161936104,0.25136036230184367,0.07560788799453927,-0.023075781267912588,0.2769554105708476,0.05663849289297084,-0.025942273897184526,0.14542105141079997,0.20914098276733628,0.23271912591361654,0.04745203484868568,0.07581597580932907,0.016965142040493594,0.10127295614358332,0.04423237247629056,0.06761100135001978,0.18134811736927223,0.31645387478277576,0.19716282343312563,0.04908620338282772,0.27386487018525796,0.17044934743739248,-0.02434351521340454,0.38022598391618423,0.27604706886386365,0.10049034491340746,1.0,0.14131542092111046,0.2667511819871259,0.136533576062096,0.20037022125759885,0.16903025345280723,0.04963268219136246,0.2804464993993183,0.02711092226169994,0.006367142651979316,0.1286624476662498,0.6903054794334517,-0.05300204389026974,0.38636207217187896,0.2289486521886455,0.28932646130061224,0.15449284861715842,0.261378840323252,0.03247276318586632,0.1914357006569041,0.0808507634762895,-0.07022877018014113,0.07164217409884086,-0.015097947971140311,0.12190964614154705,-0.06833107265945944,0.15917113059227966,0.08869427581342892,-0.005756864965093446,0.052233709606170346,0.36587846394061135,0.16171184962421478,0.37711235175559094,0.18038946905974543,0.25789434997482563,0.06838852570951373,0.218300309080313,0.4337580050803943,-0.037850180688777615,0.2006743504165078,0.2978445905744915,0.2058253060591006,-0.004492782494148734,0.2514393019951575,0.32454771638511165,0.010351582729104518,0.2924844337001812,0.15519859040683062
67,0.3145103462309174,0.04371234797879893,0.08199625561909765,0.22181751888619536,0.12280944712695763,-0.006614261573572542,0.4984454298225448,-0.02261386746619095,0.07568815963402226,0.4259277436451735,0.06769940807920237,0.2682609133061474,0.5034843730339212,0.2090533579013317,0.11107234471042828,0.14935793888637353,0.042217937120402414,0.08808248135773891,0.27254182579141123,0.021148876166130762,0.030653304286570534,0.08163096297988962,0.4288636259893387,0.05768577164908002,0.21446372568484304,0.3169694468872268,0.08673601532754556,0.12518356588740676,0.15700008482989233,0.10037217746203912,0.1923532473969953,0.26642646927936925,0.2925252277066544,0.0841856718471246,0.263468625821274,0.033959801428699136,0.17416511364067566,0.010827410149460832,-0.014774053210542827,0.20512058785395504,0.15530461018496822,0.0905472980292434,0.058940514965030784,0.13856585353589118,0.0032177989263684464,0.2092221763399356,0.24535090568267046,-0.0200976091399365,0.4995138167942252,0.060481340122619714,0.021741738192861598,0.6832903303191771,0.08748890879119191,0.1412572097579317,0.1234367080846486,0.28325313732248186,0.13808157615928324,0.07265259917163967,0.4515201346553697,0.018353723672204197,0.019329545908727905,0.10292837142397997,-0.06810711914212167,0.08744300785932262,0.07061898921762255,-0.07098597630530588,0.14131542092111046,1.0,0.10838897771287175,0.2601559443835523,0.11871329343479071,-0.03473594490972763,0.14231051367223624,0.3911484222089301,0.11898760520835967,0.050572841710085366,0.3861378033547372,0.10481329188991273,0.20185375948317016,0.030281623662352857,0.17376778234347784,-0.02484715386474628,0.47329478840112926,0.10204865681334671,0.30268654253802857,0.44362046919528536,0.5009675182552221,0.027700753566439733,0.3026452022907449,0.14855115253029116,-0.04816924876775208,0.42441151156346923,0.3271299660977555,0.4528862469080076,0.474911595578359,0.20358120878519503,0.1786472769286251,0.18155067574449818,0.06952247570633605,0.5635016131201479,0.3277299002528903,0.008568453067411651,0.13891737408086652,0.14873050893354825,0.1731919223646287,0.1768583085631968,0.2256416502293703,-0.03421619246205218,0.3105417585728456,0.24204019021616824,-0.07609254772955933,0.056746972021521375,0.14075377124208757,0.33011834024612347
68,-0.04264403056653578,0.328704545447263,0.10391057119326322,0.2573061063722507,0.17932340428174842,0.40031826422025185,0.15943367461734748,0.4599890824890583,0.1839726438492616,0.14127844597008835,0.13611717097731088,0.12580358191832064,0.04635877311995893,0.060063361101217606,0.2508237527425904,0.34844215884034396,0.3963392922147986,0.5096356853028025,0.09240143442975357,0.15752996431521915,0.1441016305705018,0.22567786194624184,0.21293185698015246,0.18367104896810818,0.369441052713196,0.23101931830735464,0.40361380864395885,0.5733865963192266,0.35913503030626215,0.21480106684597536,0.23297634799007977,0.2091221339361647,0.1965713974143297,0.0625931528384678,0.17728843326074534,0.38855192432656477,0.123208464769938,0.38976265009661903,0.10096641603085862,0.04163606062311976,0.2630394317984889,0.19371119250112023,0.4355328076580156,0.1253355561764637,0.3774080257228178,0.10115577209670303,0.09182831731067782,0.4498660546003763,0.19802834106125392,0.12071313601939784,0.12668710417181425,0.09148522749546852,0.30092373449039017,0.141563018368714,0.16911241416145092,0.2085490754364844,0.17336214258929297,0.17968525152333828,0.18769003998047654,0.36060101920658744,0.15441843485889875,0.23713615943042998,0.29010187264657666,0.2648929717125574,0.15147702993003767,0.213517638934413,0.26675118198712594,0.10838897771287173,0.9999999999999999,0.11400929940331463,0.14705052955426332,0.25426491192573597,0.13814331878125805,0.19914186977812098,0.21122719002623616,0.29110462285999517,0.07183908619420874,0.3022547954400695,0.048573739123644814,0.06588227672205692,0.32494978202843805,0.21804956764561334,0.1028766409536414,0.5721176971356202,0.042641045105482604,0.22577432636999656,0.08643689936366025,0.2059398843819248,0.0869548171968306,0.05617984440939852,0.3404163342098835,-0.0852047793663181,0.11736839116150334,0.07990204017083531,-0.004948444564438464,0.10374854167203772,0.23585783892672987,0.24024130258314752,0.3411832164308092,0.13389105451611863,0.26923852108500856,0.11416012121801622,0.15473112188154803,0.17747254822195707,0.13252232638497197,0.23528562312716467,0.26919632282415085,0.1540973448788445,-0.004518092497920242,0.20617307445339597,0.16808399905182012,0.20295350732335632,0.277181045475893,0.15281931923875644
69,0.40516721655996835,0.08014204346526912,0.058972172068242575,0.2129079621509014,0.10045403174693225,0.09173238228806112,0.18619638813469735,0.07957136446963753,0.289081813605392,0.21187813757856824,0.1282977746763901,0.24498996964480907,0.14915452714778288,0.2744126832574445,0.12992155493720486,0.2287247116690295,-0.009762789238719032,-0.030950620027696118,0.3186432386057017,-0.09616610865581932,0.05902720447692384,0.2863286877185353,0.40936806902507694,0.10246037978305587,0.17070317260156195,0.4114338943668513,0.28309231609100366,0.16052641535287485,0.2095750264248133,0.09314271391927713,0.12682608335572268,0.2284039069357402,0.14359396730539384,0.01080194722838363,0.2708285876302677,0.1013935079334297,0.2444885096007956,0.15170320000835558,-0.12067367665327906,0.28835392184045144,0.15700736574374644,0.014385519042946363,-0.008654948365575973,0.25543517135154203,0.06847869294988425,0.44723282905200407,0.3253738562760936,-0.061631688561229574,0.32708853344046457,-0.08458241481780616,0.20410167923011943,0.22044752771499082,0.2917098599227222,0.28554400389687473,0.26815873322120404,0.27581489317266494,0.06299355538832441,0.016891562927210033,0.18576825057066046,-0.06635633483075078,-0.14947624384618086,0.43506713758083443,-0.21058965728186926,-0.010940694143950444,0.10569131295497473,-0.122456823579568,0.136533576062096,0.26015594438355233,0.11400929940331463,0.9999999999999998,0.12153864385100104,0.2032654004635141,0.46985861179646976,0.255916991031312,0.04517164776316448,0.2639546949420791,0.1827698666399503,0.0901900718317593,0.2707955559734476,-0.007491125810080183,0.25718905993728663,0.05542636542044488,0.5710811146961493,0.20753490554713605,0.2693013592200738,0.24249907104818996,0.22908974861473005,0.03906957452444827,0.06723442409828352,0.17495529452491973,0.07841357984348697,0.3789489470511904,0.17605048301781948,0.36485393184346593,0.08208532847454167,0.04814399164960304,0.20380162484048833,0.6529276462557277,0.042693606070803636,0.24079106058289812,0.4847668189904572,0.11822453893372081,0.11023644087105346,0.11790138537156511,0.4262461326062963,0.12758567083357392,0.1603193414712503,-0.06943306386813496,0.1843099855389884,0.3198955902057176,-0.05490680079794235,0.06345786389789387,0.10584351692193823,0.3330736569896979
70,-0.018408050162501584,0.04838884191990925,0.13253372012873493,0.07051272831369303,0.1613535875242005,0.1288834672032456,0.15200579675479292,0.16192655866154465,0.0810891627030731,0.116860248426642,0.01108930928550805,0.09983818410017106,0.08275917828746755,0.031217070373303814,0.1991066387727453,0.20651833991692414,-0.026647850387896896,0.12129335290322657,0.07610564160629817,0.10766350222344505,0.16071585074945957,0.11971112920380775,0.07125876638254808,0.194537348257558,0.12676396790626046,0.14186898299969863,0.07660542291673939,0.13605175533471783,0.27467610020900335,-0.0016249329377401296,0.34200260817768174,0.15929517368418536,0.13380637858275787,0.1070212918495871,0.05654455569865873,0.06220283075068312,0.0965565765747439,0.010217679757829012,0.09784996469163408,0.009227946427631393,0.2655805185100713,0.2081878142047955,0.07279373834940318,-0.054252568410740054,0.10586395973325037,0.0750040067338502,0.08268027053695595,0.045158920797185906,0.12034859043262756,0.06329473242515332,-0.0033085173367954804,0.08153663040007161,0.051295113927319176,0.11048258231805246,0.0971012288864648,0.07930850045544825,0.2225570292321532,0.18866664011739043,0.17696919015074405,0.056049894809063874,0.09811655569328524,0.12136310173066026,-0.017657592909876136,0.18613273602829541,0.2582661657413463,-0.0020799886073826087,0.20037022125759887,0.1187132934347907,0.14705052955426332,0.12153864385100102,0.9999999999999998,0.1280994793128925,0.05177501874142345,0.18227110066843383,0.23326449373821526,0.07044344578788253,0.00878908198420797,0.20179023598261991,-0.007369476942127608,0.11611218875411934,0.07648212786396949,0.06121849436924259,0.10163524149272424,0.1766520593937204,-0.002476239915708992,0.12392289890848268,0.0465201309437221,-0.10929136184675331,0.032816473818639294,0.04666375596613238,0.10342262052104169,-0.025987250705224136,0.23592356701184228,0.12184475695657804,-0.04039362700618119,0.04479224351766312,0.3359310645500669,0.1654577833974892,0.18323071296010818,0.12797045365090348,0.12616820325373865,0.06335253341413072,0.5491822081035082,0.17577693194909322,-0.017981444830505067,0.16123798638993928,0.4284226831222768,0.09706629773291678,0.022216448869172973,0.16870311594526535,0.039684262630551054,-0.07284487328366511,0.16482334864232653,0.01626408501628072
71,0.166567016261162,0.23780294227777318,0.11016576296059487,0.15267252797264874,0.17402553453923703,0.31692708173424305,0.2985183505900548,0.29852018083997844,0.40124260949744395,0.09421024439151827,0.2981830427303114,0.3275836316297141,0.17821283390400214,0.10039969633733278,0.1718897035415503,0.11711128682696051,0.15351782766381764,0.11947743015200224,0.2170555494495437,0.002201033221600172,0.06151508967490635,0.40135693716689824,0.13938207060659166,0.40207031115561387,0.11401922173108363,0.23023650255285633,0.27750487139736285,0.21025903552184969,0.09567543630443918,0.21920392357948423,0.07917660600841721,0.5731209744895799,0.4439856579732414,0.12143952813677349,0.18059963358920766,0.28385962658752434,0.19889088877172845,0.0739789956934982,0.07413387976786079,0.18622924870761137,0.196421642757705,0.03204798619443371,0.16865773524100075,0.20861673794846242,0.24043011370285694,0.2069804677117599,0.0567855582142192,0.27451095145467985,0.14390818388895474,-0.027634278526741742,0.35065217560250567,0.1764881100228157,0.15267557428068101,0.3222543110075285,0.3290712575269694,0.14674480022215683,0.19184502638251835,0.16631168604149152,0.005990831767851903,0.2494016892534511,0.05482928807284426,0.4447156407920617,0.1209621130308622,0.042016195692350454,0.3402324803929137,0.1341396123297545,0.16903025345280723,-0.03473594490972763,0.25426491192573597,0.2032654004635141,0.1280994793128925,0.9999999999999998,0.2118093962971279,0.05655206949244103,0.0399356144113528,0.24704275946514637,-0.07286990237892531,0.09760479387925033,0.10314134577444939,-0.02150542965460442,0.1348227580229929,0.5125387458095776,0.2030767426418186,0.2253685762833894,0.14276854848235382,0.19615584338585312,0.03970277828793241,0.03406204574686183,0.0836524459624033,0.34279033507083284,0.21924185308159935,0.06231519981297423,0.15746138374901064,0.0894149219795423,0.052732424490208804,0.10128763060114333,0.2812138810692778,0.24463578473855593,0.13413499894915096,0.30295696565811747,0.18736770038068842,0.5365970149315469,0.0780169769164513,-0.024434629737261425,0.21586238560764195,0.28545295498659634,0.10653347506667507,0.3281449420519125,0.002165003415450156,0.2275549706085924,0.20566655731097394,0.07667897795766913,0.27544306040300665,-0.0016216424872728145
72,0.2522372993431932,0.36204350874957725,0.016964941176536585,0.3479289997190162,0.055724329195769105,0.07261036100380219,0.21512049310409728,0.058073230430815075,0.4538476910160575,0.09659363290119813,0.2000409747185849,0.1875705371075007,0.15850312898495675,0.4071667559862356,0.09337413536590013,0.08548370658305159,0.05133609017562487,-0.029933209875862524,0.6258896490416416,-0.04367352253476417,-0.03324975108567248,0.34653444506260744,0.34992168321675815,0.10510822418866261,0.15822522604201653,0.2880106596533109,0.31059554521507576,0.2064331458130571,0.03806283241588651,0.14746640897268284,-0.03647845331191841,0.24085807488740169,0.1985250222817899,-0.10404357001572083,0.22814667038518135,0.3529626387814593,0.5765522169769421,0.3013254701651279,-0.023576118958470865,0.24319575610055974,0.0477431748471188,-0.004575833365844604,-0.008561704643908265,0.19823640851160163,0.02722562162982418,0.3306166899615125,0.2644874478399373,0.12671280438423135,0.2986802846153924,-0.05437430606760486,0.45534138562538484,0.15727673115941482,0.40051853895079265,0.31329361887706936,0.31218819098340445,0.3133465576493181,0.1064342764101635,-0.015626078543269955,0.10399905070461676,0.21496512776477678,-0.08528417420561257,0.37483328187544734,-0.18508085425253656,-0.018667438730687227,0.035756390977561295,-0.034354578588897185,0.04963268219136246,0.14231051367223624,0.13814331878125805,0.46985861179646976,0.05177501874142344,0.2118093962971279,1.0,0.32888750467842204,-0.07831937783486086,0.1985234915143789,0.14311439384272537,0.039738668784253195,0.25699066660964365,0.023113475997017487,0.3694268348210263,0.1064660728582924,0.32554601079421075,0.14850998561657672,0.22997867701961047,0.23255051448231565,0.21379785310454807,0.015796288435483953,0.16731458678654584,0.32733644182319493,0.03760128696797782,0.3516566613124979,0.24837024982855885,0.34723556333553984,0.062952598032714,0.10992025304802659,0.08372013231806862,0.36215015423918767,-0.03221522676268596,0.2233323042734548,0.35631480208587646,0.042419885216021073,0.012602647362619998,-0.04798828639252843,0.266424421737493,0.16747741096117,0.09995103933949898,-0.03345035569609651,0.09869473184432373,0.25362112654104635,-0.051700160290504,0.18691438251426915,0.11705370865638766,0.14211767191644736
73,0.21381548494032793,0.0836575954513696,0.14903018486567954,0.19829813696423754,0.1345984792480015,0.11080275803125811,0.16022167562035874,0.08859932910744467,0.19514171351965193,0.42773812437356795,0.0650220568353359,0.19054689677812048,0.1422194831282876,0.20255591596640346,0.23428920123272645,0.16239873322909767,0.0568440329965702,-0.021047691218460937,0.25481539067138065,0.04303993051970016,0.05305454527079403,0.048488166229091245,0.2797473841124376,0.1696131530682458,0.40514297190641335,0.22576390479972408,0.11579173829378181,0.14225224473254178,0.09767688345939934,0.10357484297919152,0.1339056257301533,0.19528488063688584,0.13321212140962846,0.07949488406727734,0.18946561782224344,0.2611579233183695,0.24819618278953742,0.1311956450569712,0.21644780393117757,0.09707851839741251,0.15838378650906526,0.1494474951200719,0.10953729808490509,0.014658195230885109,0.03709509004555657,0.09510471369400651,0.09742616567616154,0.19132212495102535,0.3740117286501799,0.03867108065557252,0.06439047705904452,0.16719330691769288,0.29286953611338734,0.11670282767903113,0.03881730298438962,0.1966881770038943,0.2194387539671862,0.11743840341838944,0.3985914554250331,0.1329867622830883,-0.0127461302300229,0.15502343691815454,-0.11816583347223877,0.13898161546323515,0.15646693695018782,0.008840669540063012,0.2804464993993183,0.3911484222089301,0.19914186977812098,0.25591699103131194,0.18227110066843383,0.056552069492441036,0.328887504678422,0.9999999999999999,-0.015706257638054485,0.042949748817373935,0.44810126910138737,0.14918265491069016,0.17798697395060403,0.15956701431145992,0.28618809945430584,0.09650386755517223,0.2376021712364879,0.16651333135477184,0.1542162223235706,0.4686730951739111,0.2670939781197534,-0.0629569602554655,0.4365595225827038,0.08929096360886715,0.07566750670411737,0.33490300653812854,0.6186805718878954,0.2006691187596921,0.2833136145060397,0.33255175489343525,0.26669987487053354,0.17839140100499612,0.04558296613687368,0.30572973217013266,0.2899279807213306,0.13252006357458002,0.28988066082021663,0.17996593704827088,0.05033605365685681,0.3249145307309976,0.3145312979145595,0.061835612040767596,0.20622208020184843,0.21786786831603122,0.025861896996067776,0.11977632206069755,0.19796131065021227,0.24479221772730583
74,0.15219194961694293,0.25627464423491036,0.23079128250160794,-0.12298374669328516,0.22076173101752167,0.01886136864110933,0.331111739946833,0.18069048347384645,-0.04175505689924459,-0.020156706379020426,-0.0019874520390018306,0.022092604341964438,-0.021521469415408664,0.04600184034493421,0.06623096786384541,0.37533247798233177,0.1618516266803994,0.3381331592442386,-0.021554602644324416,0.5307840312318477,0.1120735603713032,0.10182912249246395,-0.018930098546285534,0.056622589135162806,-0.10538772033314821,0.11109040436419887,0.019599247313520318,0.20152395110887567,0.6601054930822873,-0.03762054209625823,0.5524779549623103,0.0011742511516184679,0.1300732762810926,0.12560420478280002,0.01886291323362809,-0.17510543189957573,0.16492260791783087,0.1595804116955401,0.019976949388437387,0.09444970200480396,0.4565788413684124,0.5159639939997301,-0.016125302896120675,0.04303943919155801,0.21273489744289723,0.22225268423613997,0.24847657668954964,0.1609477811944619,0.14538971319528798,0.32154046363334504,-0.024134303667528282,0.16249353980511402,-0.024427221030307412,0.13096830021988054,0.31015950079633503,0.2737349732297291,0.0877848718691735,0.3300012417586216,0.2830248024821871,0.039506966926626176,0.274291600714107,0.007285779177530391,0.07088511794140506,0.5371828281322274,0.3047006838759338,-0.12480724236210508,0.027110922261699942,0.11898760520835966,0.2112271900262362,0.04517164776316448,0.23326449373821523,0.0399356144113528,-0.07831937783486086,-0.015706257638054485,1.0,0.06960169691826641,-0.028232577525348978,0.21064205726552618,0.1768732852789763,0.2030086344581877,0.00034628821303264755,-0.15169341924032745,0.07324535145785221,0.16008998602481467,-0.04703988886804161,0.2186864014298689,-0.020937581141510724,0.18135266449397244,0.0043920374140390935,0.06341666146703873,0.1335562770106817,0.016929265421486952,0.060199382183498795,0.06867338938562509,0.18282224109731324,0.182184907284805,0.26955711813364985,0.04536867108135698,0.3541716449606125,0.06078015818502698,0.056617197440413936,-0.1571839765967892,0.39341292667653543,0.006531118463295953,0.1507593667629518,0.3058321158440045,0.15490591296159942,0.012978177899855264,0.014736735436188073,0.04183388105248891,-0.09023016530973499,-0.06184136969529246,-0.04965443812061131,-0.009139508909333988
75,0.15092720587953912,0.39904248527956476,0.06936078682263211,0.39675942393469,0.06393425527899438,0.0596240185942216,0.015381901025246465,0.2152639618776173,0.35152214490499223,0.1740864143878059,0.23411158619397265,0.16325746977844655,-0.009831097305097998,0.009169812383302183,0.19803699845688888,0.13955584774740215,0.39167932360246527,0.31255180585528136,0.11837868790987581,0.035907487267731644,0.046639074193253686,0.16482834681203845,0.07011901980351458,0.10327583401995259,0.18518743304392565,0.2318829266536551,0.5259863236058033,0.4257254361086483,0.18083777644554044,0.4647245487511378,0.04059014736781057,0.24661961337673566,0.2624335253682883,0.0038174438864553187,-0.016294155368732476,0.24633348635291039,0.1783848336084443,0.19868612792146612,-0.009533182926703377,0.06186190481304468,0.02051639568618432,-0.04431785778779711,0.28688988841047763,0.3477121853730042,-0.003668827358025796,0.11492799459535859,0.09003693576465072,0.10532631428205655,0.0647645682224206,0.07919969317887436,0.18465375565407785,-0.0007100385720685233,0.1916701303239821,0.05920517979010083,0.09710915462152925,0.09583591017480318,0.11073195051894465,0.0711756211438899,0.23734211431355856,0.21393644165346523,0.00783995994374128,0.11823133796602589,0.10112883239381831,-0.0004607523732025503,0.026883328013841423,-0.03334178837049739,0.006367142651979317,0.050572841710085366,0.29110462285999517,0.2639546949420792,0.07044344578788253,0.2470427594651464,0.1985234915143789,0.042949748817373935,0.06960169691826641,0.9999999999999999,-0.030342182040005966,0.049245147891664266,0.29390668514715934,-0.044337191089861255,0.25114318728613494,0.035277419112972844,0.05781549360003839,0.3052522717824664,0.0031471053982477164,0.04333635869821966,-0.07508068900857051,0.3316131029089347,0.20612913493064647,0.3703872443184598,0.2711193235300964,-0.007581663796901278,0.06386741111978439,0.050384644538666666,-0.04120666980731571,0.1636128835240363,0.06979593907499743,0.3730171214721126,0.10088996601805275,0.10250312597796626,0.07859556633556411,0.28438313033225227,0.0703618085987647,-0.009252663312165142,0.21382402294573358,0.10875814013785716,0.09231392660231959,0.13636567455018456,0.05048177585289483,0.2177042519769991,0.02614797884338174,0.3490016967139515,0.08817880381221299,0.058678227121838525
76,0.26110653853193877,0.01027396502391157,0.11014116013416318,0.0721800183203843,0.05078010507548884,0.0012147682772434567,0.311591785823557,-0.07686273089563353,0.1421303596885094,0.6428470744383442,0.08884316333338364,0.2961097455117636,0.2922738362832009,0.33223475963888477,0.09685162198963886,0.11023022222884027,-0.02733949989335413,-0.04133440581812153,0.21155002933516054,-0.018829065086816445,0.04465352050213282,-0.044267196032944066,0.2878043745808172,0.09189132309511538,0.2582462191122824,0.21939469336646875,0.05533887579896479,0.04614691520805467,0.07127293409698107,-0.01872376668624774,0.1047852792295922,0.4446644328876245,0.22472968711397662,0.0030434408799895267,0.16322302377233688,0.06810868899157116,0.26226681789980677,0.055421842031780404,0.03671274174892709,0.2328041629355159,0.09603652678521761,0.027073816679309706,-0.0016311951541055755,0.03587157657164744,0.026589067622913746,0.17966710332631597,0.18039626158802774,0.02724910928188724,0.49462366722068335,0.08770306360455309,0.044280820672281014,0.3253218569289701,0.12508193526436065,0.1094535696322115,0.0018522742563039818,0.24078918814977757,0.06274724393619781,0.02652180434886687,0.4753231717655537,0.03634116186702218,0.024865774723499694,0.08578080200350079,-0.171121978383328,-0.0013789523301567924,0.026987718712935142,-0.1302997022577066,0.1286624476662498,0.3861378033547372,0.07183908619420876,0.1827698666399503,0.00878908198420797,-0.07286990237892531,0.14311439384272537,0.4481012691013873,-0.028232577525348974,-0.030342182040005966,1.0,0.005899726235413348,0.07579993944531357,-0.00013449057258051354,0.15662561228376473,0.028608281459033845,0.30409018235365914,0.09687199257052986,0.2661725937890071,0.7353680000345459,0.3844811421206751,-0.09053446665616496,0.48903336968191347,0.1082278697209371,-0.02246636402490165,0.3089173903983844,0.24380755283167627,0.21389882522634052,0.5540229881633195,0.38556608618199906,0.14565663284473554,0.14034545357529857,-0.010376054606954378,0.4248772978647502,0.3255312340688861,0.01346259907514331,0.09377564229235398,0.15114076590462477,0.06372242285054602,0.2764366723877857,0.19714001229488373,-0.09708619202059188,0.37708080687516815,0.22243194702938218,-0.11462621853887005,0.08031717374910778,0.053121370329812456,0.2736867970287188
77,-0.10010917468001976,0.0711373432300148,0.11257974306039535,0.09062850138068881,0.5534750813744139,0.3374471091012389,0.16461948976801308,0.25587334893206115,0.0981997250570109,0.14976996562834774,-0.02088223511467462,0.09016758607668618,0.020414055847460463,0.025464845667781427,0.5067953506683208,0.390621831764656,0.031081313535224593,0.13175668269408009,0.09980183902783217,0.3841494248122576,0.6550140312400481,0.1128886062176825,0.11983064527367959,0.26825045958207827,0.3820308839075481,0.23024592349330072,0.09543298196902565,0.22722164964156794,0.4520725438771716,-0.094203792277197,0.4439802576367573,0.16455516828117084,0.10873140043385737,0.5318703096884844,0.031024047842976587,0.08381862649026191,0.021183591201114658,-0.04318296822816898,0.08602890605036154,-0.035814445076725744,0.4460654057065846,0.45675430179165377,-0.00770897542604738,-0.03702034494777937,0.2602287965026026,0.08830080737600221,0.01603661154626243,0.1125652579312715,0.11040664742782814,0.2684559593940028,0.018565550633665804,0.11063768027228474,-0.02530417040646372,0.09828610023820696,0.11881279362881354,0.14702237943542837,0.2157497972845856,0.5498884348016629,0.21931951094890964,-0.03341358822348467,0.32276012778208996,0.1729206040230325,-0.0329278689230583,0.5109827930772696,0.29446051797352235,0.07048356877451017,0.6903054794334517,0.10481329188991274,0.3022547954400695,0.09019007183175931,0.2017902359826199,0.09760479387925033,0.039738668784253195,0.14918265491069016,0.21064205726552618,0.049245147891664266,0.005899726235413348,1.0,-0.005938002260701146,0.4788694698942608,0.19007981683209924,0.13547372524876003,0.08504485272028613,0.28636338198465355,-0.03548568431651212,0.18458652256138552,-0.0293892814817644,-0.06684672668144857,0.02286243623304823,-0.0055462892504525955,0.0781628133856424,-0.060874481164033344,0.15935216002509062,0.04660632069122863,-0.06110727525556571,0.11394618528813928,0.4243145298140478,0.09820991129361349,0.4089039136711728,0.07226541284153253,0.23503345720650068,-0.05110662473226929,0.25917632802647894,0.4760333413582108,-0.0008638815419990522,0.29455331486536396,0.32564622748638805,0.14975295299194377,-0.03888945304152615,0.15143730723975038,0.15137537371340648,-0.04335974197156154,0.18750184032761377,0.07875851460875283
78,0.33560074012243474,0.24347307179461702,-0.026699254020442403,0.23408266292856733,0.08185592143000685,-0.06872481552137998,0.0739830466276741,0.05690819541335288,0.2939882245838167,0.11748559811735901,0.4221746379449155,0.05266067329830152,0.04748152217157234,0.12490038639838325,0.03654750726548557,0.23238928969312375,0.20583775265991697,0.13285307926174775,0.22450010768731404,0.033000707734974606,0.008050033246963068,0.23954346014002983,0.115281325160659,0.02517989446659458,-0.02598453127372915,0.19791733353756039,0.16730671973167766,0.09245190695398917,0.2176818353675602,0.25952430144441296,0.035905822509857396,0.14947356672951517,0.14215429237654026,0.0009077322056639258,0.08161731335232326,-0.07838032741444974,0.26846142460942457,0.1399114795639126,0.036424820502816806,0.08528698340433498,-0.01564117745665436,-0.0042621336156212965,-0.006067443129850461,0.6109846910590596,0.016788491094556848,0.4044329876397952,0.19886130615241684,-0.07770632405884279,0.181601103164913,0.08096246089627548,0.3178340730890004,0.1891308200854448,0.22410464638501582,0.19214719910659087,0.15195940939944097,0.1710786684411367,0.06848717666134338,0.007141270610385198,0.2325991133245417,-0.013525790744069248,0.009080625707875156,0.20682974944493887,-0.011687896428920283,0.02234490252031332,-0.15859029523821538,-0.06277535631321127,-0.05300204389026974,0.2018537594831702,0.04857373912364481,0.2707955559734476,-0.0073694769421276075,0.10314134577444939,0.25699066660964365,0.17798697395060406,0.1768732852789763,0.29390668514715934,0.07579993944531356,-0.005938002260701146,1.0,-0.013311588263561352,0.26274424870019475,-0.016708870588240835,0.2510504677123555,0.12202694210762262,0.1754308522385,0.1405129688918315,0.17668522182743301,0.31820245293611193,0.1265965185920187,0.3924338343666779,0.04866665266420189,0.2432912850986097,0.2962290528051096,0.29035777077565095,0.08687770111546539,0.1937530243090693,-0.012164952059836807,0.2919770874483412,0.06477607672464857,0.0945295705855052,0.21578117618501558,0.2192862480296242,-0.03446787149338789,0.01830633133747661,0.5055794609583456,0.00420156065162611,0.060447203792244816,0.04025843627123744,0.037735155908192354,0.35152485408044387,-0.07963451023197438,0.1936014482255764,-0.0036130888615532215,0.10592936489761288
79,-0.02997413227245773,0.08324848735027245,0.15017050421636496,-0.10534453748390793,0.22002219602625142,0.07626143998205484,0.005973522828410504,0.13340092609708407,0.01098760003283001,0.01764209986183917,-0.062325880369906,-0.02905816865045935,-0.09216798440492294,-0.10707690212218417,0.2777577113512678,0.17230454388103358,0.1286936612963551,0.06872260994704504,-0.022498559604776792,0.48495107310321733,0.5442258041208987,-0.04944801397262358,-0.08433248583826482,0.09233439703907124,0.2965142952703758,0.010478827995050932,0.00870262785431782,0.1080715486750422,0.2736004817273002,-0.09682968148476563,0.2616811275402759,0.002204242537631601,-0.09153288811014487,0.4014571464692341,-0.1023051064826288,-0.024064278253649034,0.03944702863813636,0.07340814459048105,0.16237893223161687,-0.1633051555065051,0.19587590359914508,0.3178697035500799,-0.08564922904094185,-0.13041055394412499,0.15251229265882854,-0.04567681707668325,-0.043218276088329774,-0.02896579617303685,0.03304370501933079,0.31443669025547766,-0.14276367520639083,-0.04808426653797768,0.05731689169554845,0.0055245014387994016,0.07520760400667525,0.011247008132558713,0.0463286834686239,0.27550541320106514,0.12542862219583484,0.03808662946668948,0.249303996526839,-0.02452018547502748,0.019431044213400125,0.521763037454064,0.07323024153632786,0.0936301462963405,0.38636207217187896,0.030281623662352854,0.06588227672205692,-0.007491125810080183,0.11611218875411933,-0.021505429654604415,0.023113475997017487,0.15956701431145992,0.20300863445818773,-0.044337191089861255,-0.00013449057258051357,0.4788694698942608,-0.013311588263561352,1.0,0.036068242007335244,0.013545772150222516,-0.11727162888193984,0.060376857925116864,-0.11170056522177509,0.07238645376034449,-0.1137954362219339,0.027976411162239943,0.01082304862889017,-0.08350485911828562,0.03083561451399449,-0.0960044909959777,0.07621620217993688,-0.060733690009704605,0.020165017880677916,-0.022785128112890123,0.1523083312000811,-0.025518418779912115,0.32135057773082165,-0.05486646855027965,-0.027329869287278038,-0.13088548088070823,0.11537713028485658,0.2835160496712931,0.00455657505051832,0.17614093511397724,0.08021491349747148,0.1539855739511477,-0.09086022560318542,0.03630800204118123,0.5102122173020116,0.027081297025025857,0.04642746061821889,-0.10484401613601471
80,0.03600401993487697,0.18078026616421825,0.0826690854790682,0.6257607536219233,0.12931708091115762,0.09022308510588452,0.1124744886703904,0.1298291504972177,0.5678326370959405,0.17815937651928268,0.24826786083043714,-0.015040082472293577,0.024810828344093247,0.25978721644940994,0.2369272817584322,0.33895937026757994,0.018510552393446646,0.1942060063260007,0.2769274512774194,-0.02863913662501521,0.05335268226201531,0.5276466993002855,0.25673334389303076,0.03763123819323107,0.4144165243584801,0.43859426442750826,0.45989463019052645,0.3910227284509471,0.30650098715309254,0.3009799047816314,0.17409819979295987,0.06001170815508923,0.14006033100025927,-0.040484789305174046,0.09577123577017138,0.09970184923303418,0.21005915688459026,0.20902734041531823,-0.0536383497040306,0.08727760599604112,0.1735423021098752,0.05282880945734265,0.14547694420640359,0.29937329629942144,0.12816965995970034,0.30301149851647247,0.0649486182056537,0.2572839012612235,0.1502577001845631,-0.005429072417992766,0.3835555796799014,0.05546108436429807,0.42688957761369895,0.054702665832177616,0.13257678000953968,0.27851998979200837,0.16885470963568053,-0.015588896411234128,0.21272430619897506,0.10696935792730382,-0.09244901825216188,0.25596031692479915,-0.054352863770876524,0.16635230733994724,0.054001777084531265,-0.04120210672984414,0.22894865218864552,0.17376778234347784,0.3249497820284381,0.25718905993728663,0.07648212786396948,0.1348227580229929,0.36942683482102634,0.28618809945430584,0.0003462882130326476,0.25114318728613494,0.15662561228376473,0.19007981683209924,0.26274424870019475,0.036068242007335244,1.0,0.1134497728199557,0.20034434718916286,0.4319626763125312,0.0709155692464371,0.20502895366074445,0.15026418012759074,0.17487660594277674,0.09406817188459375,0.3275111035019404,0.2561917067384947,0.17992947784800822,0.0990781642075059,0.28265685915793665,-0.03355347066198001,0.06759547636726827,0.17694558948523517,0.37859880009109675,0.07618340181087627,0.05541571973134292,0.41744843631602657,0.19635319144619023,0.15895321358889744,0.16856377023338345,0.3207684401324851,0.11504718891863056,0.257497650190261,-0.006946151243707095,-0.008673687668170945,0.419707365725853,-0.024036739836749935,0.028519745182137814,0.28036265061547205,0.24580195410176411
81,-0.08304351477829285,0.033000466749517524,0.0033424131225062367,0.09602791827522782,0.13604663898962197,0.3677643737685318,0.12330580283554606,0.42037096510428534,0.16073808180993743,0.12116806688595759,0.28004979342396935,0.26313452974294166,0.11570631562037619,-0.015280600579909435,0.11660588758631185,0.060721768017643785,0.05091344849580098,0.0129019102131749,0.15620833825733918,-0.20090979903014403,0.04429065581488175,0.19324541703529322,0.15322874211189294,0.47382342800407934,0.17927171230240507,0.181393375627349,0.1635400773137095,0.11585766420362598,0.06965422883605421,0.14156812061647528,0.01016768752965998,0.3640981999277282,0.1842630239880136,0.07391778805706685,0.2064400624259402,0.2773610109671122,0.016301276276392957,-0.045204700035414526,0.3178185039969596,0.03471105279204377,0.155106271577467,-0.056499820019517116,0.2606503278064389,0.08211677649281575,0.26391660690100366,0.005292452869486939,-0.05150584569519817,0.12812422046920577,0.09503725799128462,-0.11415698079319811,0.24602454748756888,0.0832076540693436,0.07086309436792762,0.2002682487996313,0.21401262090445727,0.0034024858841480553,0.17392116788132447,0.07996861053814588,0.010437430872733728,0.22502718815719766,0.12266108108918561,0.30342516130620084,0.09194506872841936,-0.06604787244290844,0.3070869782382764,0.2919618697292664,0.2893264613006123,-0.02484715386474628,0.21804956764561337,0.05542636542044488,0.0612184943692426,0.5125387458095776,0.1064660728582924,0.09650386755517223,-0.15169341924032745,0.03527741911297284,0.028608281459033845,0.13547372524876,-0.016708870588240835,0.013545772150222514,0.1134497728199557,1.0,0.09300208785662722,0.11944824192864205,0.12180921744460659,0.16901000356476656,0.03106190856970666,-0.06641518192400149,0.014792374835939093,0.1694123667394669,0.21368081419595064,-0.04160450084767866,0.05650770311875016,0.011784027513055198,0.10488703104710052,0.0708956251282805,0.15833951873862878,0.0726340241732534,0.19450986989640534,0.16816919462170235,0.10585442644216869,0.4414065946096926,0.014886917195400787,0.036254562710655844,0.10750476290292911,0.13372932171811444,0.08385819766998896,0.48239372421677496,0.06453322719004433,0.06573744442869064,0.27028311813244477,0.1370456883305911,0.5683125105917209,-0.020060423390065297
82,0.37924688905629544,0.02829299100285552,0.021852020487059438,0.2511596578523573,0.08076756096203858,0.08881132936776451,0.3600933789917959,0.014890139674099185,0.19786485155979516,0.3828127857767555,0.1250890076665102,0.35773613583066455,0.37585363166843894,0.44185815440355997,0.1419092468709349,0.19724346026712272,-0.03653763515651363,-0.053740234260464106,0.3200447276200118,-0.1411413324174789,0.015312997330202248,0.29965812582859885,0.4972421476387817,0.08193079841415678,0.210164729640493,0.35053433549652546,0.12748512345009297,0.10908040427747964,0.14617236295124236,0.11186808205800416,0.15336878297375778,0.3556415195263752,0.23034497295996265,0.054406996074564354,0.3644045841008706,0.03270451098783594,0.16195099665426918,0.07601403184717219,-0.09443924938665624,0.2811336561337968,0.16908975619217506,-0.006304974433301332,0.06398631641350033,0.12737352123593332,0.008546057649387226,0.39519082663727645,0.430731118245045,-0.10098149488281767,0.4477096095508711,-0.10201136463649527,0.24144982434504086,0.5303868146778283,0.3280967428543779,0.46379771928104213,0.3155615894905623,0.36657847895118584,0.07940291842270167,0.07972051783561734,0.30031775369716085,-0.03552826180792374,-0.1147470219770849,0.2108636268340794,-0.261739050494317,0.0009753863197612243,0.11053259439624892,-0.07526155455878933,0.15449284861715842,0.47329478840112926,0.10287664095364138,0.5710811146961493,0.10163524149272425,0.20307674264181858,0.32554601079421075,0.2376021712364879,0.0732453514578522,0.05781549360003839,0.30409018235365914,0.08504485272028613,0.25105046771235545,-0.11727162888193984,0.20034434718916286,0.09300208785662721,1.0,0.14159953780724438,0.3896919104651398,0.37948022972590156,0.49909959817410715,-0.006670656461398094,0.17544292528224947,0.2300976818270022,0.027021416014908373,0.49881040845173347,0.22430883902944643,0.3993955189328523,0.30796580005304713,0.22504582634421702,0.2323397160749766,0.454811321015057,0.0019926267197495065,0.39796811342252336,0.5839058576340163,0.13844884533795915,0.09138180912411324,0.11722558001460598,0.21875480741659845,0.18867617491860758,0.24826582343873668,-0.06227388330294057,0.291232567259506,0.29788706094550516,-0.09286639809940489,-0.04949577175549594,0.12489669674199573,0.36486260297717554
83,-0.08290671164902047,0.32908232063201626,0.03544010927106281,0.23744392721333846,0.2215680619120464,0.3480484257927013,0.115988724661126,0.4601305341129862,0.2994902789946268,0.2232295839180325,0.2115815897318632,0.1225004882554439,0.004831368226897498,0.04335268753095183,0.19231616702426763,0.6670816405331444,0.2624453526509642,0.35036157568923854,0.14181810934262443,0.06397252132725788,0.1382770919260708,0.30406198483856267,0.16794783451653292,0.21931875700669246,0.2849641565161626,0.2625068031531821,0.5150269891739455,0.44159133291906705,0.44181222550777727,0.1256033438145325,0.2989425947470633,0.16934522636203134,0.15526624575791975,0.09729038799571457,0.07166032206352559,0.27015691451600793,0.11322130446273117,0.11606591037120986,0.24821711080637454,0.10454339794358859,0.24484849665057165,0.16680854481601554,0.19567594322635587,0.09121201226894729,0.4342659025548858,0.12661385277974274,0.00491675613269236,0.3888115080030528,0.13487211135326516,0.07048962502731317,0.08306095448386638,0.06173190613181278,0.19402124120820582,0.12318205092860958,0.13193800572701886,0.12491879230147947,0.15894003101570078,0.16075327076541365,0.23375380397062054,0.21787920102567665,0.1841254609201933,0.1817303320640754,0.3176545540855068,0.23056169842482271,0.14763647248836248,0.29495162502033817,0.26137884032325204,0.10204865681334671,0.5721176971356202,0.20753490554713605,0.1766520593937204,0.2253685762833894,0.14850998561657672,0.1665133313547718,0.16008998602481467,0.30525227178246633,0.09687199257052986,0.28636338198465355,0.1220269421076226,0.06037685792511687,0.43196267631253116,0.11944824192864205,0.14159953780724438,0.9999999999999999,-0.051034366926090605,0.2281420750934975,0.07493330181850938,0.24889863687626768,0.030922133909668713,0.12018610967907913,0.3385858558301808,-0.08090174299268296,0.11879919578786997,0.15758747001078455,-0.03751997293692474,0.12423882860867629,0.3010327470794857,0.27667214615875657,0.3963058948801301,0.11149419828477043,0.3014226480543222,0.053673222170826256,0.14836246732084363,0.2080976885138556,0.10192659518968578,0.156446688802382,0.29058872452005674,0.1401245761806455,0.03658238212734206,0.25175846605218144,0.15150158291271937,0.1667480745262768,0.41124305947469075,0.15333442693001004
84,0.3017806091642924,0.03559230675132911,0.04553989368560086,0.1288867131354631,0.053852960778942346,0.013685075655407811,0.32858727445625596,-0.06001114050625478,0.13710668147240304,0.19301712659527623,0.07070105224692506,0.2598766681219134,0.3160712909565702,0.3445387868880348,-0.03130161335865592,-0.05845242128227235,-0.18571025874051392,-0.14400251709955997,0.2732380834666291,-0.09897096729860995,-0.006145555508421131,0.19096192953897928,0.37539679272596105,0.047227747522302015,0.05526605319728742,0.20276165072753832,0.0800072219676605,-0.016221831957861026,0.06273459959772697,0.11042095904933773,-0.00041458130690222647,0.2667848957464572,0.1591334141596162,-0.055972737734053826,0.4346045523012721,0.07549592310169688,0.2818527038979827,0.041052125259111324,-0.1579374351596458,0.3018692702031205,0.019042903326754936,-0.07182403345900588,-0.07133266027743969,0.07475840863461822,-0.08434593300706382,0.29317139068054704,0.3439289918851447,-0.054172253517422664,0.5377884231627027,-0.1441113208000672,0.23400095604231344,0.5132232810683135,0.19540122660703033,0.3333710704703682,0.24551242718778357,0.24620780337388704,0.012206301976940184,-0.03259130872914946,0.12347926810195516,0.00014290901671007767,-0.1597679906551933,0.1028495509732161,-0.19685795171819184,-0.07086523309903672,0.037171638089558284,-0.18315899713296793,0.03247276318586632,0.30268654253802857,0.042641045105482604,0.26930135922007375,-0.002476239915708992,0.14276854848235382,0.22997867701961047,0.1542162223235706,-0.04703988886804161,0.0031471053982477164,0.2661725937890071,-0.03548568431651212,0.17543085223850002,-0.1117005652217751,0.0709155692464371,0.12180921744460659,0.3896919104651398,-0.051034366926090605,1.0,0.2698694787455673,0.5953819693604895,-0.03524736910534163,0.15180991097237384,0.17074790671972395,-0.01012552855752181,0.38476869558877025,0.09728147006781698,0.29790337450089077,0.19368463767518931,0.1312991459492314,0.07209261171098792,0.2675511047707718,-0.13365855073416025,0.3175561586589226,0.36177743936318985,0.10868476356855156,0.03548189146658755,-0.009623597438220832,0.21011390643954056,0.05743808298375207,0.031063097699309174,-0.0820194049643098,0.282644360778013,0.19633917315218274,-0.033754072481647766,-0.061878095660290545,-0.005278615735051078,0.4050408096662433
85,0.3102053663073098,0.15640125519956097,0.17935449984867322,0.10447136146010512,0.20122271408503833,0.10063890768885636,0.5560455556891776,0.09996973218693739,0.27484752284644187,0.5726449186545955,0.10533505242469572,0.4316342208041651,0.48201324784927746,0.3724461687523208,0.18447931339334273,0.2609310407370009,0.03023213874870472,0.10083701349020573,0.3063581861481249,0.17108178240665423,0.05782878219255424,0.10411695581162217,0.32519645376180323,0.23053474235618593,0.2711495029664342,0.3955990470615822,0.14935960956633051,0.22500951080254608,0.32566582479538636,0.09136530657503607,0.2682499085761786,0.4865631559610766,0.4812905531562573,0.09684025452212831,0.476524126857681,0.09335497376025538,0.3546379100767571,0.11606716034456355,0.052698892033586416,0.440132024315613,0.283544088293953,0.21010424320360271,-0.03618446917014622,0.06472326766895285,0.2244606295777402,0.39145976999258003,0.31217024652311315,0.1414215552913146,0.5627055900896171,0.2105520374453591,0.18183841623528274,0.4511533764209976,0.22781908045123195,0.3217280206601702,0.26545331931439686,0.48837071459607767,0.19733595360083636,0.19025796185271915,0.5103283243563187,0.11548643518798782,0.16193714498615844,0.23537819313036626,-0.14692284993786545,0.2588087096313599,0.23075913740605963,-0.14484305104701412,0.19143570065690407,0.4436204691952854,0.22577432636999656,0.24249907104819,0.12392289890848267,0.19615584338585312,0.23255051448231565,0.4686730951739111,0.2186864014298689,0.04333635869821966,0.7353680000345459,0.18458652256138552,0.14051296889183149,0.0723864537603445,0.20502895366074442,0.1690100035647666,0.37948022972590156,0.22814207509349746,0.2698694787455673,0.9999999999999998,0.45676113605879365,-0.036793616926123825,0.4923233368943366,0.23416844886993957,0.057684126886680114,0.3694870152046093,0.3183407302181303,0.26992384203062386,0.6747888875824096,0.40085606063185497,0.3688068650096742,0.16411118591172458,0.14111924293697395,0.5146089604048928,0.5166810984649504,0.17635721366511406,0.1733049652189316,0.1489662391953527,0.16855893181672463,0.47348236059800636,0.31522650812019226,0.06550572365559325,0.5216525164087491,0.21387618650619383,-0.06113749714044549,0.06574168471765512,0.14292149839839996,0.31299228829026166
86,0.27933654856810125,-0.01213844126483564,-0.012367284235915741,0.19243568710363906,0.050420513559869484,-0.038732057486244795,0.4238162983645898,5.936010114730374e-05,0.10321937745068113,0.3037583076307436,0.08160937501189094,0.36945613999872157,0.7008231686793415,0.4191659134967033,0.028772282036325,0.009311112599532946,-0.10444026349528743,-0.07123686604443534,0.26241509447563033,-0.12587620180270548,-0.05855791803746105,0.09318265506794844,0.40713146827507907,0.07068779194031873,0.09651453637607953,0.31903464183766855,0.07265379822730775,0.06348806951231867,0.13179653105909578,0.122497279561923,0.06022821805188991,0.32922516153156856,0.2795671234095663,0.015104189175140934,0.6099098146914045,-0.007315747256443634,0.24452394383842374,0.10322138221535207,-0.07281227297639317,0.3626326931346625,0.08274255702648595,-0.08596317382293862,0.02777587263296469,0.015011748496666021,-0.010358710598999198,0.40971107574786153,0.2788491800176579,-0.06818842458035898,0.4164580321960912,-0.14236119354835705,0.1981402051411718,0.5840520580864299,0.2707638059171927,0.36290325248626715,0.09355899828411343,0.3010509575509793,0.057175300554459935,-0.0504375877578996,0.26880786950733543,-0.023722963531479863,-0.14012774815709178,0.15693918100663673,-0.15871922862047785,-0.02078198007373388,0.05312574728479308,-0.08806655965139472,0.0808507634762895,0.5009675182552221,0.08643689936366027,0.22908974861473003,0.0465201309437221,0.03970277828793241,0.21379785310454807,0.2670939781197534,-0.020937581141510727,-0.07508068900857053,0.384481142120675,-0.029389281481764402,0.17668522182743301,-0.1137954362219339,0.15026418012759074,0.031061908569706666,0.4990995981741071,0.07493330181850938,0.5953819693604896,0.45676113605879365,1.0,-0.04206923760789654,0.26562647915408094,0.13756302641341317,0.004813448446255125,0.4581692556354543,0.25354064757496114,0.3634675380265132,0.3978808204579534,0.15363732360426985,0.15971744622232906,0.180083354124111,-0.09945679039471945,0.5550487054172076,0.4172957571989113,0.12415323848900194,0.017869001461619162,0.028558962486315568,0.16379812029690516,0.0805519053555715,0.14827807540308025,-0.07381714251680395,0.4655307198101649,0.3102206883951372,-0.027795861801039802,-0.12817216387602373,0.0778730040981627,0.43603414078591674
87,0.06894516140297219,0.4771824249575201,-0.10481272237600113,0.088940060398547,-0.024222007722595414,-0.10713399517506503,0.07565746555906473,0.2318381727540838,0.048974035110595976,-0.07894501282022032,0.39247185080981045,0.040393120820784695,-0.08902597603757526,-0.09633336758436954,0.07430421537266822,0.18392490204073197,0.3678123543785058,0.30875365886392137,0.012721307971577722,0.01597036468940338,-0.037593680128864576,0.18226731188046164,-0.06256863880446524,-0.02881196582794614,0.0985620934241478,0.002382021977078027,0.28413006385606704,0.2330172855666633,0.2984642516052781,0.28661637660733175,-0.10220568133972323,-0.04250622595912073,0.06932915403273936,-0.03598247425219012,-0.04533715834992105,-0.042418636716273654,0.049573876516510414,0.28928487603667913,-0.015366892620244734,0.010717770776967587,-0.0689357436373182,-0.022274351418622284,0.01583922639749585,0.2765201864553475,0.0033993657490539097,0.139886059358151,0.11333976355962667,0.17621791802629436,-0.02357360510409738,0.15724295981688183,0.09081281235920627,0.017316557470953398,0.12076285596666719,0.05885509006597809,0.17715947105364618,0.07366487504396858,-0.10149705188390587,-0.06426063727548739,0.0789243096806214,0.18153454424312723,0.07513897401264873,0.04225021376472443,0.3972957679335988,0.09932782555547565,-0.1946313548309516,0.023686268216856696,-0.07022877018014113,0.027700753566439737,0.20593988438192476,0.039069574524448265,-0.10929136184675331,0.03406204574686183,0.015796288435483953,-0.0629569602554655,0.18135266449397244,0.3316131029089347,-0.09053446665616496,-0.06684672668144857,0.31820245293611193,0.027976411162239943,0.17487660594277674,-0.06641518192400148,-0.006670656461398094,0.24889863687626768,-0.03524736910534163,-0.036793616926123825,-0.04206923760789654,1.0,-0.0008120632620732344,0.16600397689217825,0.11078520231264952,-0.03464261766738999,-0.04301376848638096,0.011752133255804572,0.00967050045181555,-0.03793981316269954,-0.1407030855999259,0.0878224846582785,0.10371169678464594,-0.04385447753869587,-0.04209376471361282,0.07170689195058251,-0.1724235560066345,-0.13524994278197722,0.2764071963072735,-0.13072535631592905,-0.07953110332380604,0.052334968477183066,-0.039417080039731524,0.051908063056968164,0.00039238598474077295,0.15252023716823881,0.06270434070113487,-0.04423700519726396
88,0.3155459917290215,0.2112762278748874,0.22625353370997436,0.09394324808341961,0.0816312824197968,-0.022224219587122136,0.39537978238007176,0.0026361558894104024,0.17406522294147264,0.622469094728814,0.05201158934116039,0.43591403679624297,0.32406526562584104,0.28353599391646594,0.10653879607416282,0.049149773653285427,0.04614308651143666,0.027509020468200522,0.17758428241396934,0.15686163800201927,0.017729903191625936,-0.0270552310184779,0.25108085507236977,0.12101489815582943,0.13362757972433922,0.2528124791296477,0.04953207937590031,0.07484589291164526,0.08660048415109317,0.05105574642159239,0.022542961050220696,0.3772132327958443,0.4035974045217905,0.06084035456481799,0.220129600122587,0.22980847914460473,0.42684051314511273,0.1986545207995904,0.05528024891856517,0.31532517050616926,0.04076239764502302,0.11247643586534907,-0.004937770355499363,0.11715250143991236,0.005515439753002986,0.15914791939396927,0.24294301066399962,0.054466759729582516,0.35775552472750505,0.10407279501830667,0.06861123903806264,0.272600129646915,0.18906112273388054,0.08251946949957688,0.15970220722071618,0.19141862899630965,0.16442261987685564,0.0855804323862278,0.6592408431217429,0.08726522840886186,0.23926895458974418,0.04098095420772475,-0.14308896860350823,-0.00852639319532861,0.09982800687062242,-0.08699304568073825,0.07164217409884086,0.3026452022907449,0.0869548171968306,0.06723442409828354,0.032816473818639294,0.0836524459624033,0.16731458678654584,0.4365595225827038,0.004392037414039094,0.20612913493064647,0.4890333696819134,0.02286243623304823,0.1265965185920187,0.01082304862889017,0.09406817188459375,0.014792374835939091,0.17544292528224947,0.030922133909668713,0.1518099109723738,0.4923233368943366,0.265626479154081,-0.0008120632620732344,1.0,0.17831910896757397,0.049146255071950584,0.19361846616838363,0.31503433754153576,0.07931718839130025,0.4089588849846375,0.3576697035883182,0.11399396693454224,0.10185421642756164,0.024227813714277915,0.3962892188564315,0.16145296480871785,0.16772956745283507,0.13742383937239835,0.05367290057650584,0.06610872932584574,0.42259459072621053,0.12273149317555963,0.06482177579009792,0.29727830042068243,0.23153170538119205,-0.003010631587242729,0.28751862290879626,0.012405251949052665,0.189752238708092
89,0.3310180064234138,0.2954729168141355,0.09030705818420019,0.4128165604450138,0.13034804668227143,0.06696532285908043,0.28462800247891595,0.10252270467858733,0.596577573032744,0.19401629006906476,0.407629756251948,0.12142301100882974,0.21815861485314209,0.22729126379911363,0.10557230900778844,0.08950837532340325,0.09233582104540089,0.10887713189915105,0.40450403991434974,0.05457028540405935,-0.04555448557114473,0.525585598006655,0.17698363515320653,0.0742836446638188,0.11069619616627213,0.24771730822610374,0.263436173037154,0.1346053362048495,0.09508639776703895,0.40606187084790757,0.03611215157660939,0.32657603517566924,0.3045800978487278,0.03998377439768747,0.14286960863597087,0.11274905797964019,0.34430122222893084,0.19416817921461602,-0.03296300187579817,0.01692494446084284,0.08602085878124817,0.03820376625947009,0.08892825766121834,0.4229653700825628,0.08393842716226747,0.33807427738389134,0.16449396651335257,0.028000777072698324,0.11495762341536414,0.035029827673626064,0.4587760857964529,0.22492929028120015,0.38371018049167077,0.18956558919052507,0.31073490115710806,0.18516984577172702,0.15580483432356057,0.09212663440612186,0.16857701460341126,0.15213823113907404,-0.03846128598216705,0.20269742884078132,-0.08941323873526194,-0.0045796996789308425,0.017785206012377933,-0.09072110240447663,-0.015097947971140311,0.14855115253029114,0.05617984440939852,0.17495529452491976,0.04666375596613238,0.34279033507083284,0.327336441823195,0.08929096360886717,0.06341666146703873,0.3703872443184598,0.1082278697209371,-0.0055462892504525955,0.39243383436667784,-0.08350485911828562,0.32751110350194046,0.1694123667394669,0.23009768182700216,0.12018610967907913,0.17074790671972398,0.23416844886993957,0.13756302641341314,0.16600397689217825,0.17831910896757394,1.0,0.22375110716104124,0.3008703658416172,0.24993251588501691,0.31039760710031344,0.11030805348901848,0.3009544628825047,0.09292093582224134,0.2775356726532172,0.06990975003916292,0.12507528925917905,0.20815929094622912,0.410636789831366,0.011614161661457593,-0.0643766284011557,0.3916915220528168,0.13895251190134122,0.09911046689493251,0.16075150757856746,0.0492641603584022,0.2996242145232321,-0.1189620372086719,0.1901126785211678,0.04505916944848334,0.12372421065086937
90,-0.006685324932395901,0.18740481083488703,0.07540511150334779,0.07917089375242793,0.1176025702555616,0.16501213253852567,0.06672474172692548,0.3257341694205284,0.1023403207111519,0.09717213190679456,0.2164684822592685,0.013642628597179848,-0.034479512282430486,0.049199846209911684,0.18967033173900422,0.2118432777373151,0.31311257799341097,0.26641414195099794,0.16740556137687446,0.07939227578109083,0.021781412283851363,0.188317715320715,0.017813426924747994,0.16460763503940393,0.21303045124547762,0.15688550244502178,0.25150781770206865,0.4996174029087408,0.29321078122949906,0.2763859243914199,0.1393584971332328,0.08492133132083374,0.09085324988533641,0.06578526846818136,0.06994567117872955,0.33494398971371775,0.0853027127940234,0.23625661366307368,0.25689275981751847,-0.07464219351349653,0.12291581599615095,0.08782313333938549,0.30386925578150636,0.08060287642614744,0.33155276882263723,0.053049986477680444,0.04752491681901831,0.23575715517150211,0.026946522359259015,0.08005439322118203,0.06752151278182585,0.017023884995038985,0.24196056429632803,-0.009472991480973088,0.257092887048949,0.019896348602471026,0.05368601729993716,0.07373459814257377,0.17167595675874042,0.35487101502626384,0.0433817501110509,0.0600802284637446,0.21427186809378712,0.0980628009277658,0.09265211563224457,0.32835271707684904,0.12190964614154706,-0.04816924876775208,0.3404163342098835,0.07841357984348696,0.10342262052104167,0.21924185308159938,0.03760128696797782,0.07566750670411736,0.1335562770106817,0.2711193235300964,-0.02246636402490165,0.0781628133856424,0.04866665266420189,0.030835614513994487,0.2561917067384946,0.2136808141959506,0.027021416014908366,0.3385858558301808,-0.01012552855752181,0.057684126886680114,0.004813448446255125,0.11078520231264952,0.049146255071950584,0.2237511071610412,0.9999999999999999,-0.04373505102992625,0.0898581827762817,0.04063531595250271,0.014699491798535632,0.1055383675331786,0.102961192489905,0.1356159476015434,0.1860314996673101,-0.03771735331166075,0.05498989201219117,0.262353257477791,0.058973571206894254,0.03156048508995889,0.0560845626789964,0.05390225099435951,0.11274304009606478,0.21435085398300976,0.0635072666064099,0.17624312666774253,0.13961819411625942,0.29018699617480526,0.30675810131619413,-0.005222595370971677
91,0.5112266371775025,-0.02321203288353986,-0.009738212356227887,0.13571861740988672,-0.06308013057008431,-0.08516971933807828,0.30152325146948106,-0.09016074877375312,0.23516298805008928,0.21111280013650935,0.11816180426076778,0.1483605231247273,0.4005977701321928,0.493426128943329,-0.00033306007987557673,-0.024674519052816486,-0.11029680756728028,-0.09345261605856606,0.4567307362459947,-0.08240191328423288,-0.11149455030910482,0.18504539193121902,0.4608385830512726,-0.041364823005867274,0.0661740927197425,0.4402925606602868,0.027772114757954814,-0.022898589828573575,-0.01090442097214022,0.1341578667182339,-0.06151262525225435,0.08529526837255645,0.2031975027295311,-0.03997124514581233,0.33945082772885543,-0.018269121820155325,0.3382173525656876,0.14207137775737505,-0.10628593208216708,0.34329597896962066,-0.06047424791422544,-0.11432405456590401,-0.022547434823604502,0.16829032886964068,-0.09975767249157429,0.2606405251088732,0.4957269206453522,0.001062856141966053,0.37879113173962176,-0.07949852778155642,0.2143046869891769,0.41678652306356706,0.27661799931295883,0.4090187703607922,0.26403695674743893,0.45951543450276616,0.0028510002934231575,0.010896116321653018,0.15742541678351837,-0.044729970959128174,-0.1751548848700738,0.08956802172319239,-0.21573131794770384,-0.04000544785655705,-0.11421473279070551,-0.18805153116964213,-0.06833107265945944,0.42441151156346923,-0.08520477936631811,0.3789489470511904,-0.025987250705224132,0.06231519981297423,0.3516566613124979,0.33490300653812854,0.01692926542148695,-0.007581663796901279,0.3089173903983844,-0.06087448116403333,0.2432912850986097,-0.09600449099597769,0.17992947784800825,-0.041604500847678666,0.4988104084517335,-0.08090174299268296,0.3847686955887702,0.3694870152046093,0.4581692556354543,-0.03464261766738999,0.19361846616838363,0.3008703658416172,-0.04373505102992626,1.0,0.2549570176338727,0.4494244533074691,0.29438364607926215,0.15045813575175554,0.010751962899546443,0.2597719114948679,-0.18368215171283211,0.272351378595803,0.40294566839459767,0.061824341252067413,-0.03872740017407457,-0.04887181702466755,0.2975002016794045,0.021318684734106332,0.024225215649863817,-0.16195236749387823,0.29466249029647107,0.2111554705613026,-0.17668647617316838,-0.10455996096650089,-0.0809593419353649,0.36273385777143646
92,0.16977671064399363,0.07875918615156763,0.056223890025938035,0.08517335925966053,0.09445367215066496,0.07090806239586803,0.1677192726722954,0.09819961994832876,0.12479772877175534,0.32501787586676406,0.1311201084527753,0.30599918657918573,0.23040527897581534,0.09818855091333555,0.21818489357949744,0.13322014216772016,0.08966064730406595,0.05695025264766863,0.17028691224782516,0.029334266484576214,0.056106978271655804,0.11159203317704675,0.1450631708842538,0.21464424606464813,0.17789321804585756,0.19190510737725533,0.07407957324403898,0.06118544710391979,0.13348963598128152,0.16503563990779105,0.1724382099469181,0.33940981942268555,0.2932458435920454,0.15575220822316793,0.12517323526385077,0.159729827920069,0.11951095417730483,0.0893631899251886,0.2209796163197003,0.0955985943720037,0.17846525164498006,0.1636427417075354,0.12496117428384772,0.04303598830213809,0.12318848167006702,0.06930313269849779,0.07248408369035357,0.05346951488629104,0.19913580854137844,0.025115638429640118,0.06055636903863344,0.26806374492981466,0.13562597783274294,0.1296815015159581,0.06250929662892425,0.1249924398787296,0.17267786373088478,0.2482393835749968,0.28861869574850296,0.10193877713402441,-0.05116747499370363,0.15500923366767663,-0.024950431148068903,0.09968269881775693,0.13336971874641734,0.030333931706343208,0.15917113059227966,0.32712996609775546,0.11736839116150334,0.17605048301781945,0.23592356701184228,0.15746138374901064,0.24837024982855885,0.6186805718878953,0.060199382183498795,0.06386741111978439,0.2438075528316763,0.15935216002509064,0.2962290528051095,0.0762162021799369,0.0990781642075059,0.05650770311875016,0.22430883902944643,0.11879919578786999,0.09728147006781698,0.3183407302181303,0.25354064757496114,-0.043013768486380964,0.31503433754153576,0.2499325158850169,0.0898581827762817,0.2549570176338727,1.0,0.1072922500497539,0.15954724224435757,0.29270521085860585,0.22998700099436017,0.10680567192750008,0.07020338706225601,0.26175610123989057,0.2087259826897324,0.19313654020402982,0.19013415197969175,0.1491973339987776,0.024277925444617605,0.1755929127768651,0.3244286765325717,0.09359442474589628,0.1818143037141842,0.14360268528691703,-0.04456466011930707,0.0384356485803793,0.10565313041020695,0.07224855887124958
93,0.4403588963072605,0.125287795286601,0.007266121897032934,0.3130722900101757,0.1253618074011764,0.06430322829662048,0.2636844793054959,0.09244459899588199,0.21673644521526866,0.21999308497282788,0.14233447444870623,0.06171638079286717,0.39617529761044196,0.4536032890160464,0.08439875608933611,0.1730205473035339,-0.10344109803315098,0.06748861276890161,0.5000412943697643,-0.05758656094201027,0.08571920252965536,0.2763213747012497,0.4265754788568277,-0.01907196936621631,0.17921460388327012,0.34611796194600475,0.11970979193061353,0.15337312646353146,0.11425729174591667,0.06817331660026885,0.11596178777989387,0.09625462515790703,0.20775467051454008,-0.03790879516234615,0.178890025602033,-0.009149491810626121,0.392728182975132,0.09131171298456932,-0.06791960884441005,0.348493264106533,0.09371416089956935,0.06573019393273404,0.030611961509150184,0.32172222373206877,0.02849584436670926,0.39956179839293565,0.31252094877460107,-0.03297906242981477,0.4099024688372717,-0.05424825750275807,0.36580124956989607,0.3375488168387198,0.18437486380306473,0.21173021409560114,0.15345063942398995,0.25703705193664533,0.05089215079745177,-0.020669481745207583,0.26558102321567095,-0.11449015244816653,-0.07822554267290265,0.234861837753522,-0.07410262224686856,0.0267237594406577,-0.009013298953812034,-0.07608569940505454,0.08869427581342894,0.4528862469080076,0.07990204017083531,0.36485393184346593,0.12184475695657804,0.0894149219795423,0.3472355633355398,0.20066911875969207,0.06867338938562509,0.05038464453866666,0.21389882522634052,0.04660632069122863,0.2903577707756509,-0.0607336900097046,0.2826568591579367,0.011784027513055198,0.3993955189328523,0.15758747001078457,0.2979033745008907,0.2699238420306239,0.3634675380265132,0.01175213325580457,0.07931718839130025,0.3103976071003135,0.04063531595250271,0.4494244533074691,0.1072922500497539,1.0,0.1887351951525111,0.16253110621434844,0.164887955300951,0.3140231066853675,0.07936045933406444,0.3043601326019428,0.5074400777743928,0.05938984142820732,0.03417258966362464,0.0488300511554881,0.27978284241578705,0.07252610364805966,0.1324033200668975,-0.08518763468053125,0.10967519918469452,0.4689695927850545,-0.09685971215530981,-0.09329096821752686,0.14377628688545285,0.336473618279593
94,0.24004732603698536,0.007936565545049195,0.07584438891057427,-0.07165314156139715,0.005056290626482512,-0.09553966259225796,0.5996064301749909,-0.1447184059337958,0.03580941315874756,0.4035908317998711,0.10229632425410158,0.46332071473874037,0.45870296993968096,0.2089193693018625,0.006882929962080689,0.0374169534365918,0.03722610353065207,-0.018561742385300988,0.1386396815242021,0.06711339783829384,-0.0355107126412013,-0.02246541878504269,0.2890855903534305,0.1143914467546796,0.06610730789937291,0.19208753529845465,-0.05945087097725438,0.044215870360035,0.126685075744187,0.04703906730981859,0.039029610986136554,0.2967066687667215,0.3665045916994148,0.03844194167453878,0.4222926792033939,-0.030306999865470623,0.1465938594430397,0.039486112762359526,-0.004948872873679032,0.45101337947820164,0.0320274652265186,0.036132778150204346,-0.03963232056536932,-0.03697603426739845,0.036791861006128405,0.2510920437662795,0.3769267914206178,0.020388530981598183,0.44907307736854757,0.10832525208675495,0.012711798502668896,0.3916761206704894,0.08755378041260692,0.1801764400453639,0.3040004473404268,0.26486751604110925,0.0035193609765664107,0.03785873806798879,0.4633036911607908,0.06779363013926591,0.08306486810147676,0.0014417160313721865,-0.1502978401043571,0.12615435485856327,0.07072435324417177,-0.14557119950331204,-0.0057568649650934466,0.47491159557835894,-0.0049484445644384645,0.08208532847454167,-0.04039362700618119,0.052732424490208804,0.062952598032714,0.2833136145060397,0.18282224109731327,-0.04120666980731571,0.5540229881633195,-0.06110727525556572,0.08687770111546539,0.020165017880677916,-0.03355347066198001,0.10488703104710054,0.3079658000530471,-0.03751997293692474,0.19368463767518931,0.6747888875824096,0.3978808204579534,0.00967050045181555,0.4089588849846375,0.11030805348901847,0.014699491798535632,0.29438364607926215,0.15954724224435757,0.1887351951525111,0.9999999999999998,0.411759782140106,0.12009890726220958,-0.026667479972245053,0.023845275056487068,0.5211343552113836,0.22925230391176957,0.1319586286279952,-0.04569679768859984,-0.027105488024082785,0.09205144901799518,0.19529690888448015,0.06089537127623553,0.020371062270043004,0.627343757358917,0.03287929324881132,-0.01715470260688458,0.0122176559701547,-0.03443878052703984,0.14287992057674287
95,0.37408201707248856,0.10086511701300094,0.15730632418278753,0.10291508452413195,0.1070725031973413,0.027097092216754787,0.2562783718501796,-0.03889588184299621,0.07787419872562135,0.5365592048213517,0.021038141092452056,0.21730730215619684,0.15827353031251853,0.12003780107254117,0.0565526368830626,0.15824586766142512,0.05623570712623871,0.14009050230530012,0.1690520982891105,0.0011587981767001475,-0.03289139057225866,0.0008154994136950216,0.19603740420628532,0.12528468918699193,0.08118012557656609,0.11596332565616059,0.030288330303850513,0.10132745323835572,0.13950412615095614,-0.016415792101137396,0.11213883157326782,0.34783625725809936,0.3601775910905242,0.0846969087400273,0.12841494657233068,0.06306368329619108,0.18118273260146514,0.02574975754218633,0.08738775772777194,0.19218398872369047,0.10665902575459982,0.05886388147067064,0.06804777057209975,0.05840622188198486,0.053699014735904584,0.20469448144611282,0.11477614198546489,0.013220349861131298,0.1951982279081101,0.002242401999022293,0.1273415832163219,0.316758904589283,0.10973029542278499,0.10678828452800422,0.01847410653849539,0.09524781955982153,0.20053052052797793,0.16402703908410468,0.5208034082607118,0.10991527012977588,0.08120942714930413,0.08840389991260529,-0.08082433494589372,0.11975313110073668,0.05376498763535426,-0.06016588095593642,0.052233709606170346,0.20358120878519503,0.10374854167203772,0.04814399164960305,0.04479224351766312,0.10128763060114333,0.1099202530480266,0.33255175489343525,0.182184907284805,0.1636128835240363,0.38556608618199906,0.11394618528813928,0.1937530243090693,-0.02278512811289012,0.06759547636726827,0.0708956251282805,0.22504582634421702,0.12423882860867629,0.1312991459492314,0.40085606063185497,0.15363732360426985,-0.03793981316269953,0.3576697035883182,0.3009544628825047,0.1055383675331786,0.15045813575175554,0.2927052108586059,0.16253110621434844,0.411759782140106,1.0,0.14268515638142285,0.07425536262038916,0.10496124572000294,0.1507583745081404,0.2458297198260926,0.05649820047930257,0.11607804438228092,0.11929657302626971,0.06794627459180655,0.2250779200326508,0.20570497271167443,0.07977000786034961,0.3519757364886377,0.1054704525346953,-0.023053145467211215,0.22903540447049037,0.055264312931789406,0.15347006333974603
96,0.00015582519142741722,0.016651263404636834,0.2897128539348481,0.11804520644228836,0.5166132689023081,0.208662965975291,0.27816516654800855,0.2172006787507452,0.13418023006447205,0.29368529634666796,0.02872839539142253,0.2368743014564987,0.1938793016725981,0.09162480349303696,0.3877175065026072,0.3459235020827135,-0.017916764378232607,0.02618259442983148,0.18126761536294367,0.2768862310980233,0.29277553581943183,0.15553654601077402,0.2005368470559541,0.31686800073260807,0.31124679355388696,0.2575558716946255,0.13084584417177494,0.29595304859975,0.4030004836506495,-0.030304117961961252,0.695953074742496,0.3450231003908543,0.27005716513134004,0.36232797539693945,0.20527122891075295,0.04409317397739487,0.09528381179335992,-0.07662181918030433,0.035954150643484534,0.09362724189702003,0.614574985795301,0.43321139440991324,-0.03539275588812306,-0.03736932103629544,0.22958297500232278,0.17752783104605194,0.07247408599503119,0.08198661398181069,0.22575597898432048,0.12958697385489001,0.09606369271775529,0.19523719874683917,0.04868869184168083,0.1942236224180816,0.1615349552090872,0.17710091964493455,0.336363445614744,0.4643827568679663,0.3249805505756425,0.005992683594131617,0.09416811929294328,0.25651388447278295,-0.11196936620811342,0.28736408437146926,0.6784562545419881,-0.03763351926306269,0.3658784639406114,0.17864727692862511,0.23585783892672987,0.20380162484048833,0.33593106455006694,0.2812138810692778,0.08372013231806862,0.2666998748705336,0.26955711813364985,0.06979593907499743,0.14565663284473554,0.42431452981404777,-0.012164952059836805,0.1523083312000811,0.1769455894852352,0.15833951873862878,0.23233971607497658,0.3010327470794857,0.07209261171098792,0.3688068650096742,0.15971744622232903,-0.1407030855999259,0.11399396693454222,0.09292093582224134,0.102961192489905,0.010751962899546445,0.2299870009943602,0.164887955300951,0.12009890726220958,0.14268515638142285,1.0,0.189043427855324,0.26498416490106846,0.25912241225552657,0.3376139750224309,0.13461440428849594,0.46909065251851023,0.35813456377664876,0.013851407570783358,0.5234605088985973,0.48379945371771416,0.1274104703731825,0.13975974025796525,0.2522018735837732,0.06602139842289208,-0.1127377410548976,0.22216972043362251,0.15001228229942823
97,0.26250909977967773,0.16827665795465527,0.08098530774848418,0.4163081282165425,0.10361779534234214,0.13518887062987814,0.0733856238112561,0.11142219052191246,0.23784948007420947,0.2169474753080209,0.09226540547341193,0.11571843222622294,0.08071438685671892,0.1896878915291891,0.19840476550249606,0.2196430981047218,0.07200082120921605,0.10657023079232418,0.3757219009985592,-0.056506060224136435,0.1635283027140675,0.42520309556485525,0.3990663650300121,0.10545333990144488,0.27839233223317617,0.365871259690546,0.28962070309404275,0.3329016216522293,0.2381310995881964,0.1768590837491274,0.15118109191345847,0.19602708582096554,0.15142087297670065,-0.018923797044184815,0.1446370703592842,0.16637666897807277,0.18355904117128324,0.13151091461295578,-0.11051222485756679,0.16879007131890247,0.17019265082185445,0.014721262502665184,0.06344143925477215,0.5232474085556797,0.04115181671597402,0.4674970747004381,0.37443205534928764,0.009615190872380166,0.19609483175682269,0.002158103005427188,0.4082187394504254,0.14971292559006677,0.3083665015738086,0.22440061707674633,0.20534197878998267,0.25076562329214086,0.11375639858430403,0.03577067651695982,0.19671593057548942,0.01438358849150958,-0.05953167398161656,0.4507026962540635,-0.16820048875497448,0.03256429542621155,0.05214476102632629,-0.06848622739329667,0.16171184962421478,0.18155067574449815,0.24024130258314752,0.6529276462557276,0.1654577833974892,0.24463578473855596,0.3621501542391876,0.17839140100499612,0.04536867108135698,0.3730171214721125,0.14034545357529857,0.09820991129361349,0.2919770874483412,-0.02551841877991212,0.3785988000910967,0.0726340241732534,0.454811321015057,0.27667214615875657,0.26755110477077176,0.16411118591172458,0.180083354124111,0.0878224846582785,0.10185421642756164,0.27753567265321727,0.13561594760154339,0.2597719114948679,0.1068056719275001,0.31402310668536754,-0.026667479972245053,0.07425536262038918,0.189043427855324,1.0,0.05877444588108748,0.08346040659950602,0.37056503082446973,0.17361552531118174,0.1448635385784005,0.1530783113653554,0.46954589174660577,0.11690703158264834,0.22802683167470122,-0.09878238619399711,0.05813443109900236,0.53819787372839,0.045567793453326844,0.14155371747547202,0.11050653285113796,0.31640743250313846
98,-0.03234510093923272,0.19788046421825906,0.10255138151479387,-0.008425067012647643,0.27352638325331863,0.48063489107815416,0.12698660146269267,0.38144013810818506,0.005954170225210949,0.10033948011943654,-0.0029073459813944626,0.12154748559138889,-0.012366084463576713,-0.025789965782911112,0.2256814055477573,0.5057749293596588,0.30837779582762076,0.3368716277386815,0.0025782639413600376,0.3434538576831505,0.2781602157626462,0.13477043339568623,-0.010450548836085767,0.2981019933748515,0.10648937780611045,0.08273952748731091,0.11455837626715794,0.2746760828935098,0.4270223484557099,-0.07084548709845434,0.29234800496332425,0.1164088237667496,0.10306900101911869,0.15483919937931687,0.019311970789820807,0.15898727743463725,0.06320181216975256,0.12228933198123035,0.38618880693707364,-0.04519258494246475,0.2510821527423013,0.3632750002572579,0.04281902801350177,0.08724343827565746,0.6239849228581655,0.06893457148018751,0.053103556054792174,0.2821223576225058,0.1132118291845641,0.2681820107188267,0.022433422085864036,-0.025996989983391616,-0.04721126475457781,0.027392073525524394,0.17121714717103403,0.11636402638762378,0.10089268018745973,0.2782704751897674,0.29798590975898437,0.11398479603871553,0.5410391345647558,0.06698437781615232,0.25787991225749446,0.35105195359261027,0.15317673667905068,0.4452125673395265,0.37711235175559094,0.06952247570633603,0.3411832164308091,0.04269360607080364,0.18323071296010818,0.13413499894915096,-0.03221522676268596,0.04558296613687368,0.3541716449606125,0.10088996601805277,-0.010376054606954378,0.40890391367117274,0.06477607672464857,0.32135057773082165,0.07618340181087625,0.19450986989640534,0.0019926267197495065,0.3963058948801301,-0.13365855073416025,0.14111924293697395,-0.09945679039471947,0.10371169678464594,0.024227813714277915,0.06990975003916292,0.1860314996673101,-0.1836821517128321,0.070203387062256,0.07936045933406445,0.023845275056487068,0.10496124572000295,0.2649841649010685,0.058774445881087475,0.9999999999999999,0.05153465704328607,0.13373737218075185,-0.00017889227401793355,0.065372657247898,0.2546437936604651,0.05891662691894669,0.14546570536765308,0.22321675075816408,0.5084803854051555,-0.03589783134604341,0.12854344475562682,0.352058499008624,0.1891332606556341,0.4700972951092179,-0.0404536641697124
99,0.20885232375432056,0.05270907784275022,0.06295642744430469,0.11915256647684262,0.13880474126009898,0.19021694163078126,0.5455937141951377,0.11887907793292002,0.21919869395398564,0.33688235333748723,0.1562195800517713,0.5084751165493759,0.5834924678722389,0.2907874045514975,0.140518768603046,0.07979750310946741,-0.032419223619437505,-0.08511185396741446,0.2020045468887209,-0.035582396482664286,0.012405399034520785,0.09247901109082288,0.42641030824878917,0.28083652782440527,0.1316823314645322,0.3380544976565411,0.10684856741420648,0.09940674488409222,0.12509510066129786,0.13620291835475049,0.14193751323650966,0.6627984779260558,0.480621154966216,0.13322658835356269,0.31757829654938663,0.09899340263749339,0.25673202351420144,0.019974565312513636,-0.0165651044677783,0.5276722642062599,0.21311168643838682,0.09839191079584714,0.00415004779270507,0.018538221530915677,0.11849097808879715,0.20091281182513293,0.3019468704932245,0.08444951950658207,0.6270167388215789,0.016184316016830274,0.06709167141013272,0.6037330087450817,0.08684369241635653,0.359429438410404,0.15263746408880158,0.25075686965576083,0.1860219279118038,0.1404692836600119,0.2916898615721029,0.016885509944355157,0.02608422741261511,0.2523787209890242,-0.11009924136622394,0.03961074502950144,0.2273446901067808,-0.05572702242264744,0.18038946905974543,0.5635016131201478,0.13389105451611863,0.24079106058289815,0.12797045365090345,0.30295696565811747,0.22333230427345482,0.30572973217013266,0.06078015818502698,0.10250312597796626,0.42487729786475026,0.07226541284153253,0.0945295705855052,-0.05486646855027964,0.055415719731342926,0.16816919462170238,0.3979681134225233,0.11149419828477045,0.31755615865892267,0.5146089604048928,0.5550487054172076,-0.04385447753869587,0.3962892188564315,0.12507528925917905,-0.03771735331166075,0.27235137859580305,0.2617561012398905,0.3043601326019428,0.5211343552113835,0.1507583745081404,0.25912241225552657,0.08346040659950602,0.05153465704328606,0.9999999999999998,0.2977917261860687,0.19764784029158752,0.09979884769503614,0.027720201469962565,0.03676041474143776,0.2951789889049695,0.18175108166669204,0.09522875448489539,0.36042391873545593,0.24376484149653793,-0.06006878663812643,-0.03793823236464353,0.17862411964298822,0.14201061293529002
100,0.37909554428106457,0.002383182138431978,0.1014269389264923,0.2923406823692882,0.21002043530201583,0.17490259730886334,0.3573989660296103,0.14628986385116852,0.24847216995572746,0.3398523458532445,0.040089954397287714,0.3713986355301192,0.3420915179968737,0.5659900989412834,0.14625888875942453,0.2744026498829574,-0.051551748987307244,0.06132952747992906,0.35075687437051456,-0.060218125731280575,0.08927416878576708,0.23777317516531327,0.4930413526998441,0.12471626253956522,0.27983195950354384,0.501210917692957,0.17134595746779466,0.2689700791355131,0.2697575162118798,0.03017392735888394,0.2415597196496648,0.24214390453689205,0.39282841707718846,0.020750189947987326,0.45487026879357945,0.07495713464304417,0.32061218723589513,0.10942886427741814,-0.08964206376033097,0.45254687411087013,0.2628434713284374,0.09601263388611049,0.03326701399903009,0.12995407000826958,0.23354620756716576,0.46364844882670875,0.44069514590797404,0.06974062962720966,0.4856319610002997,-0.02826476057207175,0.3147872733760673,0.2713512608264692,0.2900810799303847,0.3055502170852712,0.23506615132221675,0.4684381415280311,0.16102977597438747,0.09885213262998228,0.3630532281441263,-0.012400221706055276,-0.05478480593462085,0.39877302375803625,-0.153641293177875,0.1463471480618084,0.16426925716959154,-0.08604759901059264,0.2578943499748257,0.3277299002528903,0.2692385210850086,0.48476681899045715,0.12616820325373865,0.18736770038068842,0.35631480208587646,0.2899279807213306,0.056617197440413936,0.07859556633556411,0.3255312340688861,0.2350334572065007,0.21578117618501558,-0.027329869287278038,0.41744843631602657,0.10585442644216869,0.5839058576340163,0.3014226480543222,0.3617774393631898,0.5166810984649504,0.4172957571989113,-0.04209376471361282,0.16145296480871787,0.20815929094622912,0.05498989201219117,0.40294566839459767,0.20872598268973241,0.5074400777743928,0.22925230391176954,0.2458297198260926,0.3376139750224309,0.3705650308244698,0.13373737218075185,0.2977917261860687,1.0,0.07126205239564996,0.12448657384253808,0.22877018929118104,0.2670983954124336,0.23233605057461407,0.31338660563674153,-0.02632261365140871,0.3448506389161938,0.4217848007661424,-0.015398575690351546,-0.06057176682556652,0.21462284086136002,0.4401192155130893
101,0.13841592261604302,0.09389825888157081,0.0626319481565373,0.1868017997385859,0.0375123284960795,0.10751432262939721,0.10397451557355548,0.08141395697898586,0.2790493596356128,0.14500049329452977,0.3418081430109622,0.3098419467184926,0.2384886562501737,0.05531007574343617,0.21984061754503778,-0.04631056189645002,0.09014508135125074,-0.08020611695508027,0.1978762689029744,-0.11757477574507604,0.04000342471132235,0.20097230000615524,0.09998660144402469,0.18466464612048453,0.1760494020518043,0.1650571420876451,0.33524016597041334,0.15382530937049915,-0.022575774317635886,0.4203666358748789,-0.01562537373115858,0.3590055803322868,0.315498837385081,0.11801244706459355,0.33745512670023214,0.20151761165508855,0.037440753512063586,0.05681937162441841,0.029664769741909385,0.0683446725564687,0.09263434964832105,-0.07720069717842062,0.11474855450318572,0.35406652652064513,-0.0002823774288490741,0.10857435606515778,0.0382801363689195,-0.029535780034171843,0.12163805816090353,-0.06276794094784888,0.2762446504257622,0.10176429917384261,0.24943718967982206,0.21906342476625704,0.14716137221147385,0.07679012220260059,0.15373954550161847,0.062052200075657545,0.10672849587284446,0.12468422833349391,-0.05330955576595737,0.23602292816021334,-0.12292627443201,-0.11982706128658502,0.1867912806267805,-0.015258851136189763,0.06838852570951372,0.008568453067411651,0.11416012121801623,0.11822453893372081,0.06335253341413072,0.5365970149315469,0.042419885216021073,0.13252006357458002,-0.1571839765967892,0.28438313033225227,0.013462599075143309,-0.05110662473226929,0.2192862480296242,-0.13088548088070825,0.19635319144619023,0.4414065946096926,0.13844884533795915,0.053673222170826256,0.10868476356855156,0.17635721366511406,0.12415323848900194,0.07170689195058251,0.1677295674528351,0.410636789831366,0.262353257477791,0.061824341252067413,0.1931365402040298,0.05938984142820732,0.1319586286279952,0.05649820047930256,0.13461440428849594,0.17361552531118174,-0.00017889227401793353,0.19764784029158752,0.07126205239564996,1.0,0.08584326597888561,-0.029844501467168792,0.2847965825505809,0.12915618634456225,0.0586628216228354,0.20383267761776577,0.2117372688624562,0.245127782223867,0.07916462606582145,0.11468107710570388,0.08507855088194655,0.06134508649139606
102,-0.004830033116687626,0.013855546269706911,0.5264436660231077,0.07280908203941246,0.27338723747173893,0.09711389922774007,0.13306893938537245,0.09599019969980485,0.09903906654969703,0.19292659521206001,-0.042942826332054464,0.0559538635591639,0.07149155527995593,0.08929474638610299,0.24313152404744418,0.18644553418913162,-0.06334755964690233,0.043599089077047286,0.09000481914010607,0.19270659575603266,0.14329626842092102,0.039495289318785876,0.0937489736087552,0.15412928980407165,0.26459178679719236,0.1902957637797792,0.10627843419755861,0.11821629304764916,0.32709918297686685,-0.002834453369235059,0.5176229462987404,0.16878370183343422,0.10740171571178814,0.13540283830570335,0.05651944297720873,0.07751999510745186,0.11815692764111024,-0.07177619498436741,-0.036418469863029705,-0.08828541718918477,0.44215935260813455,0.3758785100556932,-0.010682346233993495,-0.10354398120812652,0.04709663403313574,0.0055440600456672555,0.01020974413898767,-7.550411720427921e-05,0.15396462179074863,0.07181429011484912,-0.04481116653741767,0.0981406532596902,0.0767368695335746,0.058530396037365234,0.04349280069713849,0.10672685018325657,0.23544007859516503,0.31777122280136305,0.24341068436976088,0.04482792918698194,0.04244199397311222,0.101176295338453,-0.14336723154662784,0.17080026166066714,0.44960613687161305,-0.11333825557590099,0.21830030908031303,0.1389173740808665,0.154731121881548,0.11023644087105346,0.5491822081035082,0.07801697691645129,0.012602647362619996,0.28988066082021663,0.39341292667653543,0.0703618085987647,0.09377564229235398,0.25917632802647894,-0.03446787149338788,0.11537713028485658,0.15895321358889744,0.014886917195400787,0.09138180912411323,0.1483624673208436,0.03548189146658755,0.1733049652189316,0.017869001461619162,-0.1724235560066345,0.13742383937239835,0.011614161661457591,0.058973571206894254,-0.03872740017407456,0.19013415197969172,0.03417258966362464,-0.04569679768859985,0.1160780443822809,0.4690906525185102,0.1448635385784005,0.065372657247898,0.09979884769503614,0.12448657384253808,0.0858432659788856,1.0,0.22069660265402724,-0.04518773866843245,0.4899602289380789,0.32155722473824383,-0.02816586863583135,-0.0009096491829774535,0.15524380199093613,-0.05135630815764176,-0.04945336486174265,0.06111355278772714,0.12229107535557218
103,-0.043291318812544215,-0.09916393414067218,0.12536084922685753,0.126498201832178,0.3143426309536202,0.1645222404559137,0.05154848697486561,0.11592094929726922,-0.02248929840663513,0.2485671618965936,-0.09440938070356941,0.04711743818979607,-0.00767163050680798,0.008341286733406473,0.6585956213646554,0.2881680378933363,0.009257080310940939,0.1049704353728559,0.049552365821392726,0.1595679800745709,0.3777539285589271,0.02533213895661328,0.16702420851720962,0.15163599639086892,0.4889188553553765,0.16217485152737415,0.03697091103712631,0.1564862116462442,0.2935644694048776,-0.13068510104286685,0.3314953097908154,0.1557433446331972,0.06355876947813181,0.226083018351578,0.06564914154568213,0.00030633653260182667,-0.08534852380169089,-0.10138322999072072,0.0741405552011202,-0.04671941884164392,0.3026006336914919,0.2682470939733341,0.07237963034411744,-0.05362168781486941,0.12545355751107215,0.024517039884092498,-0.015380416541312095,0.05521710462191956,0.10930069235590252,0.3610119698671249,-0.04794035221038736,0.07427925772778192,-0.01730325168856741,0.01634125591023248,-0.02920942762409135,0.07037747394068501,0.10595355611646128,0.2165063105088246,0.22234428205979784,-0.06288300056292531,0.09745669626720074,0.0728848865200499,-0.029092003449030318,0.388734672960616,0.12413014711188264,0.03301274535087896,0.43375800508039436,0.14873050893354825,0.17747254822195707,0.11790138537156512,0.17577693194909322,-0.024434629737261425,-0.04798828639252844,0.1799659370482709,0.0065311184632959535,-0.009252663312165142,0.15114076590462475,0.47603334135821074,0.01830633133747661,0.2835160496712931,0.16856377023338348,0.03625456271065585,0.11722558001460598,0.20809768851385563,-0.009623597438220834,0.1489662391953527,0.028558962486315564,-0.1352499427819772,0.053672900576505846,-0.0643766284011557,0.03156048508995889,-0.04887181702466755,0.1491973339987776,0.0488300511554881,-0.027105488024082785,0.11929657302626973,0.35813456377664876,0.1530783113653554,0.2546437936604651,0.027720201469962565,0.22877018929118106,-0.029844501467168792,0.2206966026540273,1.0,-0.03763584330078361,0.16258896090538194,0.29889199365134506,0.014789945657409674,0.0027422625619158997,0.16862663270217496,0.18024252892245665,-0.04412581345925942,0.17109634658663128,0.16297340713915281
104,0.3638379357633747,0.2955720813586268,0.005617239202254451,0.29970718257239376,0.09017341636491788,-0.09301952125472356,0.28394557414540017,0.0376325390163635,0.37866931915345176,-0.003861243328197621,0.350045460879634,0.14373042511738446,0.12365686392366974,0.1811828130499963,0.035993734198925084,0.1474182884961176,0.11676622172637638,0.05496124568615063,0.2974275746251486,0.04527639660511377,0.00212492798492977,0.3675610719818406,0.21866992591083545,0.018252986983534152,0.06991895747011292,0.22969403926429602,0.18219222013139394,0.19990740966833204,0.23765596216062337,0.134209964573091,0.02280136850764443,0.04694302482563312,0.144632244049952,-0.016102738137164105,0.19264282928184526,-0.02598501350962121,0.22859327484847075,0.18566969559655833,-0.07781578823259858,0.1845615032591475,0.044408527963211104,-0.007964550270670534,-0.04737666654983465,0.614872968584569,0.07967299420370197,0.5294349524006076,0.2778200949057307,0.032448386666019804,0.1754696561593731,0.06681708552288736,0.40640958614797223,0.17388345147565248,0.3143579583039752,0.2730864816163131,0.28275762367691015,0.38881071659366473,0.039113062874919696,-0.019163725662081958,0.1769615100625679,-0.026568188119958154,-0.004799888858346,0.4642071045589265,-0.09845891738160496,0.04399193227705182,-0.03392490224918406,-0.15618130966616406,-0.037850180688777615,0.17319192236462871,0.13252232638497194,0.4262461326062963,-0.017981444830505067,0.21586238560764193,0.266424421737493,0.05033605365685681,0.1507593667629518,0.21382402294573358,0.06372242285054602,-0.0008638815419990523,0.5055794609583456,0.00455657505051832,0.3207684401324851,0.10750476290292911,0.21875480741659845,0.10192659518968576,0.21011390643954053,0.1685589318167246,0.1637981202969052,0.2764071963072735,0.06610872932584573,0.3916915220528168,0.05608456267899639,0.2975002016794045,0.02427792544461761,0.27978284241578705,0.09205144901799518,0.06794627459180655,0.01385140757078336,0.46954589174660577,0.05891662691894669,0.03676041474143775,0.2670983954124336,0.2847965825505809,-0.04518773866843245,-0.03763584330078361,1.0,-0.00588692245453458,0.018121143959693456,-0.01952330109670815,0.04734449242237002,0.3637702902236874,0.03790174052068324,0.03944498582467804,-0.006704469501268528,0.3121768760613065
105,0.13527179891858196,0.24674221528997103,0.587814761372842,0.09694016802501085,0.3521478432842427,0.15665187854427115,0.2840637183853866,0.11480650601889998,0.2463443388517197,0.4025962841913133,0.06974621978448263,0.22071229199954448,0.1942932044998459,0.15974387645608693,0.1819964216961845,0.19784318257677097,-0.004853586872509145,0.07141276220885916,0.1811839209255802,0.4764915076551089,0.12893347233392116,0.12518968314011075,0.12517578306672436,0.20967358549455328,0.2426555379181394,0.17377801503659004,0.15808478287249597,0.22121014668024186,0.31158906036756673,-0.0047658389135716,0.5268930569138298,0.40709105421643493,0.197568653108085,0.16200144202792818,0.09085669156127031,0.21216783381474374,0.25996401695568017,0.06854738048830161,0.002252279540086106,0.035289569545778145,0.5313448591939747,0.6371260712134619,-0.06478857713044717,-0.012853309374258989,0.17674503547300752,0.13407512287923137,0.14721616542268226,0.10273515711085375,0.2860053175186625,0.1558426046608682,0.07763751380692051,0.1946187350734042,0.12901815012088566,0.18138530875908215,0.2060753954508371,0.182482494058601,0.31426391635774825,0.3273851262606133,0.3918707535556491,0.15527152978868247,0.19574166717082384,0.18584795370224555,-0.13323211822488465,0.23552502150471577,0.5440361767094876,-0.111770710471148,0.2006743504165078,0.17685830856319676,0.23528562312716467,0.12758567083357394,0.16123798638993928,0.2854529549865964,0.16747741096117,0.32491453073099763,0.3058321158440045,0.10875814013785716,0.2764366723877857,0.29455331486536396,0.00420156065162611,0.17614093511397724,0.11504718891863056,0.13372932171811447,0.18867617491860758,0.15644668880238202,0.05743808298375207,0.4734823605980063,0.0805519053555715,-0.13072535631592902,0.4225945907262106,0.13895251190134122,0.0539022509943595,0.02131868473410633,0.17559291277686506,0.07252610364805966,0.19529690888448015,0.22507792003265084,0.5234605088985973,0.11690703158264835,0.14546570536765308,0.2951789889049695,0.23233605057461404,0.12915618634456225,0.4899602289380789,0.1625889609053819,-0.00588692245453458,1.0,0.23745463998766295,0.10956333357177538,0.05174009196708856,0.11424949282384654,0.047040068967178446,0.12509152850592178,0.12764894095046425,0.08873209171557603
106,0.03136849303048647,0.005882734330124516,0.17695485988410808,0.17018185970362057,0.3284236824422903,0.1596794698544184,0.1719213785623062,0.2024962664862278,0.12055868835282589,0.2996819209606259,0.03345924099704869,0.13970840180130725,0.1281555861690928,0.06393686790050297,0.31626740557354677,0.33495088956100205,0.020936421789626167,0.07729838563396034,0.1175256953619632,0.1180340685410434,0.21736742611272816,0.17332649617597473,0.16237757739235642,0.18606321400451406,0.2805602435326683,0.24025796352699139,0.1772661549975564,0.27664672441447113,0.32939176453704627,0.019152453738834906,0.4720139614144537,0.2575955367761222,0.17897463842457745,0.23105326310787697,0.11666284940956778,0.04845347599391474,0.0289375737818171,-0.02300052535137894,0.1323503750700372,0.02478371409524201,0.47320924720071916,0.25183559937719174,0.06833311498445338,-0.007956116975500426,0.17759413079934078,0.12743893175793844,0.04969314081685623,0.09426776267409247,0.17784423657957468,0.1308275926574835,0.06435650863211376,0.15875805746918087,0.0729396567095941,0.10802190618065895,0.08103060798948981,0.17566432605063947,0.34389813596333896,0.2646022881766698,0.31912146941699004,0.030830701959028508,0.09680811504242358,0.18977129124934863,-0.11026037002374109,0.2060389692239247,0.2684335607459879,0.0302621558003744,0.2978445905744915,0.22564165022937033,0.26919632282415085,0.1603193414712503,0.4284226831222768,0.10653347506667507,0.09995103933949898,0.3145312979145595,0.15490591296159942,0.09231392660231957,0.19714001229488373,0.32564622748638805,0.060447203792244816,0.08021491349747147,0.257497650190261,0.08385819766998896,0.24826582343873665,0.2905887245200568,0.031063097699309178,0.31522650812019226,0.14827807540308022,-0.07953110332380604,0.12273149317555963,0.09911046689493251,0.11274304009606477,0.024225215649863817,0.3244286765325717,0.1324033200668975,0.060895371276235524,0.20570497271167443,0.48379945371771416,0.22802683167470122,0.22321675075816408,0.18175108166669204,0.31338660563674153,0.058662821622835405,0.3215572247382438,0.29889199365134506,0.018121143959693456,0.23745463998766295,1.0,0.07643701237626782,0.10853230528716584,0.24282353320679353,-0.05920205302834154,-0.006387625421251585,0.19627209676549132,0.19158457210107666
107,-0.08131158620658674,0.17874206487107916,0.017770560794159958,0.009124930433289526,0.16293579224844332,0.33093779283752284,0.08783057792713146,0.42353151470089934,0.0968477343130043,0.06622065959923994,0.17978465276812797,0.17671356071637254,0.0516755840931689,-0.10098455052392087,0.15691010263850405,0.1574461804872546,0.26101705151305254,0.15150394901673778,0.0076694583590305445,0.03498847238179754,0.05612595812467975,0.16026071840543446,-0.04605689186405195,0.45368197872087135,0.1125084836028599,0.05495558748646615,0.1843764757994227,0.10687763056712522,0.12796635851728935,0.025969090776925743,0.05428563714888233,0.2399278777015886,0.18052893971706832,0.061802437786684476,0.05113718532459259,0.22966473505090393,0.051214563337693746,0.10126494544074419,0.5138974413240825,-0.06883532971526941,0.08727564887199107,0.015204318913329653,0.13998666853818673,0.021435101079785194,0.5123960078189567,-0.09862546932063156,-0.05119102114798321,0.17446330207532215,0.007284608661290383,0.09526938906054237,0.04107642521885086,-0.02685852709149246,0.05311010316230586,0.0717517719979142,0.12986414004052338,0.016394686246561124,0.10020145696484237,0.12462594102356213,0.11844730483860971,0.1972774911736584,0.3067682400243517,0.08724066491596705,0.2664299216770574,0.10559721237995381,0.14691416016806644,0.45191796915813903,0.20582530605910063,-0.03421619246205218,0.15409734487884447,-0.06943306386813496,0.09706629773291678,0.3281449420519125,-0.03345035569609651,0.0618356120407676,0.012978177899855264,0.13636567455018456,-0.09708619202059189,0.14975295299194374,0.04025843627123744,0.1539855739511477,-0.0069461512437070955,0.48239372421677496,-0.062273883302940564,0.1401245761806455,-0.0820194049643098,0.06550572365559325,-0.07381714251680395,0.052334968477183066,0.06482177579009792,0.16075150757856743,0.2143508539830098,-0.16195236749387823,0.09359442474589628,-0.08518763468053125,0.020371062270043004,0.07977000786034963,0.1274104703731825,-0.0987823861939971,0.5084803854051555,0.09522875448489537,-0.02632261365140871,0.20383267761776575,-0.02816586863583135,0.014789945657409674,-0.01952330109670815,0.10956333357177536,0.07643701237626782,1.0,0.0287154129165205,-0.0080383883778965,0.38006131442055785,0.2470807915053002,0.5039033288264858,-0.15051219652797798
108,0.2062407682753349,-0.024908115111441746,0.07475901135420938,-0.008935197903719223,-0.014543180589525556,-0.024372660569969364,0.3555589494286195,-0.06513603428315973,0.0020399196110424357,0.2994852869962411,-0.0034108462601615927,0.5478230687992895,0.4762184699925078,0.2259696952663723,0.0470114970176921,-0.003403318062783734,0.06871198281711544,-0.07821567398144554,0.1616304661948971,-0.10361130321901685,-0.03495188572668831,-0.018944401663520936,0.24640599559956078,0.16186778627755619,0.016070989046418988,0.2639199502667999,-0.038993558574671294,0.04236145734810781,0.10499049064588337,0.053364324131229796,0.06502073018763464,0.18022679097851216,0.4346571886473818,0.03554123760699957,0.5439493564327644,0.04460283200870141,0.16487824195227904,0.09472982612476294,-0.012627307731029434,0.4669634540184176,0.05764480486085,-0.04686621759637842,0.005685434250607347,-0.07791468399153635,0.028043147788135932,0.17803991936498717,0.30422433094385454,-0.062005708893287666,0.31266348620901113,-0.04941353794755765,-0.009371240443384091,0.3303269917694979,0.14621172106202235,0.2768896627426015,0.11670285840226255,0.19956812992197934,0.023293242717099757,0.04441500627277048,0.3410208859735448,0.10749915671568484,0.02881789236217141,-0.005667490841494065,-0.11957142821529301,-0.060105111335728094,0.044660119324449056,-0.09589132344668559,-0.004492782494148734,0.3105417585728456,-0.004518092497920242,0.1843099855389884,0.022216448869172973,0.002165003415450156,0.09869473184432373,0.2062220802018484,0.014736735436188073,0.05048177585289483,0.3770808068751682,-0.03888945304152614,0.037735155908192354,-0.09086022560318542,-0.008673687668170945,0.06453322719004433,0.2912325672595061,0.036582382127342064,0.282644360778013,0.5216525164087491,0.4655307198101649,-0.039417080039731524,0.2972783004206825,0.0492641603584022,0.0635072666064099,0.29466249029647107,0.1818143037141842,0.10967519918469452,0.627343757358917,0.35197573648863767,0.13975974025796525,0.05813443109900236,-0.03589783134604341,0.36042391873545593,0.3448506389161938,0.21173726886245622,-0.0009096491829774535,0.0027422625619158997,0.04734449242237002,0.05174009196708856,0.10853230528716583,0.0287154129165205,1.0,0.14365536120202266,-0.026944245516254236,0.07232903023871275,-0.015692231297771787,0.14285266445186975
109,0.28274405649291395,0.1401783316516174,0.15077257479263947,0.33709384564849065,0.19661113994897167,0.16669135853538625,0.12322539331835022,0.19359624371901468,0.25928149240401777,0.23665983991271403,0.17080314976591154,0.25046791500660043,0.2763333877212836,0.3631474098983282,0.21615122084288857,0.20608629052999997,0.061878614960060474,0.0021787696863802396,0.4763012348314558,0.004952589013296996,0.199988530033392,0.2820056214502916,0.3225162260485043,0.1397198804159859,0.29490846560215506,0.4901148468849863,0.22616085099191804,0.22465735525319888,0.2311424229015644,0.26346378056169406,0.2051389069639594,0.3283481648711793,0.2795391424841733,0.09402657052936216,0.20255110285293945,0.11419637676567942,0.3721661189534009,0.13563480489272264,0.0224857114093286,0.2214093951194267,0.19187997253467487,0.044078446999769275,0.11401824642348608,0.39743554178434026,0.05383918856990196,0.5074488534784791,0.26796962351532005,0.005862358855261875,0.2738822372420054,0.007751374425845702,0.342095132044602,0.15732712226773443,0.24597936342954743,0.2515726030497436,0.11655992717891024,0.21080429358257866,0.17306482380041502,0.059108480724891076,0.3174872703913226,-0.04819821248385595,-0.024737405247163495,0.42185901582778884,-0.1375801950575507,0.04525459187903971,0.09895226149917616,-0.015841913964220272,0.2514393019951575,0.2420401902161682,0.20617307445339597,0.31989559020571756,0.16870311594526538,0.22755497060859237,0.25362112654104635,0.21786786831603122,0.04183388105248891,0.2177042519769991,0.22243194702938218,0.1514373072397504,0.35152485408044387,0.03630800204118123,0.419707365725853,0.06573744442869064,0.2978870609455051,0.25175846605218144,0.19633917315218274,0.21387618650619383,0.31022068839513717,0.05190806305696816,0.23153170538119205,0.2996242145232321,0.1762431266677425,0.21115547056130263,0.14360268528691703,0.46896959278505457,0.03287929324881132,0.10547045253469531,0.2522018735837732,0.53819787372839,0.12854344475562682,0.2437648414965379,0.4217848007661424,0.24512778222386702,0.15524380199093613,0.16862663270217496,0.3637702902236874,0.11424949282384655,0.24282353320679353,-0.008038388377896498,0.14365536120202266,0.9999999999999998,0.006401089575220467,0.11413291188581651,0.15382725368210529,0.34481790695120107
110,-0.12904260959124866,0.06585196842015269,0.032666847155693804,-0.00012328848253954672,0.032073272233046936,0.17482024823079986,-0.07864749786578674,0.29124028746154323,-0.021017821969959872,0.022592892765935405,-0.0014195119386806868,0.06150634707786161,-0.029103460785466963,-0.08213797630521803,0.1346871392598988,0.13872176390976287,0.26106928792762746,0.17459080709988084,-0.04585086317846756,0.10123828105708807,0.21141813828376066,0.05443612607783898,-0.002265771861377024,0.32476292048397615,0.2634870251275756,-0.02450148154698819,0.018865650680283688,0.15766625560644254,0.12413815146170919,-0.03826518673480816,0.021710632874262507,0.05265403108203992,-0.0295010928469553,0.038343150094598766,0.056920263042725884,0.2157096142118108,-0.06957914649801032,0.010007214933926822,0.34169491729959783,-0.15159668142939567,-0.006197210842613281,0.017296332549905716,0.03816048356079281,-0.05690481377935986,0.2487519441135787,0.01336288084606479,-0.11289316257010487,0.07499934484666229,-0.039025694861672296,0.07176958081692718,-0.05725764025782655,-0.07254792163805696,0.033985361252558854,0.024122718821869667,0.053981976346301475,-0.0737765917984421,0.010119253449743355,0.06821128451432383,0.049941418373997265,0.19572284061977133,0.33229737840683043,0.03772000712538672,0.3649781772969349,0.21341837089686286,0.08794563845152968,0.25693329745828775,0.3245477163851117,-0.07609254772955933,0.16808399905182012,-0.05490680079794235,0.039684262630551054,0.20566655731097397,-0.051700160290504,0.02586189699606778,-0.09023016530973497,0.02614797884338174,-0.11462621853887006,0.15137537371340648,-0.07963451023197436,0.5102122173020116,-0.024036739836749935,0.27028311813244477,-0.09286639809940489,0.15150158291271934,-0.03375407248164776,-0.061137497140445494,-0.027795861801039805,0.00039238598474077295,-0.0030106315872427294,-0.1189620372086719,0.1396181941162594,-0.17668647617316838,-0.04456466011930707,-0.09685971215530981,-0.017154702606884585,-0.023053145467211218,0.06602139842289208,0.045567793453326844,0.352058499008624,-0.06006878663812643,-0.015398575690351548,0.07916462606582145,-0.05135630815764175,0.18024252892245662,0.03790174052068324,0.047040068967178446,-0.05920205302834154,0.3800613144205578,-0.026944245516254232,0.006401089575220468,1.0,0.0580444448844029,0.3263663563544769,-0.04232137575518477
111,0.2208645957292298,0.30836456730705053,0.11301406131903953,0.05497842827532448,-0.005719209023804798,0.16885310729028633,-0.09188152552995611,0.1501304677053613,0.129633135673869,0.24140370351128307,0.05953849217004944,0.05225906021548408,-0.08895513165023516,-0.06801142390660773,0.06097256593330762,0.09854446488098204,0.38212200258843493,0.12738087957427352,0.07126999924107251,0.032408401616292944,0.01322438656090847,0.03617712859687862,-0.010172902370372253,0.10081196597848943,0.06476272678888614,0.013243185096961756,0.21688127454420564,0.2685695341704434,0.037235429841453636,0.19589437255405664,-0.13078291549241913,0.19279237498854715,0.08592705495218844,-0.06597172591323115,0.030567661744345876,0.44774462633292783,0.1708301208028664,0.2581823871137716,0.3424361748536696,-0.07940979279503882,-0.1051395514073103,-0.0864409983625214,0.17040806167555098,0.22596337174363748,0.11115906773966673,0.002221307587031891,0.08042614152273474,0.16555471602737887,0.09502786438333982,0.05986361444938217,0.0304940500459383,-0.022525324612448536,0.09929646219238267,-0.021392760275469436,0.11250186592231831,-0.0797990271403359,0.06440395689659284,-0.02267805700208749,0.23022250753597812,0.46922093287392463,0.2544370766602602,-0.0010957037998106575,0.0851888043659992,-0.11592928000007668,-0.13308934629558417,0.3641438727937822,0.010351582729104518,0.05674697202152138,0.20295350732335632,0.06345786389789389,-0.0728448732836651,0.07667897795766915,0.18691438251426915,0.11977632206069756,-0.06184136969529246,0.3490016967139515,0.0803171737491078,-0.04335974197156154,0.1936014482255764,0.027081297025025857,0.02851974518213781,0.1370456883305911,-0.049495771755495944,0.16674807452627682,-0.061878095660290545,0.06574168471765514,-0.12817216387602373,0.15252023716823881,0.28751862290879626,0.1901126785211678,0.2901869961748052,-0.10455996096650087,0.0384356485803793,-0.09329096821752686,0.012217655970154699,0.2290354044704904,-0.1127377410548976,0.14155371747547202,0.18913326065563413,-0.03793823236464353,-0.060571766825566524,0.1146810771057039,-0.04945336486174265,-0.04412581345925942,0.03944498582467805,0.12509152850592178,-0.006387625421251586,0.24708079150530018,0.07232903023871275,0.11413291188581651,0.058044444884402906,1.0,0.17793993836570648,-0.03601569945350646
112,-0.15881184473799015,0.050150541902508596,-0.008146974492397282,0.2578346251824708,0.1661202863867624,0.37078134864452156,0.07323932632129992,0.4529292553245437,0.13488073678206602,0.15505637661071103,0.2299187368417877,0.14385194203936114,0.07629815013510895,-0.0024769301631611647,0.15664017518453416,0.4047517434428454,0.06684336946065565,0.2742145511418985,0.13686038933475897,-0.11984026696103056,-0.007496521788028522,0.26009646972205513,0.12667441592641604,0.36973924319132945,0.2788795864281738,0.1911979084590832,0.21338712909465943,0.23752444028701863,0.22344973950586172,0.06926049832966395,0.19205120739470571,0.24519113402298306,0.08142012377754536,0.028542196803586443,0.06611460342982806,0.32701086801927337,-0.004240997513489292,-0.0010572455503606367,0.4661413152762512,0.020548851240026558,0.22362885357973036,0.05669799143879026,0.31794881978202844,0.05352318550380825,0.42351199984104476,0.0389886911777181,0.00400997232575482,0.30267572561649153,0.10083122056982172,-0.06820213107659201,0.07377351130548411,0.07558184711300427,0.03948211791900664,0.18220133355866397,0.10936985692461462,0.08251490761943972,0.1495737537530845,0.07921179228962355,0.10595374240365073,0.18575620395680884,0.13459266728487632,0.236463555578248,0.3596754147236495,0.032939087887681795,0.2705778160983568,0.4288607159178476,0.29248443370018123,0.14075377124208754,0.277181045475893,0.10584351692193822,0.16482334864232653,0.27544306040300665,0.11705370865638766,0.19796131065021227,-0.04965443812061131,0.08817880381221299,0.05312137032981245,0.1875018403276138,-0.003613088861553222,0.046427460618218896,0.280362650615472,0.568312510591721,0.12489669674199574,0.41124305947469075,-0.005278615735051078,0.14292149839839996,0.0778730040981627,0.06270434070113488,0.012405251949052667,0.04505916944848334,0.3067581013161941,-0.0809593419353649,0.10565313041020695,0.14377628688545285,-0.03443878052703983,0.0552643129317894,0.22216972043362251,0.11050653285113794,0.4700972951092179,0.17862411964298822,0.21462284086136002,0.08507855088194653,0.06111355278772714,0.17109634658663125,-0.006704469501268527,0.12764894095046425,0.19627209676549132,0.5039033288264858,-0.015692231297771784,0.1538272536821053,0.3263663563544769,0.1779399383657065,0.9999999999999999,0.08893461578829188
113,0.3670672450105755,0.007795284361624242,0.05648219072357526,0.18182499977179034,0.10734697967723,-0.015934293757770522,0.34201706646684993,-0.050423221108526095,0.08902376134269653,0.23443088619700056,0.11073395460606761,0.12425933780024749,0.24841504774285167,0.36877346813349143,0.08163973402882936,0.1715550893413677,-0.07401156144212866,0.00566177138852716,0.2757448308672112,-0.07383196342580028,0.014814721764310925,0.12000287328694788,0.4342994122030656,-0.07555780409639717,0.2577576817508137,0.3240888091457931,0.23002392509705355,0.10210905623772629,0.13963442193872325,0.11546024717687549,0.08285745840168447,0.12515622708503973,0.12392510703123998,-0.020846944916150707,0.3830739464722251,0.05543032561391244,0.155487498516604,-0.06195003186928053,-0.10115146368519098,0.3091767462824839,0.08021853702400301,-0.020506345157308217,-0.06771847307003066,0.11295458684148077,-0.03287719470343673,0.37956138882859997,0.31786043254897284,0.014766559616872775,0.42810011660154046,-0.03149495724187672,0.19228884327453558,0.31951858299918906,0.13832184524151694,0.3255168001371896,0.08086250322027491,0.4790574168462633,0.039312211881886036,-0.04301503726267402,0.2382735105705585,-0.09987113070117172,-0.0977970300540783,0.13433101121177557,-0.20591454469162465,0.021749057841241252,0.02809313658979257,-0.10301287103557027,0.15519859040683062,0.33011834024612347,0.15281931923875644,0.3330736569896979,0.01626408501628072,-0.0016216424872728147,0.14211767191644736,0.24479221772730586,-0.009139508909333988,0.05867822712183852,0.2736867970287188,0.07875851460875283,0.10592936489761287,-0.10484401613601471,0.24580195410176411,-0.020060423390065297,0.3648626029771755,0.15333442693001,0.40504080966624323,0.31299228829026166,0.43603414078591674,-0.04423700519726396,0.189752238708092,0.12372421065086936,-0.005222595370971678,0.36273385777143646,0.07224855887124958,0.336473618279593,0.14287992057674287,0.15347006333974603,0.15001228229942826,0.31640743250313846,-0.0404536641697124,0.14201061293529002,0.44011921551308925,0.06134508649139606,0.12229107535557218,0.16297340713915281,0.3121768760613065,0.08873209171557603,0.19158457210107668,-0.150512196527978,0.14285266445186975,0.34481790695120107,-0.04232137575518477,-0.03601569945350646,0.08893461578829188,1.0
