,0,1,2,3,4,5,6,7,8,9,10,11,12,13,14,15,16,17,18,19,20,21,22,23,24,25,26,27,28,29,30,31,32,33,34,35,36,37,38,39,40,41,42,43,44,45,46,47,48,49,50,51,52,53,54,55,56,57,58,59,60,61,62,63,64,65,66,67,68,69,70,71,72,73,74,75,76,77,78,79,80,81,82,83,84,85,86,87,88,89,90,91,92,93,94,95,96,97,98,99,100,101,102,103,104,105,106,107,108,109,110,111,112,113
0,1.0,0.3999295707972331,0.05379176944781796,0.06023773706260644,0.13831768607348302,0.08646302010690889,0.036788772093971356,0.0245633147027944,-0.0962006040353032,-0.020427092569355022,-0.0017883952065596098,-0.0845654421766687,0.13251524853671898,-0.0044523588709128575,-0.04424497905835737,0.09025207595756256,-0.013288805867409154,-0.006997556362785334,0.031408735991155276,-0.013117923501540122,-0.04253155316698361,-0.06692974248979792,0.0811013918758963,-0.07826761538846468,0.02449409979135491,-0.10042762454900032,0.021721865683131315,0.018466732798301008,0.009055412137884683,0.02824723826237394,0.03628424682737685,-0.027494030167794108,0.01173775022019901,-0.0009683352454981752,-0.01529164431450704,0.0018043098375188629,0.04808691850036573,0.041017424127998324,-0.034171238173883296,-0.023380710437357385,0.018580222620930606,-0.021569881438401217,-0.011087131270093276,-0.03347195195064609,0.002461077628305961,0.03531650892161668,0.014168337027330532,-0.004543588792442613,-0.01892019023753912,-0.00887237084153409,0.004859740256912651,-0.032795605847120525,0.020109755015235986,-0.015163357041989366,0.027131749462310818,-0.01782792179291785,0.024021968349874134,-0.015144126650989015,0.00653632928876383,-0.061289011570477545,-0.008297462255922818,-0.08880265560651443,0.016995644576131567,-0.023046352912214425,-0.05807392143212928,0.035432756266384105,0.09800375334823391,-0.10291558065726805,-0.004950110383687867,0.05927111073401364,0.05560497118105713,-0.10474385656249127,0.02667766211557049,-0.03733969361812398,-0.01895299270827617,-0.04304334169862187,0.028224557372802064,-0.016060971467044504,0.007106733861464214,-0.060788092937439905,0.0570048140163698,-0.09209937011687871,0.039495912004960367,-0.014138565139416054,-0.03481926748946687,-0.0910202744333333,-0.056604473858897476,0.008767053599881988,-0.052728251423111744,0.016900410309924577,-0.005174915798984963,-0.07780727796332934,0.013381363219852156,0.04019624520546372,-0.10232853922230102,-0.012215789067366839,-0.09319364872986997,-0.05565265000990321,0.047980021476797134,0.013523141146224375,0.06652313440545429,0.0600307749289543,0.027944998449190024,0.1158752286026948,-0.07340406739084905,0.022034986607964224,-0.03965858512268954,0.02479989134250955,-0.027365744242485356,0.0877582842737018,0.055452632337129486,0.017021749800500512,-0.091523467256214,0.2713752572500964
1,0.39992957079723307,1.0,0.0267768283392104,-0.08368329428182505,0.030898149060174757,-0.04920348193889924,-0.040934869672949944,0.03458699412388918,-0.03920796436363534,-0.12305487402673033,0.03213992844615651,0.021147713650582257,0.10893416746374478,0.007106387755934601,-0.02187028360612847,-0.02250109563521908,0.02813513741583824,-0.03166626897865969,0.03697380958269201,0.0015736098233343823,-0.04940169027617688,-0.002403990461303741,0.014158136835305288,-0.024867948574666728,-0.02882296906300133,-0.10170505492517731,0.05331950771359704,0.025732853504599196,-0.03042170223952055,0.007755304061712679,0.00466508567384749,-0.0072783376706909075,0.010916353939983076,-0.002451935606246112,-0.029563273469720885,0.02266770123749737,0.023756865701197442,-0.008850928062901721,-0.03653296183720397,0.010245307930679622,0.005987276502496818,-0.05181849082888973,-0.07852316671392502,0.03476719315600416,0.023290473943585376,0.000596811453788754,0.0031749266575272304,0.0364795218428828,-0.04568669385793964,0.023819733929792395,0.0244487994824421,-4.018332575176998e-05,0.0226360322095686,0.0016022021014489177,-0.010409603609168415,-0.05297761528237112,0.037426527373735585,0.0499762743413475,0.0397502332934565,-0.00445032513310069,0.009094922346006167,-0.04423659763262612,0.039685264528034135,0.011509540470341584,0.02680275767452193,0.004440631614861124,0.011372692227729572,-0.058593709537068175,0.04328895711472496,-0.0012352286331829933,0.044205623163515895,-0.0954023438264659,-0.002560534796390004,-0.03137611777601488,-0.050149722509824184,-0.015599128929897685,0.0025121127996814443,-0.0005477820505975784,0.05374424406563243,-0.06644212802772825,0.02192696139940515,0.019393107520609482,0.008785844431363713,0.027734849230422493,0.008498731354282207,-0.016504330930464068,-0.06135119300331334,-0.043813527404121366,0.0006043000916461925,0.009853958105614801,0.08946671959668835,-0.12425720347639814,0.019598344631609033,-0.0278529822650712,-0.011840154854305411,0.03870166587520608,-0.00017820374311151838,-0.06899290948865965,-0.04159789243039855,-0.054788037956447516,0.05941545298845308,0.0388845494805353,0.00645250437940826,0.02650371899123883,0.06318417122666013,0.037768733196866265,-0.025913724912883178,0.031091099623327127,-0.013830979622637582,0.059614130657179416,-0.011570210002096666,-0.04197412962125053,-0.1273063831620302,0.11050532581976541
2,0.05379176944781796,0.0267768283392104,1.0,-0.018265947277800103,0.5522201780386554,0.3342270628692303,0.005799609784747765,-0.11599336843804131,-0.17822762196927955,0.010219982280053259,0.014064049482877882,-0.01484201978427095,-0.06050257494294562,-0.023709099236435886,-0.07210467920533649,-0.03219157484351632,0.10888182814837713,-0.041456150342117845,0.03520211932498545,0.09967259242241659,-0.00850232208450136,0.006726230281029828,-0.09152808708212769,-0.031000242039342915,-0.06175970860805015,-0.029557773912804546,-0.027712317752343334,-0.01954286327175834,-0.006202751953139769,0.09331182926374362,-0.031823737467014175,-0.0015105552407695677,0.00797247556192584,-0.01629970796155285,0.03243130110853503,0.01793263591419445,0.0196473728195173,-0.003502521881657092,0.037231476653438886,0.021011438685424103,0.0770063484023344,-0.04260809653177845,-0.005969310066735545,0.04315261711566821,0.006330074893183334,0.024717231791820515,0.010528159103571617,-0.03151657060349061,-0.03231612114322392,-0.03748431692051164,0.02658427634186323,-0.0009251325023195411,0.06635124145323561,0.05339077714914199,0.02522261078316893,-0.0367377776342035,0.005961009975057235,0.02495429149917354,0.05917773844207738,-0.0401354453492671,0.015541421609576604,-0.020041013057859495,0.005119812768413778,0.0020036458680307077,0.02063785338169824,0.05714180590261869,-0.007908446121583016,0.045699363339049164,0.10963568972099161,-0.004457190980413784,0.035106721004382675,-0.03219856252980223,0.052303761499822986,-0.03452553867798057,-0.044486420305379325,-0.03549503587191377,0.06312908663576482,-0.03946906051771699,-0.1253276331432786,-0.016222000646814876,0.024748750639991865,0.007856025919678941,0.014677926856261781,-0.040135402190449254,-0.035464113141445215,-0.013367574369210499,-0.013457516300320709,0.04365669461391294,-0.007673188814526353,-0.04564215779042146,-0.019656134729178782,0.042164142633650696,0.02491235262157941,-0.005169963844540357,0.002794265478266761,-0.038627411684982266,0.04764599440246378,0.07706484880439371,0.041724519738461835,0.06750615027704433,-0.027065572825456838,-0.009481555161223421,-0.002069303428361846,-0.04686670062404852,0.010789896050346323,0.03096665431928414,-0.14326354292309681,0.007817172099006084,-0.005991397505555563,0.04930879223957067,-0.030109753521734738,-0.0462477724225898,-0.12451270576353249,-0.10906462446816803
3,0.06023773706260644,-0.08368329428182505,-0.018265947277800103,1.0,-0.029872178972596895,0.03444595661019475,0.2128334808311483,0.13843047248432572,0.09186476740131774,-0.14535354280485244,-0.018225667966703094,-0.1012518181639195,0.06987667196771244,-0.004540405804007545,-0.07134775099365172,0.06586899809219753,-0.02727149900258267,-0.04798622918355966,0.031593874729004906,0.03124353347585058,-0.09126515755629469,-0.005664153903832865,-0.05626225288989851,-0.022288894599247155,0.10891057585823785,0.0240472636861859,-0.19165819097304654,-0.008994888124390771,-0.056101091881473365,-0.0538147114949472,-0.013835741292758245,-0.000675671528702315,0.031802735703289904,0.01811742008570903,-0.05854900518289315,0.02050831141305372,-0.02492478031401687,0.022179964169738907,0.01067777447055478,-0.012756089901266515,0.044562690197997974,0.07557673273718192,-0.003847248402248815,-0.03208365378100071,-0.022658319771823386,0.0790061387791898,-0.06398105842451078,0.0071264968171967855,-0.00857080734734199,-0.05023633865740648,0.01689106733931808,0.03477236167903001,0.035042200184235185,0.04095054499760025,-0.061304598253994626,0.0831635929263968,-0.07263742051662164,0.02206899799178548,-0.033748948393158396,-0.03563828939249855,0.020084661964717917,-0.09059265543552572,0.05962225662220274,0.07039716531824299,-0.07336281863535024,0.09711295323137534,-0.03818020826173994,-0.07030543830567351,0.019817534607836904,0.11825358488621224,0.03141228917790461,0.044108925854651704,0.03594962264301512,0.08797671142602048,-0.03982782355543251,0.007560410031378206,0.09120847292414468,0.019188286978844508,-0.02580046860222419,-0.016277770097285454,-0.0015201771789978883,-0.02553136985992667,0.06088219227317604,0.0016924868274788166,0.011340176052887787,0.056939055265094525,-0.07315046518296743,0.03990294982656801,-0.023397809896470497,-0.00011195191394478361,-0.03315388045473445,0.03422721322654865,-0.045847393025674164,-0.03737895584333398,-0.00818435565382662,-0.009749024900476373,0.006128097431339826,0.019277538719849583,-0.05892136471679707,-0.06212013477037818,0.04628433229128035,-0.10497421111170344,0.01799065474784895,-0.06650728647055784,-0.10798134500358347,-0.04959140977705563,0.05550083643675707,-0.03596025167811986,0.04696915076928314,0.08680192210485538,-0.1043033969884843,0.09442645243736486,-0.04836129987184047,-0.1825938253430114
4,0.13831768607348302,0.030898149060174754,0.5522201780386554,-0.02987217897259689,1.0,0.4388822488184383,0.11058508193306363,-0.017067132413605954,-0.13299867362141363,0.04629596292210415,0.0547048988350335,-0.03035011437705825,-0.08217992085224034,-0.08152616456904722,-0.04746486842499424,0.037838419232868126,0.043497581404690684,-0.013408029835676247,0.1084619457653201,0.0062485194078894584,0.022162982698258876,-0.01607201534964179,-0.026793230228638984,0.029156701133945067,-0.005328828882363964,-0.07033306398708362,0.03967561316386485,0.00645892463413037,0.013066018016755698,0.04119892431132237,-0.036999605407389544,-0.03162680335243393,-0.012808413401246754,0.008969221175537187,0.05279914214320047,0.0012115082796749705,-0.004156719895216501,7.988087631123594e-05,0.0036567679002048282,-0.03755578878990457,0.0035128582543875356,-0.036581292407562346,-0.017996737882741993,0.01844083839724087,0.02125384832513528,0.04153570122321077,0.025001299692411258,0.022509660588618426,-0.015550571317506244,0.046809833563134284,0.041996143876766534,-0.02996478365585124,0.031081001298072966,0.02671368983929552,0.009708205101770558,0.004282964108075709,0.02554958577870103,0.013324792099368769,0.060910909231462994,-0.03585436172126976,0.023311203359436938,-0.053297299932744846,-0.036565365827404224,-0.013693818959671342,-0.03375108259911196,0.034232324656748477,0.03547491340836278,0.03818030547567781,0.036770180727996434,-0.03433314377477702,0.022009395471526503,-0.06414740644008253,0.010153782704567637,-0.047281255048134505,0.026326071682500354,-0.04130791163101166,-0.008234262206314572,0.017107422402095007,-0.06768204735772441,-0.0243929399117163,0.007492605831823369,0.02649063061202555,0.0011229781710874174,-0.048606662807731765,-0.012542969640033551,-0.034045724432469913,0.016860147976723847,-0.009174488948207254,0.0025261938078466753,0.019858427025069934,-0.018225748019458206,0.004703312050760766,0.001426471585935367,0.06279291453829526,-0.021042648324225914,-0.03625176240764226,-0.01583527988378569,-0.017234265076095327,0.06920013830711122,0.011746297434834914,-0.049278020098244085,-0.024486300796482556,-0.030414960042542544,0.007167887557147631,0.012630152930248089,-0.06453620894341344,-0.06616576470297708,0.029005570171728914,-0.01580735547846555,-0.0049527438750431784,-0.012821269726691889,0.07377807900659669,0.029342778209886875,-0.019071201393539787
5,0.0864630201069089,-0.04920348193889925,0.3342270628692303,0.03444595661019475,0.4388822488184383,1.0,-0.008697447380638226,0.009375393168272263,-0.05165550771078991,0.017134617340169994,0.05349563479083753,-0.0010334290945206925,0.0250043602145661,-0.005031037091853364,-0.060848086439313796,-0.11305001566083314,0.09493889181090497,-0.0064807777237946024,0.03454236735157174,0.061500886815066096,0.04081004171449133,-0.039286660798933705,0.03351390047743444,0.05762458024113426,0.14850054919305675,-0.08570299811533234,-0.0432686464533165,0.0418997634986111,-0.012567501890188931,0.010446424135626582,-0.07907156845117544,-0.03899323920265219,0.09146603980992414,-0.02543691394757988,-0.0023215510602306423,-0.023056714168184517,0.005595402138936385,-0.04237153313802373,-0.06548315914872614,-0.02708507276274694,0.027029191118947474,-0.0019019404533357008,0.002985530813418297,0.04136886324735086,0.036600478769606905,-0.013515340613165179,0.022866631300473242,-0.03494887723318844,0.03373493711018517,-0.012166921879180373,-0.01785121410537603,-0.025971559707938612,0.01717617236703334,0.08689844857869318,0.0298686308800782,-0.020447690271517827,0.06156474825248865,-0.0335459686358602,0.03737000873932102,0.025628965008183055,0.015435416053512329,-0.011351604363356945,-0.017508527877810917,0.05638515824142253,0.04579814093475272,-0.0078065827543918375,-0.025999323184691923,0.0010043645415313742,-0.003684435678494833,0.009024356233650515,-0.016232651903214965,-0.04860717119268595,0.04513953121627361,-0.017435585495679813,0.0061827475829091165,-0.0017551019486310123,-0.0010162683881655996,0.006901490201739786,-0.03377818950153106,0.005164706930263085,0.05665281322326776,-0.03953282378811482,-0.03798830803231801,0.02510154329556752,-0.07621367280878649,-0.012017973764295684,-0.036357235296542674,0.015785635016738714,0.025331448233945505,-0.022056017424545975,0.045515826795037156,-0.018331699677216866,0.06651959417978913,-0.022124029979295554,-0.006375504439835125,0.03783742110673893,0.05865706512925333,0.01713251197097016,0.06881898643128069,-0.006354438747057774,0.09691760314255879,-0.006799270194012603,0.006398060805629307,-0.10438233864994656,0.014801601197836373,-0.007337146714077982,-0.036982334851541086,-0.05792698741220184,-0.0017137004287502255,-0.04000974965531691,0.04939429306035008,-0.06073055682032343,0.09368584616742749,0.06922064552093919
6,0.03678877209397135,-0.04093486967294994,0.005799609784747765,0.2128334808311483,0.11058508193306363,-0.008697447380638225,1.0,0.10870457813792343,0.07589626277024555,-0.16162790312276287,-0.14469363626474285,-0.08582028688969622,0.02882626791226223,-0.0887814394737095,-0.05172488586461422,0.02258550570041891,-0.008427234025193882,-0.10940697915240252,0.013776077404700816,-0.03507998391298308,0.019785389804519524,-0.09301802678425171,-0.010728443129557145,0.0002230988844563419,-0.03709914786751321,0.060414269126349354,-0.037324272048948545,-0.04243739583636732,-0.04409911139437794,-0.0845252451086764,0.018315873572636705,0.08166956582374418,0.004304409989177027,0.005597150115968183,0.03387308070428772,0.015963630287577447,-0.028540418411392047,-0.03926529694844107,0.005119197572122289,-0.019454344226669196,-0.06516046723932921,0.0015196611415926478,-0.005971682210251817,-0.03257827718645059,-0.04781941065561668,0.06064509177270884,0.021117572690503433,0.06884353427184715,-0.009733395222374219,-0.008679900879741997,-0.027532704065380262,0.06648570055436952,-0.07369761684973551,0.019922376705196653,-0.026499839624653666,-0.08622136676934523,-0.05072977472112428,-0.019365403472297798,-0.07388049080783439,0.06590198994595234,0.03280841291636816,-0.010560014245792457,-0.004327586620350968,-0.0016887130592004474,-0.0032246196569605617,0.04919786363273963,-0.038960421641918354,-0.011361468772965535,-0.032504089800743104,-0.016192687311295948,-0.02749438425293158,-0.018267129289156952,0.022719732287375626,0.015186251548875254,-0.012958482643278452,0.005946035688317665,0.03797692085296557,0.017545470193561466,0.021282017690884312,-0.002576071608425837,-0.010632604090250184,-0.054965453741125464,0.002390529848352758,-0.0055022011564343975,0.0005133701961817431,0.011045692753788933,0.024636135199556593,-0.028188638232885956,0.023023244617020804,-0.023258915017361263,0.015925813968920517,0.058141891344022076,-0.051133076952564326,-0.007122236457314303,-0.02959827298955566,0.021692076239099144,0.004821229143219968,0.05274232408700695,0.014434431195277006,-0.00526201199678635,0.062067073287314124,0.029746975628732845,-0.03766158294639689,0.023098949501507066,0.03105875274659596,0.0517814450881585,-0.00870052398531593,0.05521079033190619,-0.02301839741804943,-0.013393632449719273,-0.0055668532154037895,-0.025127931902285384,-0.01791866902027909,0.007528851586993333
7,0.0245633147027944,0.03458699412388917,-0.11599336843804131,0.13843047248432575,-0.017067132413605954,0.009375393168272263,0.10870457813792345,1.0,0.023699429933900746,-0.13429509629535316,0.036986835620163,0.17327511448226873,-0.03076386180184612,-0.024192098486464246,-0.006791493493560442,0.10722171639847818,-0.10199208714430086,0.08605530191259342,0.16231647520986203,-0.05695463475227502,-0.04361496849914638,0.00834616518162032,0.0021403975192323664,-0.05795021597605732,0.13100390392779537,0.021823107186852368,-0.017267239127935326,0.05083286586735848,-0.0007822566349832804,-0.019107872213948624,-0.026521144244642605,-0.06685887560633204,-0.002584809233498757,0.05226428743084311,-0.06908258459836053,-0.04951240331063726,-0.015902159190308723,0.03013741961292642,0.03474671798753823,-0.0072843087954911285,-0.06802617695488396,-0.010617661266602095,-0.0026093060659774614,0.02915162204563912,-0.010376195573417847,-0.018551689869091094,0.04737490593518022,-0.06895070514837724,-0.036032196051714684,0.01916426309656948,-0.03815068134227207,-0.044758767617754124,0.024991627248704358,0.032498948700026106,-0.011341210790139857,0.026726818966663703,0.008561851866127719,0.0015271587364787207,-0.006106675883353239,-0.04007411149588241,0.10064526544888007,0.0037775640241809157,-0.03684598535261336,0.021298745867746195,0.007637379813854973,0.010938702096966133,-0.0092358400319319,-0.04672633996150192,0.019615922210615908,-0.0044642652657261046,-0.01956741023229976,-0.005229755969083675,0.04147425709525483,0.0007488247051007385,-0.05212633952785371,-0.009850972794090697,-0.03541133130442571,-0.004512569087335752,0.00229762312211524,0.032970301560822014,-0.08729778127341128,-0.03455823922761084,-0.008486467177001319,0.04112398684028758,0.019427983657128632,0.03958220193708681,-0.030112578758905422,-0.013898233620593654,0.0017537951784317456,0.03666497332170037,-0.07944381611624311,-0.014320877889714595,-0.02353830582720182,0.06661149132621982,0.08985565580553424,-0.0563483170224592,-0.02027200980186614,0.023062128067126042,-0.008142966861318693,0.005366631650760049,-0.007282897274372055,-0.021759880788270583,0.010516343116678348,0.10894686538517354,0.06897860830985643,0.030168823317132207,-0.05804186064544901,0.0547032513726084,-0.02676256079670669,0.03819456490748799,0.00532544246039359,0.05703625256239023,0.030242679107662332,-0.17864781238409558
8,-0.09620060403530321,-0.03920796436363534,-0.17822762196927952,0.09186476740131774,-0.13299867362141363,-0.05165550771078991,0.07589626277024555,0.023699429933900746,1.0,-0.024568336271529125,-0.03911794336101778,0.034650969625746264,-0.20048297441858784,-0.12682141178532783,-0.036604302593137274,-0.06904025949497311,-0.008881310618871863,0.14923945558433127,0.011122862799358417,-0.050009972752780844,-0.002207606363256112,-0.07121962370461625,-0.0008430658425871241,-0.02096179352406265,-0.007058159200473251,0.02167340291761184,-0.08408949599628333,-0.06820434560571981,0.010938323024004198,-0.0856921418304551,0.037036967353669764,0.107757817073648,0.022644195401451257,-0.02583991733914894,-0.035826329435600754,-0.03476375218506965,-0.007184588867322713,-0.10818313869910302,0.04691846455005729,-0.0066916771054210625,0.016407642105612234,0.03308771482570658,0.04091789238433659,0.022369318227131587,-0.002271393381214543,0.06153547683503778,-0.08986233223755037,0.04152306870145315,-0.012890592880565925,0.01812275495019593,0.07120227161067617,-0.02646014673406526,-0.07541014348609693,0.034749972965495805,-0.012612454830876103,-0.04340330204470004,0.01584752784196752,0.03391900221176539,-0.03090592321834364,-0.005107997329118122,0.04523980786176613,0.0287205302486476,-0.01915020041913373,0.0743534612946671,-0.02353288710670304,-0.01958769820156004,-0.08835100844263533,0.0473262876904179,-0.010066267308452321,-0.005580230616456251,-0.0014261774038805998,0.05420791555934864,-0.03721989613743806,0.03961240924869436,0.017170267963942037,0.05428928956651348,0.051971129662370864,-0.022510417034769047,0.035601835843773605,-0.016853852989135932,0.07957739666821333,0.033488343438483274,0.04070133848435522,-0.024018091062266426,-0.005784155104745413,-0.02391997374997827,-0.005935319215157025,0.0270334860152998,-0.0007162476516239161,0.004030863874216948,0.00046899892520659584,-0.08847457263070513,0.03234497198697076,0.026161007047959487,-0.03527021807910235,0.00788479359286283,-0.017751520592802987,0.020377217487650166,-0.015028442325057283,-0.012251007862623857,-0.05303600074473498,0.008426247102270471,-0.018830550493384092,0.024164528382985655,-0.03362994086197873,-0.03288644492927154,-0.030042424663824556,0.034456413449829,0.014329119425318398,-0.0178506046689425,0.00942885492189095,0.059981740179913576,0.2208581898898402,0.06536060835256437
9,-0.02042709256935502,-0.12305487402673035,0.010219982280053259,-0.14535354280485244,0.04629596292210415,0.017134617340169994,-0.16162790312276287,-0.13429509629535313,-0.024568336271529125,1.0,0.04057073969974259,0.03100224560996398,-0.170117214682831,0.06194676414810597,-0.02574586893161705,0.09551642982059586,-0.023777647082060455,-0.11401348502575112,-0.06109038175980525,-0.05698425064592493,-0.05693830096203922,-0.07385857165108141,0.05685471319183089,0.03613440823917292,-0.05387051966360341,0.05808421191935709,-0.0023939146586557324,0.051505310935111875,0.05063824615527431,-0.045877063082341504,0.043259023941343566,-0.008904983629772573,0.052112704753048515,-0.028858633853090322,-0.01920653413365791,0.05339481980323227,-0.0381034507530995,0.002576523519191934,-0.025009228220144675,0.02305875544022588,-0.02102892328140575,0.07531040363974209,-0.059912489322799356,-0.011343521652856455,0.0451307789398771,-0.018534292004727476,0.03239781028821599,-0.043022316356853704,0.03350244601853925,-0.046427952857635235,-0.02491117902262589,0.03236505868305406,-0.015330462459743151,-0.028312181621948436,-0.012884740650391552,0.054392300067006745,-0.08910063907653692,0.0044418455880007755,-0.012200234239599605,-0.07272783749712589,0.028145394229861728,0.07701746965426229,-0.03921742296263908,0.012872859463210201,0.018805541118330358,0.015407876501961393,-0.045505981719472385,0.0023491386712295413,-0.04841030760174078,0.043411552547507996,0.023455170290548683,0.014208200690791883,-0.051105269492294485,-0.014205706267478652,-0.009107715522371109,-0.02546425321350236,-0.024584891274878586,-0.047778057463465445,-0.032235861868693996,-0.012078325552638606,0.04983314006876641,-0.019370523644389646,-0.01676710596624004,-0.004480865377546711,-0.0026797490361891783,-0.00048411494391839235,0.013888619101023854,0.02007166293483134,0.01636947603352301,0.017890542875690148,0.027167883731741314,0.06771615903593815,0.04821351157261578,-0.03837433225550825,0.00821572457415654,0.0073968107288685594,0.06344809085666954,0.03033991732524335,0.01797450145114741,-0.06881369230572644,-0.005840295536924332,0.02405194221280749,-0.03184164319428322,0.01649232082760964,0.05753448026365868,0.06428533128921383,-0.04525165634598363,0.029482952603115693,-0.007085215991985188,-0.03867022133101283,0.004369166680609769,0.022968755408405022,9.20664515748932e-05,0.007160872196149207
10,-0.0017883952065596096,0.03213992844615651,0.014064049482877882,-0.018225667966703094,0.05470489883503351,0.05349563479083753,-0.14469363626474285,0.036986835620163,-0.03911794336101778,0.04057073969974259,1.0,-0.005579117512105995,0.002364025711446963,-0.02963324950338167,0.023642617343244587,-0.019036785931224806,-0.0924730542180047,0.12000337017091459,-0.07251469902830995,-0.06834367434730851,-0.07335579782158716,0.055555938590200964,0.07568658110133983,0.059430580204575284,-0.005684516849482242,0.0728817352486901,0.02833967116231472,0.02669133768281474,-0.10877107935890087,0.06933380381729616,0.022909209084330827,0.02622693426545252,0.04488267992987666,0.06057106507679736,0.0203100678800342,-0.00576170097289603,0.018996846443429923,0.06917349390609938,-0.028464789747879984,0.03790479189726108,0.0036492308593337667,-0.037858888734086354,-0.04061868550413428,0.011165171291040176,0.02674879973545388,0.006170054431400877,-0.06790504653958682,-0.052261450105188435,0.018701760514235735,0.004473628979098953,0.022309190386676694,-0.06028716136082197,-0.03712007989075535,0.02134231297391444,0.0037794425359400866,-0.012364552273010003,-0.014381932884756227,-0.04584304564447978,0.02091526007958022,0.022112339511134522,0.08474416189990301,-0.008814338801649271,0.05004932200963527,0.009495307548855116,-0.03915185924747558,0.09176739427230349,-0.0029088757465311277,0.016357721767930145,-0.034317925388884285,0.037356587193953704,-0.06583640615705308,0.038805155850789856,-0.015953115132775506,-0.04130132676880341,-0.049967598935860856,-0.016033754614974874,0.0334771369138035,-0.03380268934478428,-0.03621524270437267,-0.03841396607720798,0.019153745240949215,-0.02426620688832486,0.04091698777826336,0.017179366329275504,0.03611831735019945,0.009683744090957463,-0.04684284321120215,-0.01738234179844864,-0.018943180945891393,0.04133996671684479,0.02289389637781259,0.03400598643009935,-0.03788759110644131,-0.005541294037165855,-0.03500493493096897,-0.060666739730435515,-0.03522710304198995,-0.11197365514595586,0.026432285496007152,-0.018305867976222825,0.002130021314781908,0.019348669297813814,0.002552581950337335,-0.016888633567549535,-0.04067324994455855,-0.04450181840832188,0.02961793678753491,-0.033895844889439954,-0.00486549872123265,-0.007549638764098962,0.019558557784049163,-0.04259226881121828,-0.00021408563502794162,0.014177152844759606
11,-0.0845654421766687,0.021147713650582257,-0.01484201978427095,-0.1012518181639195,-0.03035011437705825,-0.0010334290945206925,-0.08582028688969623,0.17327511448226873,0.03465096962574627,0.03100224560996398,-0.0055791175121059945,1.0,-0.14421105787432414,0.1634016487907406,0.03062871949854835,0.009250765195886601,0.09371934348624651,0.06381031769707728,0.1255314564838833,0.01376538307336236,0.07083795597044976,0.07271123438175289,-0.08005584385716741,0.026431515215035173,-0.002166835369671917,0.03616545826186261,0.03616208617060566,-0.016968445001779683,-0.04205874900556547,-0.053723921086077604,0.04645065152273668,0.03333696212102444,0.017198710794831772,0.012919086309815187,0.003738515263459006,-0.002618119132066146,-0.042126036607172096,-0.0023919865852907243,-0.019830717957731153,-0.00022864583982986863,0.009531136915275714,0.05969499715900123,0.04709585209922084,0.022830932618827637,0.02029560321096933,0.01319243535347999,0.005437195318208101,-0.0012348503025662006,-0.0403824040638234,-0.002734833506036271,-0.04369942586368876,0.032584054358800775,0.0060487112678630365,-0.04987787622689425,-0.008559420542366775,0.011385782280706126,0.0005305602405959833,0.022040191422199425,0.007948203204312209,0.004119531172611557,-0.008121820687797527,-0.041012834491115306,-0.00484532563212541,0.00710510319393706,0.024729122964094647,-0.022565556414665323,0.018434022582700563,0.038959178728943306,0.04886361458004786,0.017118285083121937,0.03197468945159645,-0.07081873759496453,-0.004310824904640929,-0.05275247146049218,-0.03874554716515728,-0.025459416636539698,-0.0046850218976469925,-0.010820961183838884,0.007432797227304056,0.011650777866564209,-0.0014836342377548826,0.018255677044536123,-0.032603752876712196,-0.036267902724442795,0.0007312046304382669,-0.02781053216976907,-0.021419696627089757,0.007429517559836387,0.01434001185830968,0.038042102486075646,0.018487416170222877,-0.012082841964688042,0.0028714996944031136,-0.043728429128611274,-0.007443134123403828,-0.009825934131520973,0.014143012104061459,0.05455259994902225,-0.003975206750157347,0.020054572949003025,0.009469187369077725,-0.03894410128878459,-0.007395974865985095,-0.02963980498552157,0.05321225507457417,0.02321908720150924,-0.11881992897290576,0.00044389887460653495,-0.021776545202016582,0.011727879747486052,0.034957705954337566,0.039516861308637366,-0.0007708235409725459,0.10271997558737612
12,0.13251524853671898,0.10893416746374478,-0.060502574942945635,0.06987667196771244,-0.08217992085224034,0.0250043602145661,0.028826267912262227,-0.030763861801846117,-0.2004829744185878,-0.170117214682831,0.002364025711446963,-0.14421105787432414,1.0,0.07833545627190384,0.04937559907622877,0.10592125017833523,-0.02149282568433532,0.006936135385024198,0.006993790129287435,0.14771534446976342,-0.07825286090457695,0.010285952785193333,0.06732747323503739,-0.008671509878252506,0.019562516580079868,0.014549488795348694,0.024532173520683542,0.03952896166219867,-0.012894709778395163,0.061188117907258664,-0.058703692242601205,0.00034254431617507415,0.027035877618811717,-0.011204124348157197,0.023424399035601833,-0.04103637080908762,-0.02728819500745794,0.0029959492049068705,-0.04060348022138824,-0.03685996420569403,0.035362143470178485,-0.002217398285096374,-0.009072191178378033,0.014264018172693498,0.06219269589781759,-0.022694604233284257,-0.03277584772342067,-0.03579751376309397,0.045183848800393445,-0.025956933312517947,-0.014054371061179505,-0.04541266000242736,0.020219292022904845,-0.0015796760756653324,0.019200524993649933,0.019463987411401935,0.04948697439561412,0.010295346215153598,-0.0031992679630548945,0.010205734121849792,-0.025503298563335823,-0.006077181407096126,0.007272179720055545,0.02630545629493118,0.0052322126079650125,-0.0022577761715023184,0.017604319586814063,-0.00486890847029055,0.0025792939505588012,0.011484359819443938,-0.021037875400151965,-0.044733967891214636,0.05536628099076896,-0.050320849861974326,0.02415696208200549,0.01002986237361081,-0.006310888466625784,-0.01909671992536877,0.008416824323627472,-0.03730699724240461,0.05013017372604334,-0.02063384292147284,0.015183806013332263,-0.0001197964304145543,-0.0029634263274298826,-0.00883440102571554,-0.05684108552753549,0.04446039260595095,-0.008867791210459702,0.016761826707859747,0.014100508419802654,-0.05933922846650576,0.01988032653595273,-0.012205197592144189,-0.0037645414108942285,-0.04059093818399199,-0.028575169374051666,0.009874243438933205,0.04227118750384402,-0.01879123671041551,-0.03107934053688774,-0.005858720166490666,-0.05515169779707827,0.005110125813695755,0.015164854702366469,-0.023162088161824947,-0.007295905484492834,-0.014571252419325165,-0.013510748303438309,0.04922092868259178,0.010115060401966532,0.01844083963605135,-0.006787192716420722,0.1627361652744116
13,-0.0044523588709128575,0.007106387755934602,-0.02370909923643589,-0.0045404058040075445,-0.08152616456904724,-0.005031037091853364,-0.08878143947370949,-0.02419209848646425,-0.12682141178532783,0.06194676414810598,-0.029633249503381674,0.1634016487907406,0.07833545627190384,1.0,0.12183871597330556,0.1503329661895162,0.11014659023178065,0.008416280345519667,-0.03096593072916418,0.0011059132100682762,0.08485211772677523,-0.0482552846514892,-0.059830157918769646,-0.045759843047412214,0.0767312341536881,0.026958222078611507,-0.0476050333923522,-0.013956437938478108,0.018346257990012483,0.07253243754348618,0.018193462412167738,-0.040295854202882626,0.06034202903154994,0.01994735174256767,-0.012804626518105445,0.045432112589725245,-0.03182488742831209,0.05156919624233683,0.008109366906717937,0.03013876451260042,-0.01280861241299292,0.01623708224828955,0.03577462002058359,-0.012662554237216671,0.016319751685982566,0.040420181620079355,-0.027363163250931185,0.0027622982930190134,0.02726494063151351,-0.07008188812680785,-0.07203337125086716,0.07131916974326126,-0.01770230693429547,-0.026113423444300152,0.047567058412352564,0.026975071450561976,0.0337568489568564,-0.002086216784179489,0.040018250090803786,-0.01418694565257669,-0.07423793830944746,-0.053808344982939606,0.0238464029801076,-0.08216182090472639,0.043445840740873036,0.014556998270848193,0.01841424106506986,-0.009624040568086396,0.04884564980749649,-0.021077006554025612,-0.031623445889485506,-0.028407737962681742,-0.02573717343175948,-0.043562229006783346,-0.08045394076157673,0.03930812830627469,0.08234857135365883,-0.04446034753285977,-0.06572052992196895,0.02540113052084364,-0.10126488126781928,-0.021199879485105,0.004067742027309159,0.0038179182393781055,-0.0494955290739936,-0.020684765880196236,-0.06089486422155871,0.026220493280043267,-0.01347886681436592,0.0004494507269695392,-0.030443216732976695,0.021811599130910582,-0.0272724913124472,0.0003471686464790816,0.006029005706230788,-0.004869677996096809,-0.011911622355604067,0.04357567174805416,-0.017496333417827067,0.015125516456231685,0.005813006945744921,-0.048047969551388715,0.04753479708404731,-0.03626451829850342,-0.09228300849160878,0.0464792073233001,0.03676456329372278,-0.0020660068701932226,-0.0017670244117302014,0.02633972711675946,-0.01158780421379176,-0.09499162351091686,-0.07304686277321515,-0.19145543391272923
14,-0.04424497905835737,-0.02187028360612847,-0.07210467920533649,-0.07134775099365172,-0.04746486842499424,-0.06084808643931379,-0.05172488586461422,-0.006791493493560442,-0.036604302593137274,-0.02574586893161705,0.023642617343244587,0.03062871949854835,0.04937559907622877,0.12183871597330555,0.9999999999999998,0.05643023876411019,-0.043032044528355344,0.03036753589564502,0.015168066802077317,0.04685239855838806,0.03337129438884311,-0.08881502961900632,-0.03269872773937676,0.005043510157659319,0.02955057741734102,-0.004816017268249389,0.007438923547391073,-0.02974177479358464,-0.016916006897478016,0.04769002843036278,0.0034605708289487456,-0.05338567718037147,0.0008479374584019555,0.02241486143534193,0.034444913281008696,-0.03486471034831085,0.0367420725382886,0.02781658667872457,-0.0035249358480358736,0.009214441327554274,0.006079153261278223,-0.030395114942984282,-0.009262027174696274,-0.0320106101193689,-0.02202626343315965,-0.045724438249536536,0.0016368990480690392,0.052590439458414746,-0.020423673295259938,-0.004700980572757833,-0.03577266989362787,-0.018149529048247084,-0.037795166799510026,0.029553071089341448,-0.020873818744184362,-0.02526100943539104,-0.019156389624665277,0.029767076188885258,0.0033001665166444505,0.005634347715916543,0.01345532376680666,-0.01629985862483197,0.015550716630398248,-0.0443435626632736,-0.0444027961009117,0.04135584473051955,0.012243128479797923,-0.021113352898155593,0.023272362098040577,-0.023855538542476924,-0.0016403364881129217,-0.001207921132453206,-0.011798208790541921,-0.0028301910800340355,0.022832522130234567,-0.0023893821408789086,-0.01227746661262615,0.0053882031575251815,-0.01071369137124185,-0.002234580726477685,0.04114275426633586,-0.031071120131359545,0.04087923426318378,-0.003195928290741175,0.012649501314221245,-0.016777879572057883,0.02963911183931924,-0.016202487580890948,-0.023044886713940883,-0.0031843319486795215,-0.009934568147315897,-0.01732431927078687,-0.007342023428483012,0.0346922316827253,-0.002543039562494342,0.007988526727209353,-0.01174608357969898,0.031262501921802216,-0.008544572954851693,-0.006203820779086855,0.005084389936674559,0.018702392876090733,0.002196252480907514,-0.02111418113175827,0.01574225240497895,-0.0256440121701547,-0.03597719647010741,0.0255680495765966,-0.013895452998760022,-0.0366411841293437,-0.004592165259520111,0.0183925208255831,0.04116276490083017,-0.004533220971754318
15,0.09025207595756254,-0.022501095635219077,-0.03219157484351631,0.06586899809219754,0.037838419232868126,-0.11305001566083313,0.02258550570041891,0.10722171639847816,-0.06904025949497311,0.09551642982059586,-0.019036785931224806,0.009250765195886601,0.10592125017833522,0.1503329661895162,0.05643023876411019,1.0,-0.06905448074454253,-0.009315194418749246,0.04066640643978887,-0.03584808621360871,-0.03185597359492807,-0.016312011365146213,-0.07360459453855547,-0.027517422400103932,0.01345515569201522,0.011309714791047807,-0.008053812419111043,0.05191828543604079,-0.03779428164142637,0.03172400462083937,-0.0002484461445389698,-0.004966973935258944,0.028163251314687946,-0.055850278861150536,0.04378603140527919,0.008736245314770893,0.019148517953207756,-0.05241182483004632,-0.007944403920888337,0.02039554718445775,0.026843017206506,0.0031581406839691632,0.026326415142841394,0.01627817743831478,0.035351651970945405,0.0686344560127357,-0.020923300066584646,0.019767636358688136,0.00954445052212168,0.03449314069635621,0.04139518976269902,-0.010940760815150559,0.0002783098571165668,0.03719584939257875,0.00945727025818601,0.04754666540148388,-0.020741330482730826,0.01124611063084335,-0.005507907623341054,0.017491889509691074,-0.017451066404695473,-0.004790064565594628,-0.08307921931095805,-0.00232453842057132,-0.031015855610491146,-0.010627810744739069,0.003282283935701295,-0.019915759820772767,0.003906305047892864,-0.0017261024953244824,0.03331734173817322,0.0026314830630689936,0.025279799159253803,-0.022161671925323416,0.014284712757433716,-0.04671871615455044,-0.03560004741507423,-0.010595368055630444,-0.02719116898280289,0.028360186297033248,-0.07878330094706766,-9.982159791660632e-06,-0.02123101544844236,-0.020920703744293664,0.0004191899239802897,0.011516570641109478,0.008790069380087999,0.024802897438598055,0.010408996535319133,-0.01246033609346983,0.024806700219887602,0.06450166247108917,0.01858845463454626,-0.019729511486954305,0.014933507219284528,0.00789848627474964,0.007811449800929848,0.009384497240774779,0.037356365034832056,-0.05476411413914814,0.003978189545676587,0.02227767725813424,0.024180069716481477,0.008373086453873347,-0.058322822523449856,-0.023835485854092515,0.05708337617004466,0.012542051707891591,0.006177594905423922,-0.019496614284975382,0.014575097730085588,-0.010622675889115779,0.019552939981920404,0.004531471767684083
16,-0.013288805867409154,0.028135137415838236,0.10888182814837714,-0.02727149900258267,0.043497581404690684,0.09493889181090497,-0.008427234025193882,-0.10199208714430087,-0.008881310618871865,-0.023777647082060455,-0.0924730542180047,0.09371934348624651,-0.02149282568433532,0.11014659023178065,-0.043032044528355344,-0.06905448074454253,1.0,-0.02136532683825902,0.0667414511664684,-0.03887620357401317,-0.010650118048576343,-0.021604443504472413,-0.05653773956521007,-0.06360440934358953,-0.010619385121072206,0.007138401627612112,-0.031058835735615457,-0.007535589129676844,0.05495013083737829,0.07174293742240474,0.017922389326861275,0.0030105944445469753,-0.007755868136626348,0.015444650971513287,-0.08424125363195015,0.0020250479881732957,-0.007240681793342979,0.006099809765888475,-0.013154062010521203,0.026177717282444304,-0.020052708838791376,0.021160204198049617,0.062165924207656674,0.015022968192279164,-0.011325850855908837,0.017163189387688425,0.008908710289965071,0.008111114976859244,-0.025445709217113376,-0.006467327657973918,-0.049124602419313816,0.06700117830672873,-0.024867010276617574,-0.011461937108847398,0.020424663580086468,-0.032474575468553944,-0.03300322662020348,-0.020112572338008016,-0.0337435837647507,0.01048526889197616,0.0003683075661103678,-0.006722808414872188,0.0016557780517228336,0.04277591938678378,0.04356813203336039,-0.010848491785786547,-0.03055981939290729,-0.044067293473156764,0.006140099406140766,-0.009582995471446547,-0.008764429005774297,-0.02783375616545967,-0.04402266251115848,0.05570785741792108,0.027357357575792697,-0.003148501168556234,-0.0008601934689952904,-0.015940817337549394,0.022513899218600978,0.007029654747378367,-0.038886727739165995,-0.002786721471620495,0.007728017371874541,0.024529876989106577,-0.019639317148655903,0.00414088484640873,0.011826184603679013,0.020544649596727263,0.02862837847206045,-0.004172271538178442,0.02857213907074435,-0.04115999457892268,0.017575048061276684,-0.002469685491474745,0.05709104080919053,0.07748163475280274,0.01911872664978215,0.03833790976503896,-0.020795572756987193,-0.0625278173345323,-0.01148547708098013,0.028080120854545143,-0.020734230275581127,0.009642244423092574,-0.04007345234908269,-0.024054745339458755,0.06545379900522312,0.033789850598299385,0.03431472774752456,0.01879047197797768,-0.022066187932880114,-0.0072488958920659905,0.029164211456439503,-0.1775367825754812
17,-0.006997556362785334,-0.03166626897865969,-0.041456150342117845,-0.04798622918355965,-0.013408029835676247,-0.0064807777237946024,-0.10940697915240254,0.08605530191259342,0.1492394555843313,-0.11401348502575114,0.12000337017091459,0.06381031769707729,0.006936135385024197,0.008416280345519667,0.03036753589564502,-0.009315194418749248,-0.02136532683825902,1.0,0.036327693416293216,0.014853167058236073,0.14390387790902695,-0.16161323553277224,0.016850700740753247,-0.08810060429741218,0.006663521925370885,-0.00024173503629915983,0.046801376506626975,-0.04338505403272785,0.019510301437010602,0.1058083437739041,-0.05756596687399293,0.048078940160224536,-0.012068726921189767,-0.012018700164968909,-0.007840816370610603,-0.010984905165301378,0.048287807104477304,-0.11590099414502487,0.028333822772237786,-0.003145676779872431,-0.011665491286042102,0.006901517440458021,0.07103525241922755,0.051226209876147996,-0.0013120588062950455,0.07646114261226308,0.006538351571265328,-0.0007270918593657858,0.028184129787504196,0.03115437114828788,-0.03205044800644592,-0.029836340536196965,0.0455938915432498,-0.037805826009975556,-0.009219750108137333,-0.04187326573083303,0.005884048440683146,0.0355318577188224,0.017913635528458715,0.037297587544721976,0.01913686222712133,0.04423133432337104,0.08268820744081311,0.017463706156210897,-0.03000495977382487,0.0114487049507406,-0.006505804857989485,0.013269699159406248,-0.00682102424277795,-0.026044262484364093,0.022675199180850526,-0.0022705458344003033,0.003925419161412097,0.008905495121587701,0.011902305364013965,0.011654654170080365,0.04122195995157529,-0.020436424036709745,0.022042585997286045,-0.004974962198114618,-0.0182305104074003,0.00859083271527287,0.03304121967780301,-0.026908244501669464,0.011812657827528278,0.017690709604036424,0.02710315346122074,-0.013323433743845408,-0.0027721956543383824,-0.034901354739097216,0.04295549547852308,0.008993430729258697,0.0015405820369276731,0.019946201917401565,-0.0036801049952622654,0.017232791210626493,-0.030387812951906186,0.02252949759161275,-0.03183888161518692,0.006281759669858374,0.03090078160277565,0.06910746573796747,0.02558688354605423,-0.00010438121676506448,-0.025248938597700336,0.016099023179294344,-0.01504229796261023,0.030188236240629978,-0.0013750413977469936,-0.03876314454553759,-0.04311720316006695,0.03672481391643428,-0.00568959330014165,0.22594005771897724
18,0.031408735991155276,0.03697380958269201,0.03520211932498545,0.03159387472900491,0.1084619457653201,0.03454236735157174,0.013776077404700816,0.16231647520986203,0.011122862799358417,-0.06109038175980526,-0.07251469902830995,0.1255314564838833,0.006993790129287434,-0.030965930729164176,0.015168066802077317,0.04066640643978887,0.0667414511664684,0.03632769341629321,0.9999999999999999,-0.02831571413698591,-0.05552261253871533,0.03328039768706477,0.066035544421818,0.004023703327674412,0.018881758698108597,-0.01521266321799182,0.01857916051126703,-0.026882584293731297,0.033974702152124336,-0.01994777907282881,0.02951699766782072,0.009421119770573116,-0.00845448684710807,-0.022741480873565777,0.019826256409902192,0.0027577733313408027,-0.01349581404210752,-0.021561571559222965,-0.0063948090391752485,0.02363779816878097,0.048643083383512295,0.010517136072138677,-0.07074182427444906,-0.021641410315594852,0.0011449181462350505,-0.0705861457169319,-0.02365558833704993,-0.05711347178255212,0.01633077915648915,0.030042139402208498,0.003466714570391966,-0.037975363145687314,-0.0020920057138040494,-0.04499848983690614,0.003638222020949345,0.06869099521159844,-0.026131646409328753,0.01686692296180496,-0.0018600795910896674,-0.026024511398544007,0.02333601186005208,-0.028705657970036783,0.018551225506229296,0.005085634867341271,-0.04165865593213266,-0.004322564506864007,0.01821362174766735,0.017355550569406367,-0.029950129065050447,0.01189918982805322,0.02539314255231243,-0.004952592244721749,0.01891848950531166,0.0014035384963772867,-0.001743379844901073,0.016618452186226044,0.01605580367147625,-0.023861046556288193,-0.02144005170343376,0.025352170266639853,0.06026739175449282,0.024470861503762157,0.023807582243289792,0.023657792297873573,-0.0062286944548036955,0.013493163251284477,-0.03582747588555829,-0.0016519341502097332,-0.024727383018097803,0.006503710546865537,0.025887986811332635,-0.0064137430525285175,-0.013310335929173751,0.007592162434687761,0.004679555188744933,-0.02102884360870333,-0.012004076933780377,-0.03858158925796427,-0.04117267550138502,-0.002816067319404366,-0.021779449009877622,-0.03869601410304852,-0.028457422171270872,-0.010880559214333965,0.0248684591792753,0.005131215775771485,0.061102683573948345,0.01180390388248019,0.027053769406777246,-0.013342237034554028,-0.024709044370134128,0.01418048461854598,-0.01791030922697523,-0.14691766809311796
19,-0.013117923501540122,0.0015736098233343823,0.09967259242241659,0.03124353347585058,0.006248519407889458,0.061500886815066096,-0.03507998391298308,-0.05695463475227501,-0.050009972752780844,-0.05698425064592493,-0.06834367434730852,0.01376538307336236,0.14771534446976345,0.0011059132100682762,0.04685239855838806,-0.03584808621360871,-0.03887620357401317,0.014853167058236074,-0.02831571413698591,1.0,0.018844887602109513,0.15065110555624986,-0.1161543193456048,0.08155393145802138,0.038633247474783194,0.06682122565674856,-0.03634533582896968,0.009049509122604405,0.011392669515106556,-0.04161123505184611,0.032890813015307795,0.0035242744938541125,0.018072271426750785,-0.022668539505538793,-0.0006198984724892273,0.056077077544202505,-0.026525241841035288,0.005743437377592146,0.0442766327687358,0.007234006456752688,0.03904942738847933,0.015661251548983672,-0.011975141355527795,-0.028668725141747377,-0.021072764243809772,-0.01280053108988692,-0.018295242209348063,-0.029128776141552366,-0.03601552450768473,-0.009374861733571448,-0.007188180485842169,-0.01024663839654792,-0.046292708774606006,-0.016309228576569704,-0.022270362690632317,0.026959793165096925,0.0017167018563957691,0.040355344268482876,0.006915883299610241,0.024874515369320498,-0.033743175393081366,0.021366973442212746,0.049485740784878066,0.017799291195092628,-0.03404865774491731,0.014802322651693695,0.015407024939072443,0.030009024272393527,0.005949989624472975,-0.024646759708228043,0.04980217393870326,0.008541258768997398,-0.006097005141753203,0.010522235250117173,-0.03217537036393353,0.0017056159170929725,0.037382916787450086,-0.01734657957295378,-0.01022737297137938,0.036176187404960876,-0.024646573822795854,0.019018225197994107,0.006043941826831581,0.007116857945154071,0.027176820297916546,0.004724937580180903,0.06308022895311245,-0.01149669302304988,0.003703367109206542,0.017054952717574973,0.01828969246561391,0.061505448999135126,-0.01468151444622884,-0.028998979175575184,0.00683733515492917,-0.029791499348839914,-0.0070497280430288235,0.041293902726584904,0.03027472213635389,0.00657351613028904,-0.033589590011429145,0.02916313032026346,0.0030723727065405737,-0.022509246296216895,0.06834038003337885,0.012841677714045006,-0.04992789665119778,-0.012257725519177356,-0.017778718314394336,-0.024161907299329367,-0.009225447463609445,0.01861242492802933,-0.021696143338477712,0.11925273744470277
20,-0.04253155316698361,-0.04940169027617688,-0.008502322084501359,-0.0912651575562947,0.02216298269825888,0.04081004171449133,0.019785389804519524,-0.04361496849914638,-0.002207606363256112,-0.05693830096203922,-0.07335579782158716,0.07083795597044974,-0.07825286090457695,0.08485211772677523,0.033371294388843106,-0.03185597359492806,-0.010650118048576343,0.14390387790902698,-0.05552261253871532,0.01884488760210951,1.0,-0.10181049304923853,0.006558726138951827,-0.1114701297472017,-0.018042905476664334,0.027116474287991063,0.07463574267482896,0.03297558252026711,0.015168225114642516,0.020245080353968912,0.005272372209284402,-0.0045634288823435485,-0.009532497535248687,-0.008629650205952352,0.06074308876207334,0.02134009653473167,-0.012437854016023965,-0.007935050436258277,0.013653974679893176,-0.023076156080373934,-0.03925901764367208,-0.04829531862156996,0.00013555993196001293,0.015727132001355996,-0.0170962645078125,-0.01679077590931086,-0.03771502810267302,-0.010306166507024855,0.002308540100870984,0.018703705867416587,0.02518465282185832,0.008559297462498486,-0.005965987376684979,0.024134799443091853,0.02568763959844446,0.0026543087676487416,-0.026979362685717073,-0.014717701044137572,-0.03237557293706151,0.03164222601061372,0.029429762796697227,-0.02296211219523245,-0.02830154162149895,0.023731285480042778,-0.003104620443107623,0.021459801288288022,0.003070501420618581,0.00564780179962021,0.03877582824758769,-0.018319366540954306,-0.03147395905452842,0.015935485774630574,-0.028567019326815175,-0.02087139506625779,0.018044440983693042,-0.0305278988200717,0.016994116153485145,-0.03247677314463587,-0.0018118465894320865,0.011632588569693184,-0.019308841960374933,-0.007940740463207849,-0.0065155638573939694,0.012648445331211488,0.014396454817766318,0.00023125074328195,-0.0031395188884907363,0.014029956823271399,-0.014339923957304351,0.010028253766563066,0.009882480662257087,0.019365181287890238,-0.030906258965014678,0.010430112715821066,-0.004318168003347508,-0.04876057487312478,-0.023815853337252703,-0.06680734056275875,0.002488627774189958,-0.009015952886524646,0.012408996188324084,0.02312381379871444,0.018032538888986756,-0.017069103435837736,-0.024593465905593134,0.013374083460189323,0.010078652791637402,-0.003547573882594931,-0.012566045601994607,-0.00926933333911508,0.031573169453154935,-0.028282488358776243,-0.015743232354804477,-0.11608172053162599
21,-0.06692974248979792,-0.002403990461303741,0.006726230281029828,-0.005664153903832864,-0.01607201534964179,-0.0392866607989337,-0.09301802678425171,0.00834616518162032,-0.07121962370461625,-0.07385857165108141,0.05555593859020097,0.07271123438175289,0.010285952785193331,-0.04825528465148919,-0.08881502961900631,-0.016312011365146213,-0.021604443504472416,-0.16161323553277224,0.03328039768706476,0.1506511055562499,-0.10181049304923852,0.9999999999999998,-0.03841208758912915,0.2287283731782462,0.02104618349601877,0.008763876935663982,-0.054791039268975154,0.01585076422924753,-0.03891640984101636,-0.0815497407514016,0.028946322991948426,0.023695874784811555,0.006274409124087632,-0.014385749713241098,-0.017974711188412464,0.05718166109831722,-0.009567541093691252,-0.016005286017710122,0.0249882882095256,-0.015621989081026487,0.022410470948321732,-0.012775761112923108,0.02810206019613375,0.0020674203564923286,-0.015183189343770375,-0.0036185149703725876,-0.04861256120058333,0.005503807541320927,0.05106565042224152,-0.02635762981339817,0.0037447065715566423,-0.0010210753104568963,0.008910267467106475,0.003710000256207238,-0.012811067665032115,0.04021228854840563,0.0038709810477015345,0.02584442820599795,-0.019133470047916604,0.05889673520311845,-0.012395373181119324,0.010231226456563816,0.02067388535426305,0.03144411295820666,-0.0016298108961117991,-0.028487808368780246,-0.016277848518327066,0.026285953045053934,0.0014556733140536145,-0.0172901596797452,-0.03127116075727695,0.03610155002766193,-0.012416172795033875,-0.010091400291661572,-0.00035827833904327,-0.012061117536292913,0.007969041155713664,0.013561974926637545,0.008263963117512521,-0.006553190352457145,0.032097316500375526,0.013279143776975432,-0.007416010022930434,0.021041544142000573,-0.010230016172175673,-0.035115548291461865,0.0004018769796923474,0.003669239528150783,-0.01351466980193109,0.02474180673044579,0.026407827993162408,0.03876633459971392,-0.007010674502845254,0.020592853107730884,0.014143636816139638,-0.012381881638830522,0.011674284311516866,-0.022114721711182686,-0.03567197887720264,0.003238086978556447,0.003062405739204044,-0.001733519580287002,-0.0009014237597402619,-0.010552744263705541,-0.013509261269069473,0.006888699580077201,0.024332574639473442,0.014206532687022148,-0.0038574729637509343,-0.007237739373708687,0.019540311849505655,-0.04234234832902152,0.033737938074440206,-0.05338227071205105
22,0.08110139187589631,0.014158136835305288,-0.09152808708212769,-0.05626225288989851,-0.026793230228638984,0.03351390047743444,-0.010728443129557145,0.0021403975192323664,-0.000843065842587124,0.05685471319183089,0.07568658110133983,-0.08005584385716741,0.06732747323503739,-0.05983015791876964,-0.03269872773937676,-0.07360459453855547,-0.05653773956521006,0.01685070074075325,0.06603554442181801,-0.1161543193456048,0.006558726138951827,-0.03841208758912916,1.0,0.05191667874679326,0.011865439344254962,-0.046645726644457604,0.10403564348882803,-0.011426684490670221,-0.06466547820081402,-0.05742741314989936,-0.0003717847883358777,-0.015748214052594325,0.06995064373401427,0.027100662472437118,-0.010846471149065345,0.01876914805761506,0.023843695504904398,-0.01919206926529325,0.011686871365291363,-0.049421813627236105,-0.013765245181610418,-0.021787193658689467,0.02500818886958378,-0.002392851555520875,0.014982337295124097,0.013703370000454877,-0.032600738681864416,0.015328012264322777,0.020936041770352663,-0.024303722793310428,0.0033494945406185015,-0.03339630741496277,0.06864910711508326,-0.05126061760475055,0.023498986391869616,0.016114091684648685,0.025218449489669083,-0.012149848915919399,-0.012917481032762206,0.019548889340250165,0.032909022993388146,-0.00024340600039270184,-0.006728374048122756,0.010620447040892685,-0.01770348495389041,0.050114202965471574,0.030761230130122115,-0.026611545175621074,-0.06610050626521745,0.0024808509572868532,-0.0025266006860188727,-0.005385087059558316,0.048811433486144515,-0.04257299391322316,0.0008421159932989837,-0.02178140074604362,0.02205821277835843,-0.03348049748501477,-0.025560914873293282,0.027304883617312595,-0.02579790641046538,-0.04779560467518879,-0.03047786650749796,-0.04387952951271151,-0.020652683752475694,0.0036386152964995085,-0.004763269481400949,0.004426333614173392,0.006019159592056129,-0.013160684709940697,-0.0248503743373488,-0.013628394597034984,0.011857224230775428,0.007659910995707296,-0.011669250948654583,-0.06669156749980631,-0.044062525904127556,-0.04326351589457782,-0.000763998742357003,0.053246591726063934,-0.011101702439830927,-0.0074395400987317785,0.021716321570618806,-0.010738602952060059,-0.030849768990040688,0.005895539983431704,0.03817752277610461,-0.00870091183765905,-0.0037397806152579404,0.0026877138121245707,0.032125544472812004,0.002491319218919096,0.0186882660645827,-0.008074116313433816
23,-0.07826761538846468,-0.024867948574666725,-0.03100024203934292,-0.02228889459924716,0.029156701133945067,0.05762458024113426,0.0002230988844563419,-0.05795021597605732,-0.02096179352406265,0.036134408239172924,0.059430580204575284,0.026431515215035173,-0.008671509878252506,-0.045759843047412214,0.00504351015765932,-0.02751742240010393,-0.06360440934358953,-0.08810060429741218,0.004023703327674412,0.08155393145802138,-0.1114701297472017,0.2287283731782462,0.05191667874679326,1.0,0.04043892077235683,0.07570510640621951,0.041133787360931214,-0.006474415350858912,-0.021007955857756975,-0.02270528568980851,-0.07398255173670475,0.01857350891230232,0.017414204620991483,0.009077657494389612,-0.008468372012964163,-0.018918025908095625,0.019569835264833475,-0.03326261169036547,-0.029854426885778648,-0.0012827522670546955,-0.03265398529348134,0.00522604230421722,0.007607818350012994,-0.04740764141337361,0.006991747575299916,0.007571114413638442,0.015293142551914224,0.009657425691942747,-0.00942968967920176,0.025931144544820813,0.02098412903312155,0.01784619476247262,0.012016439720436364,0.014060983920984623,0.016094751462257553,0.013280913356726938,0.02052711501800645,-0.027636938212280634,-0.02296177526838152,0.012507709829190113,-0.017071633641738946,0.0503299238346569,-0.0730987536649075,0.025676950555508775,0.013071928173399002,-0.004065778127485196,0.0028153483107786737,0.01150396972795744,-0.004681361912965242,-0.001875468620797029,-0.02719452713012745,-0.0303891069242983,0.033781019891150475,0.07164092207202895,-0.005706114439252896,0.02592912570518682,-0.01925540086074602,-0.006364279934415186,0.008042901048787715,0.015963761138138983,-0.001639959202868518,-0.007188694093987893,-0.014842546726499189,-0.01608096835240857,0.005056500789224614,0.026577883879406038,0.004210833784069969,-0.011841150287946061,0.033814840458601,0.018454452839403293,0.024676430473004485,-0.01700921741124031,-0.022154213618256986,0.0014717792645787106,-0.022475743620712897,0.010035685185576215,-0.00899770507368743,0.007069532618570647,-0.028688464354614578,0.02673018080826577,0.016921532875993288,-0.023910676335610996,-0.023151140953501424,0.02329536601019902,-0.0025048057789758475,-0.003852845262769331,0.03664040916763507,-0.022389280687241733,0.012118769080770812,-0.04930717277215296,-0.016731704300760535,0.016096549709251555,-0.01991717608371365,-0.015551523401793405
24,0.02449409979135491,-0.028822969063001334,-0.061759708608050155,0.10891057585823785,-0.005328828882363963,0.14850054919305672,-0.03709914786751321,0.13100390392779537,-0.007058159200473251,-0.0538705196636034,-0.005684516849482241,-0.002166835369671917,0.019562516580079868,0.0767312341536881,0.02955057741734102,0.013455155692015218,-0.010619385121072208,0.006663521925370886,0.0188817586981086,0.03863324747478319,-0.018042905476664334,0.021046183496018774,0.011865439344254963,0.04043892077235682,0.9999999999999999,0.005335206800047521,-0.05348254901937524,-0.024424684649522375,0.007504386604232517,-0.049359840681549236,0.0049713338265064055,0.004242696002497124,-0.029779304253139755,0.007370186916440281,-0.03338638585394749,-0.007413973772070539,0.00019263710628455053,0.030305215529524455,0.01689363792633461,-0.04348029589491175,-0.01653162984632025,-0.03984636623798598,-0.0183468302497243,0.02519521779773894,0.01722365790538378,0.0037401805607148383,0.018660390731781756,0.019178875975497427,0.0038285283889735702,0.011944550103674855,-0.01822559170576932,0.02607273144811781,-0.01820506125538898,-0.027280128791907464,0.006784099777600423,-0.009494280175901133,0.017445014032305244,-0.015494748124047959,-0.021591058378646992,-0.030237339564487306,-0.0159167253453731,0.01753733768264646,0.03140779900511347,-0.014797556909304782,0.04116007587490737,-0.01720433085888255,0.02846835973004753,0.01757399027263837,-0.016576370713716964,0.001263467939335599,0.007261759522317376,0.007587248879472622,-0.004067841425896743,-0.019888481419407644,0.05465517358475126,-0.008804217646677963,-0.022036560092079015,0.0007351038391638435,-0.0018124158310511011,-0.04234098896362641,0.027435380563757845,0.006341055917055039,-0.017468933738288357,0.003122624484003994,-0.002097262533980707,0.000904426558791887,0.008836670050929342,0.0038221879975991096,0.002902022998844097,-0.02217931966957494,0.034984606841635124,0.013631121018009828,-0.011276034643422025,-0.011533900216971657,-0.01681230112687359,-0.016510567629500466,0.0076959589315707426,-0.05445392727685141,-0.02085867564359242,-0.049433630959957786,0.01760569543042732,0.012648836471071385,-0.019486600269564648,0.025464866441055473,0.00794584829169494,-0.005347637701810015,0.06490494794350204,-0.031121838118310048,0.02977601199414698,0.0025845451374152495,-0.004868746995544373,-0.005114638198144703,0.009518150555195696,0.026299451059835582
25,-0.10042762454900032,-0.10170505492517731,-0.029557773912804546,0.024047263686185896,-0.07033306398708361,-0.08570299811533234,0.06041426912634936,0.021823107186852368,0.021673402917611842,0.05808421191935708,0.0728817352486901,0.03616545826186261,0.014549488795348692,0.026958222078611507,-0.004816017268249389,0.011309714791047807,0.007138401627612113,-0.00024173503629915983,-0.015212663217991819,0.06682122565674856,0.027116474287991063,0.008763876935663982,-0.046645726644457604,0.07570510640621951,0.005335206800047522,1.0,0.011387272527097663,-0.04992259420362906,0.12896094966310462,0.029852073870915114,-0.042955170353411495,-0.010999372445990706,-0.017251172835349837,0.055148330998579825,-0.02338734427340129,-0.022411605667208907,0.005990573572822778,0.03361016283471078,-0.05919347233986847,-0.0595601025959481,-0.047114314860408485,0.001276456920324421,-0.02467706122610734,0.01533668724703438,-0.01713858589037989,0.0062373813817277485,0.06238043664324139,-0.008500591130779547,0.02399827613444437,-0.05409445077197232,0.02522282394749928,0.003296274982380376,-0.001386008660424384,0.020032723525704194,0.029462789211809955,-0.031936523967998974,-0.012665523404311978,-0.031037204207086434,0.010850212358085703,0.008891386631417048,-0.024336349176405942,0.01230174725968667,0.0027405531135798965,-0.0029767671219340674,-0.0107503241001965,-0.021363482651070208,7.814819457458558e-05,0.010245195873898527,-0.017492247931732704,-0.03983110213120033,0.020409793222298207,0.031586361280874775,0.019867833037587976,0.041124310349487145,0.012909735503256784,-0.0025602319182759636,0.0025675826909000873,0.007117093690942078,0.009473007827254389,-0.02137873088381088,0.021214167832083564,0.036152660399841725,-0.007563674588459188,-0.01206476403074885,0.0010617508835995707,-0.027555344030891694,-0.023167873534965248,-0.024160398632557804,0.02576126716918782,-0.04795852802154281,0.008503573557491326,-0.022676465146432557,-0.009953620343920729,0.007421305721964186,0.01797797254478588,-0.017862580824381576,0.016145834467082943,-0.05345895863958978,-0.02586705401484218,0.01625466486261016,-0.016388273873101968,-0.0009188781005237291,0.013355977006167327,-0.007188515335703297,0.019047444665954604,0.030677723868297015,0.03032226552310943,0.0017835195817593448,0.012878536762486898,0.03078698770652456,0.0043544855415042025,0.00012164276675707397,0.02848825178119483,-0.027135926470761434
26,0.021721865683131315,0.05331950771359704,-0.027712317752343337,-0.19165819097304657,0.03967561316386485,-0.04326864645331651,-0.03732427204894855,-0.017267239127935326,-0.08408949599628335,-0.002393914658655732,0.028339671162314718,0.03616208617060566,0.024532173520683542,-0.047605033392352204,0.007438923547391073,-0.008053812419111043,-0.031058835735615457,0.04680137650662697,0.01857916051126703,-0.03634533582896968,0.07463574267482896,-0.05479103926897515,0.10403564348882802,0.041133787360931214,-0.05348254901937524,0.011387272527097663,1.0,0.021364578139753693,0.015234228185001423,0.06103653683245097,-0.05103235150892744,0.027157833358786125,-0.010949103285660016,0.0058912370149939546,0.039907947196645976,-0.06307400076502552,-0.030693782051197868,-0.05549052690291552,0.005820149471055791,-0.03256618643770895,-0.0251196676827851,-0.06351835940396267,0.004741255923733868,-0.007391133548113559,-0.01783743487951643,0.02013500997388201,-0.058971771652066934,-0.02482054372591161,0.015051653833428933,-0.0183409472853989,0.013218594814299345,-0.0005107425809017059,-0.06005326037021087,0.027894677806155132,-0.02291257304763043,0.0274479436407024,-0.026393444228696394,0.004840415506076341,-0.025593281385312864,-0.002578290483005473,0.004125828499416477,-0.017412387668915622,0.012381805368919857,-0.06059324897546081,0.014275361828164499,0.0067957340082734985,0.047142516206211536,0.02410126441075385,-0.012814050614101112,-5.713805808780935e-05,0.02031233610625062,-0.007151520590540627,0.03784245781519229,-0.018000351049349494,-0.021030143317347087,-0.018074295525920405,-0.028099128368131228,0.03853635787576666,-0.0575328019132932,0.0024635759661895008,0.007938274909939824,-0.01081760231551815,-0.004773852288192929,-0.01800510065342782,-0.010380760426064653,0.02458065605309909,-0.02630379326659268,0.0053830496136384924,-0.013036644716025333,0.008506146879918583,-0.010327210716488285,-0.022407984158752402,0.019299851061074028,-0.011147093348828208,0.0253209188207502,-0.023575902814382686,0.004480127633747207,0.0257685406064719,0.018567980885798537,-0.015634229783497603,0.02242522628044068,-0.02276484359726549,-0.0011041360425838487,0.023164561805926194,0.027248685554837962,-0.0014358385670870913,-0.017086758187927476,0.004460709863999119,-0.0016726372362661584,0.01880139846719274,-0.011025382501357525,0.042299804102682546,-0.016126074493885326,0.0469764603286644
27,0.018466732798301005,0.025732853504599196,-0.01954286327175834,-0.008994888124390771,0.006458924634130371,0.041899763498611096,-0.04243739583636732,0.05083286586735848,-0.06820434560571981,0.05150531093511188,0.02669133768281474,-0.016968445001779683,0.03952896166219867,-0.01395643793847811,-0.02974177479358464,0.05191828543604079,-0.007535589129676844,-0.04338505403272785,-0.026882584293731297,0.009049509122604405,0.03297558252026712,0.015850764229247527,-0.011426684490670221,-0.006474415350858912,-0.024424684649522375,-0.04992259420362905,0.02136457813975369,0.9999999999999999,-0.04826943996878199,0.02576784972868578,-0.001568709966222341,-0.02383987218599299,0.02446451184648228,-0.03687369710295381,-0.04088298453482102,0.000908324887539266,0.037042278512070766,-0.06917573912766767,-0.005456687139287025,-0.026551683751364397,-0.051210215335047285,0.0048455703135012445,0.03676287343300362,0.022949172920334864,-0.0256306152869408,0.03588462152719868,-0.004320966778790351,-0.05123559079558948,-0.014762448845536154,0.04424031890826703,-0.012110604657381856,-0.0017772321619387373,0.0034419818582554986,-0.026597588551093388,-0.029309115585912066,-0.004779589131146073,-0.027807216420461224,-0.00623413529471809,0.023225373596291364,-0.012318852636518069,-0.011429415531107281,-0.005636571962320113,0.03275034283251916,0.005855134754788741,0.022985695509586637,0.02025954538089085,-0.020187726630774637,-0.0416239732275009,0.03992621739281857,0.007405254632139004,-0.030349116250410264,0.008112721537388628,-0.020248235429416072,0.018354844977142105,0.01361894231495498,0.05003103349240086,-0.02204132089711298,-0.019701347341830443,0.034143443261675344,-0.004808313983590234,-0.01476412819091955,0.022292370909754004,-0.008709939313296507,0.028168023649267022,0.014426048855466361,-0.008741802657966171,0.005537634885373139,-0.01986538169232235,0.007546019267618075,-0.024131176643817143,0.023820931465483437,0.0026247086502831163,-0.012775239139264094,-0.018671990551966746,-0.003857352219226688,0.007643246592710446,-0.02524427217995964,0.005999247611022593,-0.012371036918440484,0.014795617579393773,0.025007274098354824,0.017764465553649144,0.0024688132878517444,0.015925836868356816,-0.02552444234379106,-0.05247891203739908,-0.002684563948758352,-0.001504529316945214,-0.03922663601171893,-0.03617838742723456,0.04118999697662546,-0.0399406562628221,-0.01591385622785583,-0.051244818006838846
28,0.009055412137884685,-0.03042170223952055,-0.006202751953139768,-0.056101091881473365,0.0130660180167557,-0.012567501890188931,-0.04409911139437794,-0.0007822566349832804,0.010938323024004198,0.05063824615527431,-0.10877107935890086,-0.04205874900556547,-0.012894709778395163,0.018346257990012483,-0.016916006897478016,-0.03779428164142636,0.05495013083737829,0.019510301437010606,0.03397470215212434,0.011392669515106556,0.015168225114642516,-0.03891640984101636,-0.06466547820081402,-0.021007955857756975,0.007504386604232517,0.12896094966310462,0.015234228185001423,-0.04826943996878199,1.0,-0.02462481796724916,-0.04220071215739979,-0.09750555909166536,0.02187815355760372,0.02841169313475175,-0.05676445003990011,-0.05771683210289601,-0.013207398084694684,0.02892527885858662,-0.032699019331340444,-0.04146640121997662,-0.07175818560130508,-0.006606575559714322,0.0011662878301835508,-0.05220406030698527,0.04406790720766318,-0.04550210954507906,-0.07461725279972713,0.015426377039901386,-0.016425886424788212,0.046983068925070134,-0.044608179265663565,-0.024267861909045705,0.04016271227702914,0.020562848970593985,0.02896891785993035,-0.035662714601380284,0.052333964875859736,-0.018560909089963575,0.011128514384474354,0.03374344248717506,0.0059768217142828805,-0.03375079034542609,-0.01583180176245366,-0.011916669755243832,0.007206938753543992,0.0435031390006402,-0.024156250511588005,-0.02810555314079929,0.005544355752691289,-0.009798849471309205,-0.0024689514998421903,-0.02487612612117755,0.028889405192048398,-0.012827014774911378,-0.019773790649068163,-0.028466355783551323,0.018686452134105882,-0.008593504941170733,-0.06400078063056111,0.0022382214865798193,0.024645865235158212,-0.013462567148763739,-0.014260590888751154,0.002218510475624267,0.000571910451169851,0.021320566205943706,0.02565340834466853,-0.0017014522425609138,0.018959085807619194,0.015271524672882382,-0.02221456738628685,0.03291626584979796,-0.00892006391739185,0.021075877205485878,0.01786157939801521,-0.040295091532939795,0.0002721346086106098,0.017740527197579462,0.0048078406556662096,0.017358075632699664,0.024111303439792064,-0.012446157993519951,0.011347022843322462,0.002558445632205738,-0.023048477209405577,-0.007652432542935355,-0.001051101094439055,0.01233583388561566,-0.03790217858366686,-0.014313532663946232,-0.005950483567512442,-0.02542922721002569,-0.0035713329892501995,-0.17079209475446636
29,0.02824723826237394,0.007755304061712679,0.09331182926374364,-0.0538147114949472,0.04119892431132237,0.010446424135626582,-0.0845252451086764,-0.019107872213948624,-0.0856921418304551,-0.0458770630823415,0.06933380381729616,-0.053723921086077604,0.061188117907258664,0.07253243754348616,0.04769002843036278,0.03172400462083937,0.07174293742240476,0.10580834377390412,-0.01994777907282881,-0.04161123505184611,0.020245080353968912,-0.0815497407514016,-0.05742741314989935,-0.02270528568980851,-0.04935984068154923,0.029852073870915114,0.06103653683245098,0.02576784972868578,-0.024624817967249163,1.0,-0.07121166739346406,-0.004759834830597231,0.0017182345205650556,0.010560334861816508,-0.02078381487528696,0.057518629127996546,-0.04747790884739576,-0.03675603120557093,-0.024389308564657982,0.014657111595992324,-0.013270636479610265,-0.023279770551841026,-0.030724625120814426,0.005811677527900152,-0.01467111936220408,-0.03658784574819284,0.03078552242995625,0.026143252404680493,-0.04303568539375763,0.023684072074348812,-0.014583943038073798,-0.019273604848803055,0.00227086873619855,-0.012606976884599608,0.027713459207476615,-0.0016402289434835357,0.04147021606993954,0.0020616196841293324,0.01819106206184466,0.003380442717188865,0.018342710243627866,0.018581221660701676,-0.03329155052967484,0.064453895004488,0.04415668064440224,0.004187495382017737,-0.023396028892823367,-0.028030713880610042,0.012484980835360116,-0.046594789491091866,-0.01333197009512174,0.01705641685964202,0.01827341907362808,0.018141578189391393,0.022856242697007603,0.014805903021192904,-0.03954351323636025,0.01768973232504564,-0.000860370566708282,0.009061991378849398,-0.03827094057045669,-0.002730583130572632,-0.027246064983631427,0.0011521584938293365,0.007951594469647728,-0.023737306904200672,0.02409863117304125,-0.027735820848544132,0.021167750940645935,0.0014387011893585112,0.007382777388450366,0.06744281826009033,-0.014486569635772393,0.034292508740632444,-0.039121071930484065,0.006157179870761976,0.012380506215425482,0.0033468339233862824,0.024224290729346926,0.029120432055421478,-0.002879284647140096,-0.0030955117334631856,-0.006823782359812089,0.030462358632464333,0.013363800646833816,0.035594336666021305,-0.0009521425756637424,-0.010288361009861323,-0.010662460151721568,0.01837636615652622,-0.028914124359070908,-0.02090371246770882,0.027477037384411148,-0.026574716488282194
30,0.03628424682737685,0.00466508567384749,-0.03182373746701418,-0.013835741292758243,-0.03699960540738954,-0.07907156845117544,0.018315873572636705,-0.0265211442446426,0.03703696735366977,0.04325902394134357,0.022909209084330823,0.046450651522736676,-0.058703692242601205,0.018193462412167738,0.0034605708289487456,-0.0002484461445389698,0.017922389326861275,-0.05756596687399293,0.02951699766782072,0.032890813015307795,0.005272372209284402,0.028946322991948426,-0.0003717847883358777,-0.07398255173670476,0.0049713338265064055,-0.042955170353411495,-0.051032351508927445,-0.001568709966222341,-0.04220071215739979,-0.07121166739346405,1.0,0.049692545794721536,-0.023675544969664803,-0.08246278003512912,0.010385776165417998,0.07805655421036665,0.020886380514341225,-0.008740149579776101,-0.06462602124680292,0.006271560074720451,0.050294167294007236,-0.021984516123597284,-0.022358548300827136,-0.01190830585464708,0.01119815960555993,0.02249569583718881,-0.045418637437133154,0.02168251794627072,0.02793507974721173,0.026530588674626328,-0.008101366876722721,-0.017279140347085945,-0.0312176722412748,0.03028473015711502,-0.017928356438313003,-0.04230142413531859,0.023501104125979187,0.011228187446143734,0.038954546401824754,0.006385320208463205,0.0023818904710297285,-0.03352274455206693,0.021581669073177767,-0.05681890978308709,-0.011025196281132623,0.03229110632375434,0.0020912763409514025,-0.020202047862524854,0.0019556424123555747,0.023846027965850516,0.0026374538562384704,-0.026755976772072382,0.010245571589620129,-0.02306414684182869,0.0033603451242547816,-0.033083188962265885,-0.0041716334087731205,0.013200664589888122,-0.04200649608470735,-0.05467064740214236,-0.02102649651805779,-0.017958770834553186,0.03964127109205586,-0.0034000060811782916,0.03431749571061043,-0.005600450836604242,0.013315369973449087,-0.0034097040833201073,-0.019658844413731832,0.046690183711483584,0.005126758428298648,0.009102841967291385,0.004139168116067588,-0.012763847267236336,0.0034504789445909964,-0.02475336036301551,-0.013507624754047567,0.040227956008517085,-0.0042451894127431365,-0.018488146614508726,0.0006997357616878306,0.0013914236491183083,0.017568245164378948,0.013266375322506995,-0.019420886625240864,0.014630337649349352,-0.027454259903944303,0.011753902186126004,-0.01889047804408842,-0.013087339875789692,-0.009720751735575336,0.009895269474208388,0.0033162975384016962,-0.009756083876737355
31,-0.02749403016779411,-0.007278337670690907,-0.001510555240769568,-0.0006756715287023149,-0.031626803352433924,-0.03899323920265219,0.08166956582374418,-0.06685887560633204,0.107757817073648,-0.008904983629772574,0.02622693426545252,0.03333696212102444,0.0003425443161750742,-0.04029585420288262,-0.05338567718037147,-0.004966973935258944,0.0030105944445469753,0.048078940160224536,0.009421119770573116,0.0035242744938541125,-0.0045634288823435485,0.023695874784811555,-0.015748214052594325,0.018573508912302323,0.004242696002497123,-0.010999372445990706,0.027157833358786125,-0.023839872185992986,-0.09750555909166536,-0.004759834830597231,0.049692545794721536,0.9999999999999999,-0.006572439918155188,-0.022314273806883226,0.05653542495525005,0.09558565718109381,0.03805138667314381,-0.033436064773089615,-0.04523837259441074,0.001865897556684354,0.04158408270713117,-0.02216063377573361,0.008072181935467198,-0.017757754735928503,0.0023979511488833307,0.0010015066261587833,0.012807445748513283,-0.0638354799436607,-0.03723760858763277,0.02461729333016401,-0.05006260056590965,0.06744161858445291,0.015475026093332811,0.05353605783668656,0.023574301181518573,0.010360089129946412,0.028598475490677972,-0.0032294534184282462,0.011693006340659328,-0.007368535320478184,-0.0075006346211397585,-0.003551781483253247,-0.042213382970311526,-0.009197252852721964,0.000556904410830209,0.0240005406278307,-0.013686815220735216,0.021809196696684435,0.010384658577382104,-0.0011353512175810716,-0.014193305116132973,-0.03904594349637877,0.0006906064909856796,-0.012823047612033987,0.013413450640716962,-0.004699389623448563,0.027099381886246537,-0.04273864523370126,-0.00264694332480901,0.026583729193771343,-0.03692224197157566,0.03996828435976659,0.004305119322480984,0.039245051282145796,0.01651936964992466,-0.016592858835569876,0.03444626608990053,-0.005909944530544434,-0.01322961756965761,0.03679377625199937,-0.06434690870548371,-0.00444504867818515,-0.0224739834230493,-0.01597678477228779,0.02107443545349705,-0.006180832108581179,0.028748969595497047,0.02710226195389324,0.03778910413159187,-0.00929192416264542,0.020639382399872664,0.005367342235817118,0.019435253246390703,-0.03560785750699359,0.009919680839561608,-0.014519407114564752,-0.007672259123735642,-0.009393504954538784,-0.01007083188763343,-0.061366694795341965,-0.020160962844812422,-0.04781613948468782,0.028409176638080683,-0.07625217843583432
32,0.011737750220199008,0.010916353939983076,0.00797247556192584,0.031802735703289904,-0.012808413401246754,0.09146603980992413,0.004304409989177027,-0.002584809233498757,0.02264419540145126,0.05211270475304851,0.044882679929876663,0.017198710794831772,0.02703587761881172,0.06034202903154995,0.0008479374584019555,0.028163251314687946,-0.007755868136626348,-0.012068726921189769,-0.00845448684710807,0.01807227142675079,-0.009532497535248687,0.006274409124087632,0.06995064373401426,0.017414204620991483,-0.029779304253139755,-0.017251172835349837,-0.010949103285660018,0.02446451184648228,0.02187815355760372,0.0017182345205650556,-0.023675544969664803,-0.0065724399181551875,1.0,0.09024119292850695,0.00935144039202512,0.07346962766445592,-0.008662501689590306,-0.03320379872659803,0.00433846394268006,0.00019875675338676616,0.029863275945033182,-0.005838446650331859,0.05024553145218515,0.00827749556876982,-0.05469037941236968,0.024372133380296455,-0.0027426233208226003,0.013608639509373867,-0.0052968504282759595,-0.01757740549292469,0.015097342450249202,0.023659740481464044,0.0034235688714052757,0.06667320738018387,0.05103964462786406,0.008778898872969341,-0.0014977052811907352,-0.034002654152370804,-0.0031114199860657675,-0.022919630300782097,-0.009930199934499128,0.023721994724956647,-0.03237050217524367,0.035281504008507325,0.05644326233541973,0.042748301047020335,-0.022031678174591625,-0.023569566387982938,-0.003990418371654513,-0.009680141342850047,-0.0107354656165733,0.04653917258409498,0.006267293886857725,0.04510926454672068,0.021917253179563164,0.022072190491399166,0.002589052846987787,-0.0003177592869498572,0.027201322539815696,0.01247544079272389,0.014390538361638597,0.0022339414451727547,-0.02759244575825973,0.02703517978376102,-0.004578862532395649,0.010572311938455238,0.039447117497241245,0.0024598073796847668,0.024298428106841064,-0.008425325257909544,-0.002233595020339606,0.01305712262803989,0.00038971812458112395,-0.01743649522980497,-0.006175959351234749,-0.003857947351163213,-0.0021409602591278306,0.012340756250195093,0.03126479969175481,0.013775296837559656,-0.005190420016496383,0.0376693997733092,0.011828569691302951,-0.002059871993100653,-0.01977460600723668,-0.01993329330567826,-0.021673136605591704,0.0036108687060056642,-0.00408932250994509,0.04639253143601493,-0.01159587051164076,0.0003823832379522909,0.020998703091409235,-0.10023930401396383
33,-0.0009683352454981752,-0.002451935606246112,-0.01629970796155285,0.01811742008570903,0.008969221175537187,-0.025436913947579878,0.005597150115968183,0.05226428743084311,-0.02583991733914894,-0.028858633853090326,0.06057106507679736,0.012919086309815187,-0.011204124348157197,0.01994735174256767,0.02241486143534193,-0.05585027886115054,0.015444650971513287,-0.012018700164968909,-0.022741480873565777,-0.022668539505538793,-0.008629650205952352,-0.014385749713241096,0.02710066247243712,0.009077657494389612,0.007370186916440281,0.05514833099857983,0.0058912370149939546,-0.03687369710295381,0.02841169313475175,0.010560334861816508,-0.08246278003512912,-0.022314273806883226,0.09024119292850695,0.9999999999999999,0.003497810694760133,-0.011030683485300775,0.040938715049924024,-0.034513577410801626,-0.009395344618160866,-0.01981154022524657,-0.028720246239340583,0.015303816300356559,0.015001320862090887,0.036537740666260796,0.056105376953674534,0.0058874057242269085,0.006305941640642027,0.004210622861473355,0.022185036290955328,0.041494874582147456,-0.0003968797300643006,0.0546623717152917,-0.0027242231551745126,-0.00438327242002096,-0.006018053324111287,0.009930307454760194,-0.02470519970507864,-0.0027352762012441204,-0.021719802013830062,0.017181428006825206,0.008140498325505417,-0.03159392708952285,-0.045246851471415196,0.04150175057294911,-0.029062499554552344,-0.023319275417832838,-0.01897580666015972,-0.0013459502501376942,0.002353135910946858,0.024545039779961326,-0.011772431076063827,-0.005941860887233923,0.011878785395135906,0.00026749799285110315,0.0007385642879339593,0.004482814178706971,-0.031344417330320166,-0.004868461857168772,-0.02033000385978296,-0.006038970794770434,-0.014715922830691716,-0.024517844263413833,-0.001491255832810213,0.017994439365285254,-0.011493373623066534,0.015873828014544508,0.0002019901645507399,-0.00795378646420808,-0.006002818109935184,0.020033772078618978,0.05238790255040467,-0.0222816387657971,0.013312421706864854,-0.0161227451904849,0.02886890172797764,-0.00404782813648042,0.008939502069719888,0.0026135446902152263,0.006468555888739234,0.002071464167707343,0.015276325150762866,-0.023178171758123724,-0.0051875351061765876,-0.009714628015946442,-0.024093855552268627,-0.029168592868055582,-0.007588974130060224,-0.03709755442961921,-0.011642707312062515,-0.03195174285071904,0.008477416256668905,-0.007119253909152006,-0.01250449171986806,0.16437976748868893
34,-0.015291644314507039,-0.029563273469720885,0.03243130110853504,-0.05854900518289315,0.05279914214320048,-0.002321551060230642,0.03387308070428772,-0.06908258459836053,-0.035826329435600754,-0.01920653413365791,0.0203100678800342,0.003738515263459006,0.023424399035601833,-0.012804626518105445,0.034444913281008696,0.04378603140527919,-0.08424125363195013,-0.007840816370610603,0.019826256409902192,-0.0006198984724892272,0.06074308876207335,-0.01797471118841246,-0.010846471149065345,-0.008468372012964163,-0.033386385853947494,-0.02338734427340129,0.039907947196645976,-0.04088298453482102,-0.05676445003990011,-0.02078381487528696,0.010385776165417998,0.05653542495525006,0.009351440392025121,0.003497810694760133,1.0,-0.018468684364354334,0.00985473142563743,-0.01941889318939804,0.02579668831108851,0.04969550490340338,-0.019750625968322905,0.02394928654454585,0.035104157360365186,0.010342536037670534,0.003679143834338034,-0.016055893284109404,0.020273836398133238,0.015061977037887378,-0.03741673741987072,0.019229579917268497,-0.0016717266334550964,0.02919290601046264,0.06359078872020184,-0.003030069866117249,0.017590515287999306,0.005806841444393544,-0.005964987209088994,-0.03993436832172404,-0.008647205055336287,-0.0059353354970835895,0.01660661626542659,0.01598244131811461,-0.020566342502407138,0.013218711053458346,0.034921390437173086,0.0028420817322338714,-0.0059696889851654335,0.02308498108293388,-0.00779671565585671,-0.0056717316673388024,-0.03975701160311108,0.0034417729943256956,-0.0305279297594574,-0.003991431861679832,-0.0002645892254490109,0.010241467919481958,-0.005358746105276807,-0.009436081105307092,0.018359299517424352,0.02965022442416039,-0.007303482258923075,0.002453604263357774,-0.029649259986437835,0.020874652038045706,-0.0093522420898708,-0.011295271093592267,-0.012021907844427493,-0.01868708759200917,0.010999807442331037,0.0029436099610542737,0.004967711779953615,-0.03535556318128921,0.001420356688639733,-0.029942274215736902,-0.006974700850192092,0.004559939513444404,0.008393038603469485,-0.01620247819029756,0.004416066399913868,0.039666951276788036,0.022649082782671512,-0.02775541597150314,0.021723493004557646,-0.024382526040597274,-0.009545790582013705,-0.003366792016003266,0.03106448696876537,-0.02079062022983979,0.0035869738518208463,-0.022401372230212685,0.0006777072561732178,-0.03127938989192121,-0.027680043387223636,0.05887836726322821
35,0.0018043098375188629,0.022667701237497367,0.01793263591419445,0.020508311413053718,0.0012115082796749703,-0.02305671416818452,0.015963630287577447,-0.04951240331063726,-0.03476375218506965,0.053394819803232275,-0.005761700972896029,-0.0026181191320661466,-0.041036370809087626,0.045432112589725245,-0.03486471034831085,0.008736245314770893,0.002025047988173296,-0.010984905165301378,0.0027577733313408023,0.056077077544202505,0.02134009653473167,0.05718166109831722,0.01876914805761506,-0.018918025908095625,-0.007413973772070539,-0.022411605667208907,-0.06307400076502552,0.0009083248875392659,-0.057716832102896,0.05751862912799654,0.07805655421036667,0.09558565718109381,0.07346962766445592,-0.011030683485300775,-0.01846868436435433,0.9999999999999999,0.055518356862488766,-0.024982781025185245,-0.00415370375155443,-0.0010744228851230727,-0.027028864700209647,-0.011062502242816089,-0.01393111607900343,0.012869089238052136,0.001948307017861999,0.0009440498544269923,0.030209801557938145,0.019486165135287344,0.008885551227962816,0.019441551076364378,0.022985139381201978,-0.011678468671693353,0.02866556409557476,-0.04996143952751751,-0.04978479790561835,0.0028957906198077837,-0.041973893970493045,0.009213290228703184,0.026218134290579648,-0.005547080079589424,-0.00889585349950462,-0.04198286260909629,0.04254421922033821,-0.055050888745220565,-0.03496966626793232,-0.02125708609200173,-3.481457939509111e-05,-0.031185388306188524,-0.012995339750131346,0.022578167659472334,0.02210605394150151,-0.009848158419434892,0.031311384873395236,0.03901379541494683,0.003906784751201645,-0.02350376260923646,-0.030495996634736705,0.008284417714759403,-0.02679168444050064,0.014507415805435762,-0.02744248073480208,-0.04721378233020699,0.01107672155041578,-0.0008679153726506402,-0.02307719641305316,0.0233902022769568,-0.022939357671609536,0.02560098704221621,0.0062438076702545425,-0.019797745670348157,0.016184577680037286,-0.0410751414717285,0.010964283032426464,-0.01083899228694035,0.007940046021992733,0.0008737892045771141,0.00203907033289803,0.023073628002719,-0.04093197143450987,0.018071404786043885,-0.001858442684303852,-0.0481612350265401,0.006810476862034,-0.01495303842368327,-0.015898289762054665,-0.03658993778615681,0.01025269785734473,-0.012828296000309842,0.004730562343826047,-0.03009661125017601,-0.020448331175671054,0.022001195201032876,-0.011340999519641282,-0.10509674203467405
36,0.04808691850036573,0.023756865701197442,0.019647372819517304,-0.02492478031401687,-0.0041567198952165004,0.005595402138936385,-0.028540418411392043,-0.015902159190308723,-0.007184588867322713,-0.0381034507530995,0.018996846443429923,-0.042126036607172096,-0.02728819500745794,-0.03182488742831209,0.0367420725382886,0.019148517953207756,-0.007240681793342979,0.048287807104477304,-0.01349581404210752,-0.026525241841035288,-0.012437854016023967,-0.009567541093691252,0.023843695504904398,0.019569835264833475,0.00019263710628455053,0.005990573572822778,-0.030693782051197868,0.037042278512070766,-0.013207398084694684,-0.04747790884739576,0.020886380514341225,0.03805138667314382,-0.008662501689590308,0.040938715049924024,0.009854731425637428,0.055518356862488766,0.9999999999999999,-0.03739148933441839,-0.029286117412232988,-0.013724479943328809,-0.041432174029536945,0.017767171729749395,-0.04889606848135055,0.01831768577050931,0.007465833664500743,-0.017670480945806193,0.002685166296908919,-0.06789718738556313,0.018014833530611146,-0.016896585310325115,-0.00366700952806556,0.029790000998028462,0.06353470828876748,-0.026887200922715543,-0.008026415515550982,-0.03569298362148973,-0.012236840387620022,0.012967538357203021,0.03594332084613282,0.009820752664410655,-0.03570132204187809,0.02806103573755983,0.027666934148892215,-0.015963147140291265,0.021645966494660804,-0.006125147442941485,-0.007123419501809534,0.011977733676072732,-0.003783841595888032,-0.016117959407387777,-0.013275902848014744,-0.025385101634250985,0.007074896258372469,-0.03583673189705044,0.027545884522012648,-0.018489926985104033,-0.0014618847682149677,0.039233351739113125,0.006442267916643528,-0.008936659111594532,-0.017880295369191824,0.008217805144766076,-0.01366569932538408,-0.013857334284935595,-0.0010328135990581085,0.009403105678700025,0.01601583383300097,-0.0035759025169990063,0.029921180312219305,0.013073813642641069,-0.01617222476076459,0.028066314910931527,-0.024564973160180203,-0.003453625066494905,0.01325428841820179,0.00952330675985297,0.023939363360580338,0.012686729875457202,-0.018724854767172835,-0.020657899818610884,-0.07587051873077788,0.0064500458663062305,-0.027049497935252236,0.03199867579150922,0.01795808628779953,0.004986064348571611,0.03291847429011178,0.03026384055289418,-0.006207668017792492,0.03283686495276795,-0.0012203100606721755,0.0024784157327834466,-0.036234853387149386,0.009170053429115513
37,0.041017424127998324,-0.008850928062901721,-0.0035025218816570917,0.02217996416973891,7.988087631123595e-05,-0.04237153313802373,-0.03926529694844107,0.03013741961292642,-0.10818313869910304,0.002576523519191934,0.06917349390609938,-0.0023919865852907243,0.0029959492049068705,0.05156919624233682,0.02781658667872457,-0.05241182483004632,0.006099809765888475,-0.11590099414502487,-0.021561571559222965,0.005743437377592146,-0.007935050436258277,-0.01600528601771012,-0.01919206926529325,-0.03326261169036547,0.030305215529524455,0.03361016283471078,-0.05549052690291552,-0.06917573912766767,0.02892527885858662,-0.03675603120557093,-0.008740149579776101,-0.033436064773089615,-0.03320379872659803,-0.03451357741080163,-0.01941889318939804,-0.02498278102518525,-0.03739148933441839,1.0,-0.042103893818232124,0.013334517653606453,-0.0019153829480351924,-0.05467490798169958,-0.010507539396566946,0.020899401286697785,0.004131066015238038,-0.03559742005787703,-0.015689270611153737,-0.013208866753151681,0.004742800538588875,-0.00606355445199947,0.0005150282692190229,-0.005363143151291385,-0.018894365822063552,-0.04235980178087764,0.035956283504886194,0.02566746149119218,0.005307573692796093,-0.015135677217448702,-0.008037200565781036,-0.05422927390688157,-0.04036538090879418,-0.017873321939736852,-0.015323011205106927,-0.007891537578105767,-0.017383146673912272,0.03910738723124053,0.03554152272532719,-0.011097755962737547,-0.03584712486051456,0.02306913911233112,-0.00160355719923977,-0.01828486033964774,-0.0031665528414459047,-0.016907106054849533,-0.004131476569304949,0.021505179063569333,0.0007609546227955913,0.0014088834975895764,0.007373610453315687,0.0028698577986297075,-0.003227505659361716,-0.0017836754868631006,0.02620620606911871,-0.007712968939437314,-0.00036286170456468754,-0.01526005114515153,0.0010292883129817988,-0.006245329353923183,0.004768908337530599,-0.013392899160155992,0.015805025788731865,-0.026707110919006186,0.00728672092157246,0.012546794178049202,0.013190377079766225,0.029707117841847083,-0.040798485592386136,0.009344087637237843,0.008622133867202548,0.007647804040942547,0.011880364161800811,0.0004434509318663743,-0.02847525762266553,0.010684195602031666,-0.015739340905086916,-0.04353380995156778,-0.022086228049902203,0.030465204830883618,-0.0066237102731924475,-0.022117327865155842,-0.000689186388835847,0.011250271427920103,0.004956841296100381,-0.12169964772133716
38,-0.034171238173883296,-0.03653296183720397,0.03723147665343888,0.01067777447055478,0.003656767900204828,-0.06548315914872614,0.005119197572122289,0.03474671798753823,0.046918464550057284,-0.025009228220144675,-0.02846478974787998,-0.019830717957731153,-0.04060348022138824,0.008109366906717937,-0.0035249358480358736,-0.007944403920888337,-0.013154062010521203,0.02833382277223779,-0.0063948090391752485,0.044276632768735794,0.013653974679893176,0.024988288209525596,0.011686871365291361,-0.029854426885778648,0.01689363792633461,-0.059193472339868464,0.005820149471055791,-0.005456687139287025,-0.032699019331340444,-0.024389308564657982,-0.06462602124680293,-0.04523837259441075,0.00433846394268006,-0.009395344618160866,0.02579668831108851,-0.00415370375155443,-0.029286117412232988,-0.042103893818232124,1.0,-0.018263193325159306,0.09066963009877425,-0.014024325285704168,0.010615771599086271,-0.00012358808484574016,0.014645431377307214,-0.006336111144073749,0.02166503667019636,0.053181669087375455,-0.04691211461351866,-0.0024215002401791483,0.021972569321535705,-0.01072099972883783,-0.013416269579856623,0.05122021119648785,0.057049917828425015,-0.030155892822220844,-0.009667931580374496,-0.005011656886834522,0.04913975062088113,-0.012031094470211254,-0.019324488004758708,-0.012549393827998877,-0.03333581034200816,-0.002690617490696462,-0.005702102168432526,-0.005462791540751783,-0.04975485196059591,-0.030666319341491142,0.014458231883829593,-0.002729253784045641,-0.021175593518828816,0.021385763001888835,-0.02160099782376697,0.023542805616073772,-0.03730995120822467,-0.019907410836816433,-0.02161984975615411,-0.024114382456174425,-0.0179006508130855,0.012924652633970428,0.008002161714223016,-0.00418526546030197,-0.031347760813993576,-0.019931112960698716,-0.024009852846971904,-0.0033740385760317087,0.012011568135669472,0.004501897711263409,0.02924188899802066,-0.0002715100274289631,0.0033388909965095547,-0.014357869885621589,0.008808709569341685,-0.005804842488580027,0.010319676502954804,0.04513514371084586,0.015994975689463845,0.029160689061849772,0.03559491828877553,0.013182870133087558,-0.015540600226795435,-0.023225663952979637,4.2327887393024984e-05,-0.02453436516278589,0.018624623821034247,-0.02842630415337789,0.008151729753559175,-0.0016807917125921934,-0.012226591745070953,-0.00035380644467828786,-0.020874365686375605,-0.000294217428293017,-0.039533168872285654,0.023737953827695616
39,-0.023380710437357385,0.010245307930679624,0.021011438685424103,-0.012756089901266516,-0.03755578878990458,-0.02708507276274694,-0.019454344226669196,-0.0072843087954911285,-0.0066916771054210625,0.02305875544022588,0.03790479189726108,-0.00022864583982986863,-0.03685996420569403,0.030138764512600415,0.009214441327554272,0.02039554718445775,0.0261777172824443,-0.0031456767798724314,0.02363779816878097,0.007234006456752688,-0.02307615608037393,-0.015621989081026489,-0.049421813627236105,-0.0012827522670546953,-0.04348029589491175,-0.0595601025959481,-0.03256618643770895,-0.026551683751364397,-0.04146640121997661,0.014657111595992322,0.006271560074720451,0.001865897556684354,0.00019875675338676619,-0.01981154022524657,0.04969550490340338,-0.0010744228851230727,-0.013724479943328809,0.013334517653606453,-0.018263193325159303,1.0,-0.05150837523553937,-0.03048825830141459,0.03387748190773476,-0.03598790237670265,0.0036756399853999275,-0.01019928622811428,-0.014049378195124205,-0.012316523325123117,0.006791234524590925,-0.0014708391322088778,-0.006168856631036595,-0.011132717502437228,0.023051347807815464,-0.010635715142835487,0.010702055505259284,-0.009782865856627118,0.03120722882663226,0.0010446059642838608,0.010298044842305823,0.0029726144512212593,-0.0006225146946567876,-0.007568756679611311,0.0073165699577327865,0.0027670722971262145,0.01218051847318869,-0.022414315596134944,-0.026322767487213024,0.012260893098255779,0.02447796791810714,0.008042455704775088,-0.023912235003843707,0.012200152816990282,-0.003908106700495582,-0.021887187168594193,0.003127719593668674,0.03155546248674668,0.032176463858827345,-0.02887652215845687,-0.013516725702774629,0.016284464887589476,0.019260158247477892,-0.006162661858031143,-0.033973449930618675,0.03844775693318452,-0.005921506580917705,-0.007077473325533421,-0.0013825640774784286,-0.008750663170515184,0.01459911223822452,-0.0160532406952932,0.003960513047593229,-0.017628183670201192,-0.01767050602920912,-0.014014331141899346,0.010380761253439685,-0.007383121605795311,-0.008516081815646535,0.03872310167636962,-0.009717576678618774,-0.008124373647462728,-0.013120832064569066,-0.01986214421401879,0.007623938723175285,0.00941582316906254,-0.004627592263384079,0.024094949153912748,0.01775183525930032,-0.019680333349781996,-0.034445402237725305,0.003290369321957689,0.013971843828482789,-0.03961664542623184,-0.016530132208462764,0.047490578077162705
40,0.018580222620930606,0.005987276502496817,0.0770063484023344,0.044562690197997974,0.0035128582543875356,0.027029191118947478,-0.06516046723932921,-0.06802617695488396,0.016407642105612234,-0.02102892328140575,0.0036492308593337667,0.009531136915275714,0.03536214347017848,-0.01280861241299292,0.006079153261278223,0.026843017206506,-0.020052708838791376,-0.0116654912860421,0.048643083383512295,0.03904942738847933,-0.03925901764367208,0.022410470948321732,-0.013765245181610417,-0.03265398529348134,-0.01653162984632025,-0.04711431486040848,-0.0251196676827851,-0.05121021533504728,-0.07175818560130508,-0.013270636479610265,0.050294167294007236,0.04158408270713117,0.029863275945033182,-0.028720246239340583,-0.019750625968322905,-0.027028864700209647,-0.04143217402953694,-0.0019153829480351924,0.09066963009877427,-0.05150837523553936,1.0,-0.00679218960186796,0.04212908265799462,0.028274295682536688,0.00872786212882804,-0.05546923209854898,0.03616309118286418,0.004263474202550363,0.020964398217633587,0.061293570249378995,0.019852307307984686,0.040136311796402,0.025161824070619947,0.004464088332096093,0.004763687806766952,0.07214602907966686,-0.04476690306790174,-0.023775759779285265,-0.030617108071301705,-0.009461022308635618,0.0011808505004062483,-0.022297415476893685,-0.020144538640565098,-0.022048981000702916,0.025382331428192368,0.027019502287079267,-0.0012997260697919675,-0.004107443777273884,-0.0023242056451580314,0.0015322870637192877,-0.006767180298631088,-0.028185402189279108,0.012332218637189765,-0.019409522491022516,0.0016591076333266814,0.021473839145379866,0.005899066008979349,0.017574439176137203,-0.023589709038006796,-0.0029932180212716114,0.02183208057252063,0.052018497901648156,-0.002669138474584049,0.018881339799755884,-0.0053239798682680525,0.005936515291573343,-0.017296889596761587,-0.029162966223491793,-0.01036434249323991,-0.012107530942082282,0.01294454530873309,0.016693878011370927,-0.0014262698348181692,0.0008282940165446565,0.01593296507042088,-0.026813331004349853,-0.01094159120512589,-0.006048014428995839,-0.019727958269331103,0.003531921385901605,0.030246075469310192,-0.005629023071883779,0.009762889773322196,-0.014948322007775251,0.02514317309480089,-0.005983085358292198,0.0022781518614287963,0.0012139841328821744,0.013228990362228708,0.014840447245949814,0.0011761580385142888,-0.018664878326073376,0.003117467072933324,-0.12443587372794149
41,-0.021569881438401217,-0.05181849082888972,-0.042608096531778446,0.07557673273718193,-0.036581292407562346,-0.001901940453335701,0.0015196611415926476,-0.010617661266602093,0.03308771482570658,0.07531040363974209,-0.037858888734086354,0.05969499715900123,-0.002217398285096374,0.016237082248289545,-0.03039511494298428,0.0031581406839691632,0.02116020419804962,0.006901517440458021,0.010517136072138679,0.015661251548983672,-0.048295318621569966,-0.01277576111292311,-0.021787193658689467,0.00522604230421722,-0.039846366237985986,0.0012764569203244213,-0.06351835940396267,0.004845570313501244,-0.006606575559714323,-0.023279770551841026,-0.021984516123597284,-0.02216063377573361,-0.00583844665033186,0.015303816300356559,0.023949286544545853,-0.01106250224281609,0.017767171729749395,-0.05467490798169958,-0.014024325285704168,-0.03048825830141459,-0.00679218960186796,1.0,0.02293181863176736,-0.0010454353191305637,-0.04092091950051039,-0.0017706141131426196,-0.0677177904446533,-0.04427663266339802,-0.029175971116398768,-0.0735842953610088,0.05100031771636868,-0.02442459436637723,-0.000157133855397802,0.019206935938773036,-0.0029688395448557716,-0.0005138707323763125,0.02445878944819141,-0.026264423717207958,0.0029080912298433386,-0.0036238658920526886,0.013801794492261212,0.004944982143865933,0.0007818074221699184,0.020819693140124086,-0.020650609849334915,0.021752424438493147,0.013412856781993613,-0.003954158202007039,0.0102003999818129,-0.009254442234649104,0.04395656269592575,0.027799458942410468,-0.004531099772730691,0.006243289611085055,0.015294785806783793,0.030235297757404838,0.009375645417312378,-0.023163367701272104,-0.018915015791893978,-0.00901436724748825,0.0020758708476979206,-0.006464787626326781,0.026166475083026275,0.026050124667163208,-0.013348567109516579,0.014549420766338719,-0.02704691701913699,0.00782841483672215,-0.009086770205472284,0.000829079149262417,0.011665204366457732,-0.010882910767970771,-0.007220109898147311,0.0009766186984867628,-0.013778785514526062,-0.023840616714305294,-0.015931284791901416,-0.038155526458449315,0.0027488678412950856,0.013147454421663863,0.004212006659172762,0.008469638594436548,-0.02605746190697544,-0.03521596766039868,-0.011897475762858649,0.03428755340243879,-0.002694722568012025,-0.0007018287561462985,-0.023934772762838324,-0.03585860772090487,-0.0257272623902955,-0.026428425249854032,-0.046728010394856065,-0.06639825779570378
42,-0.011087131270093274,-0.07852316671392502,-0.005969310066735545,-0.003847248402248815,-0.01799673788274199,0.002985530813418297,-0.005971682210251817,-0.002609306065977462,0.04091789238433659,-0.05991248932279935,-0.04061868550413428,0.04709585209922084,-0.009072191178378031,0.035774620020583583,-0.009262027174696276,0.026326415142841397,0.062165924207656674,0.07103525241922755,-0.07074182427444906,-0.011975141355527796,0.00013555993196001293,0.02810206019613375,0.02500818886958378,0.007607818350012994,-0.018346830249724295,-0.024677061226107338,0.004741255923733867,0.03676287343300362,0.0011662878301835508,-0.03072462512081443,-0.022358548300827136,0.008072181935467198,0.05024553145218516,0.015001320862090887,0.035104157360365186,-0.013931116079003433,-0.04889606848135056,-0.010507539396566946,0.010615771599086271,0.03387748190773476,0.042129082657994615,0.02293181863176736,1.0,-0.05711752187964436,-0.033477938891789495,-0.021102424208981917,0.0009073143352023573,-0.0509658725422888,-0.012487700568301986,-0.013451975989645587,0.03892385073634323,-0.04297398984450467,-0.018897979090138527,0.039493707192755315,-0.030146164473806032,0.04768675313174421,0.046831069680948335,0.01039001490758138,-0.038385976333429675,-0.011628262096329852,0.010962892064081126,-0.038034127278157116,-0.005683172354733601,-0.03322938432901652,-0.028690959445918908,0.015022452910055549,0.03610706463897098,0.004391855670921505,0.0352004484281493,-0.005349088403971633,-0.004991273937381375,0.003685458437801531,-0.01556258119836978,-0.04592812955126383,0.011456159263295403,-0.00958372844915259,0.017657035892804023,0.033499405072724316,-0.012726092580230774,0.009677119975990169,-0.000995778644685147,-0.011933531407281478,0.006853278911047174,0.014505131256051082,-0.012506118884113715,-0.022494771506739546,-0.00952301682105822,0.009570020154547004,0.011584121870566948,-0.015247469689645327,0.00013553272296635242,-0.01771300371090147,0.026818804526103388,0.017739456622481053,-0.01975901179230263,-0.03726457200990272,-0.0021733705692878248,-0.016501016917485886,0.007579746220522337,3.047705239976086e-05,-0.0024126895435990525,0.0040487939849175696,0.026553658385352796,0.02470664053976573,0.003168359935749671,0.018401797252650703,0.00589958509981913,0.007542770230492461,0.004895720857483107,0.0028275253713479767,0.0003077406528633214,0.00680334158326033,-0.018020374430127897,0.06729577980641087
43,-0.03347195195064609,0.03476719315600416,0.0431526171156682,-0.03208365378100071,0.01844083839724087,0.04136886324735087,-0.03257827718645059,0.029151622045639123,0.02236931822713159,-0.011343521652856455,0.011165171291040178,0.022830932618827637,0.0142640181726935,-0.012662554237216671,-0.0320106101193689,0.01627817743831478,0.015022968192279166,0.051226209876147996,-0.021641410315594856,-0.028668725141747373,0.015727132001355996,0.0020674203564923286,-0.002392851555520875,-0.04740764141337361,0.02519521779773894,0.015336687247034382,-0.007391133548113558,0.022949172920334864,-0.05220406030698526,0.005811677527900152,-0.01190830585464708,-0.017757754735928506,0.00827749556876982,0.036537740666260796,0.010342536037670534,0.012869089238052137,0.01831768577050931,0.020899401286697785,-0.00012358808484574013,-0.03598790237670265,0.02827429568253669,-0.0010454353191305637,-0.05711752187964437,1.0,0.003262864598322409,0.002409387407645631,-0.007649851533464618,0.025829378379197212,-0.008046774964805848,-0.006665581310590398,-0.012098281131346904,0.03946787752472545,-0.004438635141420844,0.049136238854591535,-0.024817851269223798,-0.04103596298044171,0.006134124941177301,0.042410822955265104,0.021401889715898847,0.008165467902887087,-0.05677127741034106,0.03974896362619953,-0.009000505820576099,0.03187588512230995,0.0026978290983754763,-0.0066160896961928025,0.008429224575855808,-0.0013149439497756334,0.004047428456699148,-0.0025606091863366893,-0.017594701501205148,-0.014693874685509135,-0.020113082092441968,0.011553928813361895,-0.024628192108114122,-0.00821380683045749,-0.03634221391122188,0.002156465402567477,-0.017292138932593452,0.0014700546919110588,-0.004607554444399959,0.02247309442677846,0.0018174159607779396,0.0030850885270750283,0.0025080301254307553,-0.015658828109289643,0.03422480842589848,0.016371098292605298,0.006167444327056023,0.00745752985794566,-0.021647789124687702,0.01689892163791493,0.001251781456498525,-0.02187827652135882,0.014213419630828863,0.012497934900563171,0.00880604172254777,0.030895178024866552,-0.014990341460705802,-0.008346608030851558,-0.0017162578705373487,0.014963234600806124,-0.04009233112009903,0.004601008400206747,0.0031186483757070474,-0.009280233468319226,-0.00869565354618496,0.003801403272708765,-0.0018472547473480764,0.009750079523105817,0.011602434722404732,0.0036096231488074886,-0.01881424470111448,0.10805153486855361
44,0.002461077628305961,0.023290473943585376,0.006330074893183335,-0.022658319771823383,0.02125384832513528,0.03660047876960691,-0.04781941065561667,-0.010376195573417847,-0.002271393381214543,0.0451307789398771,0.026748799735453882,0.02029560321096933,0.06219269589781758,0.016319751685982566,-0.022026263433159648,0.035351651970945405,-0.011325850855908839,-0.0013120588062950458,0.0011449181462350503,-0.021072764243809775,-0.0170962645078125,-0.015183189343770375,0.014982337295124097,0.006991747575299916,0.017223657905383778,-0.01713858589037989,-0.01783743487951643,-0.0256306152869408,0.04406790720766318,-0.014671119362204083,0.01119815960555993,0.0023979511488833307,-0.054690379412369684,0.056105376953674534,0.0036791438343380346,0.001948307017861999,0.0074658336645007425,0.004131066015238038,0.014645431377307215,0.0036756399853999275,0.00872786212882804,-0.04092091950051039,-0.033477938891789495,0.003262864598322409,1.0,-0.051939131964098204,0.011216485351301783,0.10277336558725102,-0.07036553657982646,0.04549940545297962,-0.027799319753003992,0.029469371978008575,0.023646426806759928,0.00232956501100435,0.011898118666977738,0.023560761275532655,-0.029456522022985265,0.02532464086484687,-0.008856552450899197,0.013050770484050735,-0.01719565037398858,0.0021616190538823687,-0.003094313466610843,-0.016428578980213368,-0.006610864963299733,0.031189374236086906,-0.0113884029227606,0.018386370832511434,-0.008828288147807319,-0.025195490495734163,-0.002878516152296022,0.012164793869785827,0.008192260870940323,-0.011705778146660234,0.03548810817176632,0.05030183142900809,0.04326509683121682,0.013475047679930071,0.028118332237192425,0.03748427221442283,-0.018320372826571344,0.012635728755838177,0.008372184141193817,0.02204963234232489,-0.0028896088365086285,0.005224152980919084,-0.003480449865965309,-0.0029986551128905535,-0.013148173063946151,-0.012848958333405939,-0.026259319775240847,0.00922448998148065,-0.013089608417904679,0.0211026959248786,-0.036269472747359185,-0.016412539707984942,-0.007868860897447164,-0.008789962231184315,0.029854020809647563,-0.017299862755447742,0.017896240183503623,0.006840781019291051,0.010773109661496706,-0.029421475305612625,0.028093016242221113,-0.016777127905617164,0.001972789431533108,0.009837710929224398,-0.005075661870131711,-0.023139507794742067,-0.03606925601101285,-0.03593808914147194,-0.0026731328928549973,0.15290082141226558
45,0.035316508921616675,0.000596811453788754,0.024717231791820515,0.07900613877918979,0.04153570122321078,-0.013515340613165179,0.06064509177270884,-0.018551689869091097,0.06153547683503778,-0.01853429200472748,0.006170054431400877,0.013192435353479989,-0.022694604233284253,0.040420181620079355,-0.045724438249536536,0.06863445601273568,0.017163189387688425,0.07646114261226308,-0.07058614571693189,-0.01280053108988692,-0.01679077590931086,-0.003618514970372588,0.013703370000454875,0.007571114413638442,0.0037401805607148383,0.0062373813817277485,0.020135009973882005,0.03588462152719868,-0.04550210954507906,-0.03658784574819284,0.022495695837188814,0.0010015066261587833,0.024372133380296455,0.0058874057242269085,-0.016055893284109404,0.0009440498544269923,-0.01767048094580619,-0.03559742005787703,-0.006336111144073748,-0.01019928622811428,-0.05546923209854899,-0.0017706141131426196,-0.021102424208981913,0.002409387407645631,-0.05193913196409821,1.0,-0.024292597840538357,-0.06768466058982055,0.03464560941086524,-0.06213836093434137,0.00530701785327773,-0.022423786488294333,0.03471348361818464,0.019575291779325057,0.010076928111738125,-0.0038610524639927264,0.0198777427546868,-0.014904912588165928,0.007336287290067885,-7.64473812378449e-05,-0.0442911071728889,-0.03211954698987803,0.024618407491750507,0.002255595441903594,-0.042578074090553746,0.03212090285553731,0.003974245390036169,-0.014972947677431623,0.010829541523598553,-0.019934786183046466,0.03903983958094805,-0.035401401945204844,0.0025963830961349826,0.04143283712343813,-0.018089644358030357,0.011972250385486464,-0.0019235628349839047,0.014777770195074043,-0.012106283066129896,0.016902178724011833,0.020564120246131537,-0.03223481819080641,-0.012045642218629807,-0.030169755680303896,-0.02190591755951167,-0.015547966531887508,0.001175748257005475,-0.005542680066594764,-0.009302065201037421,-0.031121815670664674,0.007453048600546051,-0.003002019916491424,0.009833110091062533,0.013253617475280035,-0.0467824146716942,0.017058183037057074,-0.011963070672109718,0.0030183613571228285,0.027687088376680373,0.012924873856928393,0.03706532210869936,-0.018979818866193886,-0.0014309918424933058,-0.017421157738288392,0.0016824502306678037,0.012175099377613003,-0.036111787483843576,0.0038781035396913055,0.005560449245004591,0.0039048015827896987,-0.013186394703778954,0.03184945717936436,-0.016030585532024487,-0.13664270418011842
46,0.014168337027330532,0.003174926657527231,0.010528159103571617,-0.06398105842451078,0.025001299692411258,0.02286663130047324,0.021117572690503437,0.04737490593518022,-0.08986233223755036,0.032397810288216,-0.06790504653958682,0.005437195318208101,-0.03277584772342067,-0.027363163250931185,0.001636899048069039,-0.020923300066584646,0.008908710289965071,0.006538351571265328,-0.02365558833704993,-0.018295242209348063,-0.03771502810267302,-0.048612561200583326,-0.032600738681864416,0.015293142551914224,0.018660390731781752,0.06238043664324138,-0.058971771652066934,-0.004320966778790351,-0.07461725279972711,0.03078552242995625,-0.045418637437133154,0.012807445748513283,-0.0027426233208226007,0.006305941640642026,0.020273836398133238,0.03020980155793815,0.002685166296908919,-0.015689270611153737,0.02166503667019636,-0.014049378195124205,0.03616309118286418,-0.0677177904446533,0.0009073143352023573,-0.007649851533464618,0.011216485351301785,-0.024292597840538357,0.9999999999999999,0.004827907019215926,0.03215042002508843,0.06274795971633725,-0.029060012432125977,0.013887764217537018,0.0022601452584455695,0.02427215818889231,0.029510438312746322,0.01083635400403102,0.0025962898219615816,-0.00871355999116201,0.00023536636855239646,-0.016262841096200315,-0.014076668390178924,0.0037623422524413015,-0.006453699853837022,0.0026592913343515385,0.010235716845972933,-0.05684798577728549,0.0005662735113746961,0.031418028311643406,-0.00830310782665899,-0.006525144814622593,-0.017448619913277737,-0.008453018495484863,0.0015053629243556611,-0.024844682140773632,-0.02553474192834571,-0.014805383544344297,-0.02458657869869866,-0.01139555174383385,-0.010355433283391627,0.0011602847319985177,0.025981349680569924,-0.026261942063952753,0.0037004184427551472,0.0025738858428620767,-0.0157993296011374,-0.00042027213911931797,-0.013468134254582159,-0.004456361175242352,0.014307139149774271,0.007800347194809354,0.008252161335698126,-0.014159104045808458,0.014445177089580768,-0.0021854689687832497,-0.003526908598879107,-0.000895452692961403,-0.008135221119064548,0.018136570351194377,-0.016354233936198732,-0.0011724003436923572,-0.00412644928770194,-0.034308421393344335,-0.023283851529420516,-0.0053405948577226825,-0.022794444453312083,-0.02177142172533188,-0.019800651250973002,0.01732644434986483,-0.021341703807487667,0.015616521322142174,0.017007463694600856,-0.02876882969421967,-0.022372516832072874,0.025999558830738952
47,-0.004543588792442613,0.0364795218428828,-0.031516570603490605,0.0071264968171967855,0.022509660588618426,-0.03494887723318844,0.06884353427184715,-0.06895070514837724,0.04152306870145315,-0.043022316356853704,-0.05226145010518843,-0.0012348503025662004,-0.03579751376309398,0.002762298293019013,0.052590439458414746,0.019767636358688136,0.008111114976859244,-0.0007270918593657858,-0.05711347178255212,-0.029128776141552366,-0.010306166507024855,0.005503807541320927,0.015328012264322777,0.009657425691942747,0.019178875975497427,-0.008500591130779547,-0.02482054372591161,-0.051235590795589474,0.015426377039901386,0.026143252404680496,0.02168251794627072,-0.0638354799436607,0.013608639509373867,0.004210622861473354,0.015061977037887376,0.019486165135287344,-0.06789718738556313,-0.013208866753151683,0.053181669087375455,-0.012316523325123119,0.004263474202550363,-0.04427663266339801,-0.05096587254228879,0.025829378379197212,0.10277336558725103,-0.06768466058982055,0.004827907019215926,1.0,-0.0015150827248057053,0.0684809543952821,-0.01805392391429374,0.02330077727297057,-0.02519652083164656,-0.0015324110532187153,0.018246006941794995,0.06877854448094373,0.02820043337168098,-0.01466684711675685,-0.014680938581782094,-0.045989806289714615,-0.030460079614119954,-0.011727064753620155,-0.045873202850175876,-0.03875851366075489,0.034563451210706496,-0.052591079189491366,0.013671814045867077,0.015973300654530478,0.026227597646573904,-0.03581640129006932,-0.025895393230896124,-0.030437936593402975,0.0006018540942654655,-0.045042406511775136,0.023858691856841616,-0.010181023982371919,-0.018363932652380587,0.0077999426930096035,0.009604182819175489,-0.0070367807820387665,0.022561084658427412,0.006361134151534714,-0.033972138262839485,-0.022839446273704624,-0.0036841497134371326,0.018001132426228788,0.031279729531187725,-0.01928283699528521,0.014046702099255645,-0.014337741555141715,0.04674767478038992,0.02843432774176655,-0.02608655206038908,-0.00250170387543959,0.05725683211163041,0.0073237968459371975,-0.008836848049047993,0.025546016931917145,-0.025416125426819366,0.014854796382256253,-0.005588843359516005,0.025574978481582567,0.0052796292542959,0.04227048032732378,0.005131197711776573,-0.003769256702288924,-0.005460524130313943,0.021810443466316262,-0.0021039027185446547,0.019303198253028547,0.034630220222895226,-0.004866616254381274,-0.007454453145135824,-0.017241767326805796
48,-0.018920190237539117,-0.04568669385793964,-0.03231612114322392,-0.00857080734734199,-0.015550571317506243,0.03373493711018518,-0.009733395222374219,-0.036032196051714684,-0.012890592880565923,0.03350244601853925,0.01870176051423573,-0.04038240406382341,0.045183848800393445,0.02726494063151351,-0.020423673295259938,0.009544450522121679,-0.025445709217113376,0.028184129787504196,0.01633077915648915,-0.03601552450768472,0.002308540100870984,0.05106565042224152,0.02093604177035266,-0.00942968967920176,0.0038285283889735702,0.02399827613444437,0.015051653833428933,-0.014762448845536152,-0.016425886424788212,-0.04303568539375763,0.027935079747211728,-0.03723760858763277,-0.00529685042827596,0.022185036290955328,-0.03741673741987072,0.008885551227962816,0.018014833530611143,0.004742800538588875,-0.04691211461351866,0.006791234524590924,0.020964398217633587,-0.02917597111639877,-0.012487700568301988,-0.008046774964805848,-0.07036553657982646,0.03464560941086524,0.03215042002508843,-0.0015150827248057053,1.0,-0.016693302247556142,0.006599118157776763,-0.013835961249965672,-0.03740099410900597,-0.004980921039449542,-0.032704732580462005,-0.02334068709838734,0.02021020412594006,-0.0007466240833024127,0.012948451064477718,0.016072358177035284,0.039045414679241386,0.026337196751031324,0.017528604493162937,0.01668018181895973,0.006569950651962149,0.0017195367333216781,0.004216515029216332,0.0227764408461821,0.023188569738124727,-0.019279057680625076,-0.009432669144980742,-0.026770939160204253,-3.200204519817891e-06,0.02480628922471806,0.01783604655729075,-0.03164877465406974,-0.015005129540504009,-0.007108435999383791,0.0094202638874559,0.001817174650737246,-0.005011297203471202,0.0015601531317451676,-0.009314920228686498,0.013842585456320916,-0.009316848553281836,0.0017200652629343564,0.02649104178724445,0.006580724580943685,0.00243120185548763,0.010487099571713902,-0.025628890771524533,0.004428913991819393,0.0017834983082895696,0.010782873030535227,0.005199435473556511,0.019316473611411672,0.0033527462120270402,0.004997748692851177,0.014926667113860929,-0.003195150249523801,0.005871830753494312,0.001902814460581814,-0.01303564597137198,-0.022017915460919888,0.01087693833317245,-0.008750580273269536,0.02419431403611654,0.0009614706730420725,0.008157879631377355,-0.016187371564463683,-0.0034005597032446245,0.0022504729482546,-0.016646453535840638,-0.1274603346428026
49,-0.008872370841534088,0.0238197339297924,-0.03748431692051164,-0.05023633865740648,0.046809833563134284,-0.012166921879180373,-0.008679900879741997,0.019164263096569475,0.01812275495019593,-0.046427952857635235,0.004473628979098953,-0.002734833506036271,-0.025956933312517947,-0.07008188812680785,-0.004700980572757833,0.034493140696356214,-0.006467327657973917,0.03115437114828788,0.030042139402208498,-0.009374861733571448,0.018703705867416587,-0.026357629813398172,-0.024303722793310428,0.025931144544820817,0.011944550103674855,-0.054094450771972315,-0.0183409472853989,0.04424031890826703,0.046983068925070134,0.023684072074348816,0.026530588674626328,0.02461729333016401,-0.017577405492924695,0.041494874582147456,0.019229579917268497,0.019441551076364378,-0.016896585310325115,-0.00606355445199947,-0.0024215002401791483,-0.0014708391322088776,0.061293570249378995,-0.0735842953610088,-0.013451975989645586,-0.006665581310590398,0.04549940545297962,-0.062138360934341365,0.06274795971633725,0.0684809543952821,-0.016693302247556142,1.0,-0.06650442027144535,0.05045580239689083,-0.010432248567543859,0.02821198104496852,0.05482812734293156,0.02921013956996856,0.007610673826832161,-0.02099296998910343,-0.008645735204981547,-0.03380259675101756,-0.05284799671969715,0.007635384806056977,-0.04265405483841759,-0.04827512374421501,0.0023684653944747846,-0.03154038805842053,0.03786643515726709,0.029456227777547656,-0.011039908390812153,-0.026161923865540154,-0.03145922171475689,0.006859697436645783,-0.025745626026247335,0.009110468964018617,-0.022365138632808885,-0.009918991075883378,0.015870840553732127,-0.022618525431629746,0.00849148943012792,0.016909537885547676,-0.017036538902584497,0.007102164384364097,-0.0027055043208722637,0.01679153441379088,0.005256288236014611,0.0024298569900493934,0.004051240557059918,0.017403785627754752,0.013165233809530417,-0.013874590526674944,-0.00025373020988999647,-0.022088303492873735,0.0044591612774755795,0.021096357401079797,0.01247850949505008,0.005752259042898465,-0.012228764119703984,-0.005442137701179881,0.013500033377605023,-0.022895025475543077,-0.03777047244778971,0.02041929309252816,0.007902562135853499,0.018701916761422067,0.0023271926673866473,-0.013322254230546433,0.04751661279221713,0.0015738348376252052,0.0063529130144051515,-0.017069845368377662,0.014513667992898438,0.005264037903182453,-0.00874353792366924,0.12461386810533484
50,0.004859740256912651,0.0244487994824421,0.02658427634186323,0.01689106733931808,0.04199614387676654,-0.01785121410537603,-0.027532704065380262,-0.03815068134227208,0.07120227161067617,-0.024911179022625886,0.022309190386676694,-0.04369942586368875,-0.014054371061179507,-0.07203337125086716,-0.03577266989362787,0.04139518976269902,-0.04912460241931382,-0.03205044800644592,0.0034667145703919664,-0.007188180485842169,0.025184652821858323,0.0037447065715566423,0.0033494945406185015,0.02098412903312155,-0.018225591705769324,0.02522282394749928,0.013218594814299347,-0.012110604657381856,-0.044608179265663565,-0.0145839430380738,-0.008101366876722721,-0.050062600565909644,0.0150973424502492,-0.0003968797300643006,-0.0016717266334550964,0.022985139381201978,-0.0036670095280655606,0.0005150282692190228,0.021972569321535705,-0.006168856631036596,0.019852307307984686,0.05100031771636869,0.03892385073634323,-0.012098281131346903,-0.027799319753003992,0.00530701785327773,-0.029060012432125977,-0.01805392391429374,0.006599118157776763,-0.06650442027144535,1.0,-0.015217303384256304,-0.05490541208001524,-0.02989343415231596,-0.019611921771681542,-0.04446435295023316,-0.013217635400688826,0.02130360159938773,-0.04286639052626102,0.008320799619924244,0.03748207046581317,0.0017430151429972851,0.029394809262468072,-0.04213961570259944,0.0005623503443945395,0.014602740843230336,0.020976712259514082,0.0015782829062177693,0.009145970127939775,-0.023927988194509503,-0.014054907490105724,0.013412096563395122,-0.005345628925459255,-0.012097520326141248,0.009468327383347713,-0.005460230793170581,-0.001788550242050695,-0.034961275129827746,-0.003772339496956545,0.004316499947760293,0.0209022637020899,0.016683312236970213,0.026620107033496442,0.014953174690275704,0.002505666621161352,0.014628010548519697,-0.01575279540248807,0.003730713187084513,0.0038480038144902804,0.017005497934370523,0.009439221102796077,-0.007276320336022961,-0.0009128946321597985,-0.005748492526405411,0.017706184326953565,2.424785722246671e-05,-0.01765073971163034,0.01164624291510392,-0.0009171533103768002,0.021315373750235782,0.0006895343004844426,0.011303481236637289,0.0010396061823470407,-0.006343982642973323,-0.005119214422362399,-0.0371388560459233,-0.009728616449604238,-0.017953415600512068,0.0036273945538893527,0.008562063040894338,0.0038374061307432355,-0.004197308329695266,0.005494566001207546,0.031066696378502606
51,-0.032795605847120525,-4.018332575176998e-05,-0.0009251325023195411,0.03477236167903001,-0.02996478365585124,-0.025971559707938612,0.06648570055436952,-0.04475876761775413,-0.02646014673406526,0.03236505868305406,-0.06028716136082197,0.032584054358800775,-0.04541266000242736,0.07131916974326126,-0.018149529048247084,-0.010940760815150557,0.06700117830672873,-0.029836340536196968,-0.037975363145687314,-0.010246638396547922,0.008559297462498484,-0.0010210753104568963,-0.03339630741496278,0.01784619476247262,0.026072731448117805,0.003296274982380376,-0.0005107425809017059,-0.0017772321619387373,-0.02426786190904571,-0.019273604848803055,-0.017279140347085945,0.06744161858445291,0.02365974048146404,0.0546623717152917,0.02919290601046264,-0.011678468671693353,0.029790000998028462,-0.005363143151291386,-0.01072099972883783,-0.011132717502437228,0.040136311796402,-0.024424594366377228,-0.04297398984450467,0.039467877524725456,0.02946937197800857,-0.022423786488294333,0.01388776421753702,0.02330077727297057,-0.01383596124996567,0.05045580239689083,-0.015217303384256304,1.0,0.01856782800388105,-0.020294288716848328,0.009125523814080012,0.024930936150761994,0.03335091205444765,0.009007475075742401,-0.0057763890971473456,-0.008407446312887703,-0.026851363780580426,0.04127565187637878,0.01205900065240298,0.023537782705682665,0.03539507154751682,-0.0014310233266564617,-0.020703569995506117,0.022430718217172192,-0.020247912280490953,-0.05070361721925691,0.009509498895170247,0.06994600307995161,0.017349630174339013,0.01265880068665799,0.020830962756953942,-0.022023477863237925,-0.0067623948752928,-0.007820996007050643,0.00951163767473013,-0.0008659775992900339,-0.01981679368684727,-0.01992092884931389,-0.016692003636183898,0.03396031363768471,0.0025833964506142486,-0.002663132159478548,-0.033679959675097924,-0.02523761565930762,-0.0032226194241388277,-0.015050573033796907,0.017795871504037757,-0.013620614320687327,0.009188574614553534,0.00047266425316716494,0.012717074451535984,-0.008100879975393582,0.01427552240698134,-0.0035305098107469932,-0.00038974247115107643,0.0017399518586048723,-0.002359468514848905,-0.001783026495430629,-0.01016626866665573,0.014035261301969899,0.02179743409529549,-0.008849864400795408,0.015759274711298128,-0.009152537839091151,-0.005138869706667894,-0.012756449791933733,0.013597164037347452,-0.0022762524289601676,-0.0296785217868057,-0.03996029212385771
52,0.020109755015235983,0.0226360322095686,0.06635124145323561,0.035042200184235185,0.031081001298072966,0.01717617236703334,-0.07369761684973551,0.024991627248704358,-0.07541014348609691,-0.015330462459743153,-0.03712007989075535,0.006048711267863036,0.020219292022904845,-0.01770230693429547,-0.037795166799510026,0.0002783098571165668,-0.024867010276617578,0.04559389154324979,-0.002092005713804049,-0.046292708774606006,-0.005965987376684979,0.008910267467106473,0.06864910711508326,0.012016439720436364,-0.01820506125538898,-0.001386008660424384,-0.06005326037021087,0.003441981858255498,0.04016271227702914,0.00227086873619855,-0.031217672241274797,0.015475026093332811,0.0034235688714052757,-0.0027242231551745126,0.06359078872020184,0.02866556409557476,0.06353470828876748,-0.018894365822063552,-0.01341626957985662,0.023051347807815464,0.025161824070619943,-0.000157133855397802,-0.018897979090138524,-0.004438635141420844,0.023646426806759928,0.03471348361818464,0.0022601452584455695,-0.025196520831646557,-0.03740099410900597,-0.010432248567543859,-0.05490541208001524,0.018567828003881053,1.0,0.017200479091125303,0.0045871424578425475,0.02796447466825175,0.021490613199976288,0.026365136252493374,-0.010725581427205318,0.010733995651085489,-0.022241258422696406,-0.002382136632419911,0.0205540353974021,-0.02181914066744918,-0.020216643779168823,-0.003812392822087174,0.02615161669118335,-0.04259100356637084,-0.011544689094841038,-0.03184024743454606,-0.015313960487457258,0.038339004109069014,0.0026331270395569405,0.06212995749430517,0.00650382028378679,0.01935414735455822,-0.028505553132124307,0.0050678237419352805,-0.007894223798262788,-0.015445214991205816,0.020750368868255875,-0.028938494925024424,0.013516271121454032,-0.01761522909671434,0.007161366232415786,-0.008407370772309478,0.008395844236015105,-0.019478187334730408,-0.004074345419001199,0.001614613592576602,0.008542737987899273,0.010158588759988471,-0.017238479706354167,-0.0016500100085274148,-0.03188748196516319,0.02635963394945662,-0.031994663284654314,0.025541105289637496,-0.0037182925985161813,-0.016696590002382446,0.025640482202235422,0.033957609082105725,0.019534057118952713,0.0024545206117581693,0.0035894031315205598,-0.012168640887444479,-0.028878697305395995,0.01718361662184957,-0.01472765308374177,0.004115051934471635,0.00983817504507404,0.013158534387235977,0.02018173613767156,0.00819353668973482
53,-0.015163357041989367,0.001602202101448918,0.05339077714914199,0.04095054499760025,0.026713689839295524,0.08689844857869318,0.019922376705196653,0.032498948700026106,0.034749972965495805,-0.028312181621948436,0.021342312973914444,-0.04987787622689425,-0.0015796760756653326,-0.02611342344430015,0.029553071089341444,0.03719584939257875,-0.011461937108847398,-0.037805826009975556,-0.04499848983690613,-0.016309228576569707,0.024134799443091853,0.003710000256207238,-0.05126061760475054,0.014060983920984623,-0.027280128791907467,0.020032723525704194,0.027894677806155132,-0.026597588551093388,0.02056284897059399,-0.01260697688459961,0.03028473015711502,0.05353605783668656,0.06667320738018387,-0.00438327242002096,-0.003030069866117249,-0.04996143952751752,-0.026887200922715543,-0.04235980178087765,0.05122021119648785,-0.010635715142835487,0.0044640883320960925,0.019206935938773036,0.039493707192755315,0.049136238854591535,0.00232956501100435,0.019575291779325057,0.024272158188892314,-0.001532411053218715,-0.004980921039449542,0.02821198104496852,-0.029893434152315955,-0.020294288716848328,0.017200479091125306,1.0,0.007812082480109521,0.011868383225255085,-0.02255483488420476,0.005033234733893141,-0.006966250614329721,0.006123785188983914,0.0066594562134978455,0.004965646863356011,0.03005723450637933,0.014921769582698923,-0.018644341141268284,-0.012315508565182078,-0.008840597347962881,0.019819969333228417,-0.014988590023886328,0.005623696274183968,0.0073033754200423585,-0.02712354161162763,0.015228523151480627,-0.02478914226238831,-0.04114435709067811,0.010141934819489735,-0.004009817516065881,-0.02328192802517785,0.03153542314443669,0.025098691557905273,-0.0013958875495817668,-0.009486400079877395,-0.0020486420241192503,0.018510358998768163,-0.04302632333972998,0.028082879514197946,0.0013541257705753048,0.020138786750896188,-0.03254855769295701,-0.013940058351838555,-0.017279488350286584,-0.03470357918343865,0.015874516505248078,-0.0075352423931620335,0.02433189436800675,0.018810539781872793,0.007699192798361791,-0.007865805941506774,0.005495084855146262,-0.004826204265852762,0.0012892370304370157,0.0014844658741325928,-0.022670986397929718,-0.0015124921818954657,-0.024786131257211585,-0.014975386869493148,-0.0021854931942021866,-0.03600658686064291,0.0029579275299137244,-0.010854727282318127,0.01813757217435886,-0.01992134400441041,-0.011861437383389928,-0.12395779503214144
54,0.027131749462310815,-0.010409603609168417,0.025222610783168925,-0.061304598253994626,0.009708205101770558,0.0298686308800782,-0.026499839624653666,-0.011341210790139857,-0.012612454830876104,-0.01288474065039155,0.0037794425359400866,-0.008559420542366775,0.019200524993649937,0.04756705841235256,-0.020873818744184366,0.00945727025818601,0.020424663580086468,-0.009219750108137333,0.0036382220209493455,-0.022270362690632317,0.02568763959844446,-0.012811067665032113,0.023498986391869616,0.016094751462257553,0.006784099777600423,0.02946278921180995,-0.022912573047630426,-0.029309115585912062,0.02896891785993035,0.02771345920747661,-0.017928356438313007,0.023574301181518577,0.05103964462786406,-0.006018053324111287,0.017590515287999306,-0.04978479790561836,-0.008026415515550982,0.03595628350488619,0.05704991782842502,0.010702055505259288,0.004763687806766952,-0.0029688395448557716,-0.030146164473806032,-0.024817851269223798,0.011898118666977738,0.010076928111738125,0.029510438312746322,0.018246006941794995,-0.032704732580462005,0.05482812734293156,-0.019611921771681542,0.00912552381408001,0.004587142457842547,0.007812082480109522,1.0,-0.0009862835041147063,0.010077559341823547,0.03520828156509879,-0.005408821221054179,0.02529072934147584,0.00981980003164545,-0.011873014327319232,0.010038813316626078,-0.012329724205856802,-0.04035988174493468,0.031082882615465362,-0.004976366812940256,-0.016463349394419194,0.04055804083143369,0.00012789169265793813,-0.004627462556664813,0.013367012526352504,-0.014240243617055795,0.017726793552517304,0.020378586164107704,0.01952226281703596,0.0027447126378030585,0.03134211141084474,-0.022029909091829798,0.016896634417749575,-0.004561821597716595,-0.033609168249919344,0.021770098429915966,-0.008517674073219055,0.013777591338048392,0.018173973651478558,-0.007847270357188131,-0.0023049501048175366,0.005179496030716592,-0.008833023434695806,0.008435905149550697,-0.016254469309021732,0.024220167473162118,-0.007650154474424315,-0.017146981450656306,-0.014319421361982753,-0.009237281589033624,0.01471108528593062,0.0060530782116416035,0.005784718791863718,0.01366998183666663,-0.027282004643101834,-0.01630573615420157,0.006644298426492195,0.0013138673908322778,0.0204424304587332,0.001538259677995072,-0.012047108933389087,-0.012526634653379156,-0.03559702693885015,-0.012797628157425954,-0.002304564584029993,-0.01941451823318851,-0.1264142536449116
55,-0.017827921792917853,-0.05297761528237112,-0.0367377776342035,0.08316359292639679,0.00428296410807571,-0.020447690271517827,-0.08622136676934523,0.026726818966663703,-0.04340330204470005,0.054392300067006745,-0.012364552273010003,0.011385782280706126,0.019463987411401935,0.026975071450561976,-0.02526100943539104,0.04754666540148388,-0.03247457546855395,-0.04187326573083303,0.06869099521159844,0.02695979316509693,0.0026543087676487416,0.04021228854840563,0.016114091684648685,0.013280913356726938,-0.009494280175901133,-0.03193652396799898,0.0274479436407024,-0.004779589131146073,-0.03566271460138029,-0.001640228943483536,-0.04230142413531858,0.010360089129946412,0.008778898872969341,0.009930307454760196,0.005806841444393544,0.0028957906198077837,-0.03569298362148973,0.025667461491192183,-0.03015589282222084,-0.009782865856627118,0.07214602907966686,-0.0005138707323763125,0.04768675313174421,-0.04103596298044171,0.02356076127553266,-0.003861052463992726,0.01083635400403102,0.06877854448094373,-0.023340687098387342,0.029210139569968558,-0.04446435295023317,0.024930936150761994,0.027964474668251752,0.011868383225255085,-0.0009862835041147065,0.9999999999999999,0.01613797646827006,-0.059217505634940965,0.010049989610699571,0.01591713283041788,0.004551976289708008,0.012902897714009463,-0.01572097134459362,0.010063301255850726,0.038933946151894334,0.023682039827372846,-0.025473589057553366,0.02580853502337402,0.033835818274372376,0.007550442844171576,0.0093141311171615,-0.013814684139288665,-0.036571043619313105,-0.05085357478205364,0.032915412617369105,0.002411588304986643,0.01767803383206488,0.013046919987907815,0.03850785188563032,-0.016033807669586616,0.005885304972419858,-0.0014356565538088987,0.013199299163625763,-0.012638470223723679,0.03400304836605074,0.029070265909794817,0.004994860090094163,0.0023304240537918,0.008636917097152856,-0.00592785042293732,-0.0252632033730794,-0.027107944820633043,-0.007775821108055485,0.02562212861992944,-0.006829057835675596,0.02098499803953638,-0.010629526542685246,0.005758394695749036,0.005820721367167971,-0.015656781352984202,-0.017293767739739764,0.007649182881595406,-0.014179389450950281,0.00841034833238504,0.004751747601837256,0.005439246817320957,0.019466208733019914,-0.02651824191934543,0.017930088082770104,0.010566352416544033,-0.011387276812381364,0.00828776406001196,-0.019632999083731152,0.045538316455644136
56,0.024021968349874134,0.03742652737373559,0.005961009975057236,-0.07263742051662164,0.02554958577870103,0.06156474825248865,-0.05072977472112428,0.008561851866127717,0.01584752784196752,-0.08910063907653692,-0.014381932884756227,0.0005305602405959833,0.04948697439561412,0.0337568489568564,-0.019156389624665277,-0.020741330482730826,-0.03300322662020349,0.005884048440683146,-0.026131646409328756,0.0017167018563957694,-0.026979362685717073,0.003870981047701534,0.025218449489669083,0.02052711501800645,0.017445014032305244,-0.012665523404311976,-0.026393444228696394,-0.027807216420461224,0.052333964875859736,0.04147021606993954,0.023501104125979184,0.028598475490677972,-0.0014977052811907352,-0.02470519970507864,-0.005964987209088994,-0.041973893970493045,-0.012236840387620022,0.005307573692796093,-0.009667931580374494,0.03120722882663226,-0.04476690306790173,0.02445878944819141,0.046831069680948335,0.006134124941177301,-0.02945652202298527,0.019877742754686803,0.002596289821961581,0.028200433371680985,0.020210204125940056,0.007610673826832162,-0.013217635400688824,0.03335091205444766,0.021490613199976288,-0.02255483488420476,0.010077559341823548,0.01613797646827006,1.0,-0.03082492463803227,0.005768266901977647,-0.017446682998457003,0.04843123713441982,-0.015770421897663988,-0.007324597185650577,0.008949010540000796,-0.002020201410618344,-0.011886233406375464,0.00023282998320447613,0.02484923949749556,-0.0034659163780106157,-0.004020969612083272,-0.02346436169326473,-0.008978351907512375,0.001938533914050776,-0.0030496117334677464,-0.03208643077736378,0.03660471677970805,-0.013457419922777363,-0.011003849115814675,-0.018356105256159404,0.03312791528934353,-0.037140965782904545,0.023418570422892998,-0.031906535217026355,0.014874467570005209,-0.0215094102886291,0.005264635476462705,-0.014200595463301328,-0.000124814399057933,-0.010388114903596181,-0.01565219067122173,-0.01343723509798247,0.005712519391889951,0.021997158520725608,-0.006757249665111998,0.014973082284407722,-0.012632993590678016,0.008848694553794516,0.013060722264490066,0.01259237602395404,0.0027338037515709335,0.009102578192977155,-0.000621016862374239,0.005042240480470515,-0.006702246805732,0.02076809311695632,-0.019306686428898892,-0.0027600031625832386,-0.011544927638408859,-0.015976231987326905,0.009878117866258196,0.009936273519993268,-0.0148793213289452,-0.0026258665667563807,0.14812968847505334
57,-0.015144126650989014,0.04997627434134749,0.02495429149917354,0.02206899799178548,0.013324792099368769,-0.0335459686358602,-0.019365403472297798,0.0015271587364787207,0.03391900221176539,0.0044418455880007755,-0.04584304564447978,0.022040191422199425,0.010295346215153597,-0.002086216784179489,0.029767076188885255,0.011246110630843352,-0.020112572338008013,0.03553185771882239,0.01686692296180496,0.040355344268482876,-0.014717701044137574,0.02584442820599795,-0.0121498489159194,-0.027636938212280634,-0.015494748124047959,-0.031037204207086434,0.004840415506076341,-0.006234135294718091,-0.018560909089963575,0.002061619684129332,0.011228187446143734,-0.0032294534184282462,-0.034002654152370804,-0.00273527620124412,-0.039934368321724034,0.009213290228703184,0.012967538357203021,-0.015135677217448702,-0.005011656886834522,0.0010446059642838608,-0.02377575977928527,-0.026264423717207958,0.010390014907581381,0.04241082295526511,0.02532464086484687,-0.014904912588165928,-0.00871355999116201,-0.01466684711675685,-0.0007466240833024128,-0.020992969989103428,0.02130360159938773,0.009007475075742401,0.02636513625249337,0.005033234733893141,0.03520828156509879,-0.05921750563494096,-0.03082492463803227,1.0,-0.017946871118880114,-0.030762355326873485,-0.007303352143850508,-0.022855359986941402,-0.019856943712684854,-0.00761415020302311,0.02337096213012657,-0.00214086544773348,0.001625635859345689,0.019872407165356865,-0.009154249710306653,0.013996735623125358,0.002698474200003701,-0.00806581471986171,-0.013259580095822348,-0.0036379972780843234,0.01681569095388724,0.007177790391854891,-0.0005622647193561001,0.01160268808650871,0.00515647746633321,-0.03811732253216217,0.004893410107011148,0.001450091671807844,-0.0098831608328211,0.011668678451895977,-0.023247516654275165,0.018083230313171245,-0.015530098234824244,-0.004406028742797896,-0.016682682728217987,0.006375591576334579,0.03568954091160236,-0.030217829851155065,-0.008080521182964037,0.019791176673640797,0.01962013890700547,-0.01643756192917135,0.004416207424720263,0.035070068700974524,-0.002946858629934394,0.017007095589297395,-0.004885393253682423,-0.020447323217581297,0.003050716336508735,-0.02364901199499768,0.006574494012100032,0.01917525509281298,0.013238950146890185,-0.013662753091858352,0.010280557360775466,0.029914010992319214,-0.000791751361834191,0.008589451844551444,-0.03345109499376996,0.024853940375583167
58,0.006536329288763829,0.0397502332934565,0.05917773844207738,-0.033748948393158396,0.060910909231462994,0.03737000873932102,-0.07388049080783439,-0.006106675883353239,-0.03090592321834364,-0.012200234239599607,0.020915260079580222,0.007948203204312209,-0.0031992679630548945,0.04001825009080378,0.0033001665166444505,-0.005507907623341054,-0.0337435837647507,0.017913635528458715,-0.0018600795910896676,0.006915883299610241,-0.0323755729370615,-0.0191334700479166,-0.012917481032762208,-0.02296177526838152,-0.021591058378646992,0.010850212358085705,-0.025593281385312864,0.023225373596291364,0.011128514384474356,0.018191062061844655,0.03895454640182475,0.011693006340659328,-0.003111419986065767,-0.02171980201383006,-0.008647205055336286,0.026218134290579644,0.03594332084613282,-0.008037200565781036,0.049139750620881134,0.010298044842305822,-0.030617108071301705,0.002908091229843338,-0.038385976333429675,0.021401889715898847,-0.008856552450899197,0.007336287290067884,0.00023536636855239643,-0.014680938581782092,0.012948451064477716,-0.008645735204981547,-0.042866390526261025,-0.005776389097147346,-0.010725581427205318,-0.006966250614329721,-0.00540882122105418,0.010049989610699571,0.005768266901977646,-0.017946871118880114,1.0,0.014658360193176264,0.012308936778876525,0.00940107637848222,0.007152196335447147,-0.007623648251315267,0.022687546139760126,0.0040172182860978255,0.021832945597572373,0.019149356589837303,-0.009908356761048284,-0.02672173795507542,-0.015098437582386045,-0.0005483934881896829,-0.006949010444941535,0.00603966009088337,-0.002357079447577257,-0.011186640542443763,-0.00328167813574641,0.016857803702676488,0.029055315038459845,0.04680694228552949,0.020145663624918615,-0.020704471510915815,-0.020277071150609595,-0.0312763535468195,-0.010272056475941633,0.0035198180962379075,-0.04237599655681733,-0.016878983619059942,0.0076546077781117884,-0.00015793085563550838,-0.00818944123997533,-0.011495798263572523,-0.02080170306121257,-0.0015708557515854797,0.015265200147033142,-0.012228711877664734,0.02211734314322602,0.012749984326955921,0.01361764384102323,0.00724643158617376,-0.002152015129476092,-0.0007797383365746866,-0.005596725986693307,-0.024533281353871637,0.0060444940547262046,-0.004879825782211689,0.009377835082046508,0.03187764127444871,0.0006166884374856285,0.008363332866213869,-0.007399393448081471,-0.014540126124375016,0.013994406324721024,-0.008083961137870249
59,-0.06128901157047754,-0.004450325133100689,-0.0401354453492671,-0.03563828939249855,-0.03585436172126976,0.025628965008183055,0.06590198994595235,-0.0400741114958824,-0.005107997329118123,-0.07272783749712589,0.022112339511134522,0.004119531172611557,0.010205734121849792,-0.01418694565257669,0.005634347715916543,0.017491889509691078,0.010485268891976159,0.03729758754472198,-0.026024511398544007,0.024874515369320498,0.03164222601061372,0.058896735203118444,0.019548889340250168,0.012507709829190113,-0.030237339564487303,0.00889138663141705,-0.0025782904830054733,-0.012318852636518069,0.033743442487175056,0.0033804427171888647,0.006385320208463204,-0.007368535320478184,-0.022919630300782097,0.017181428006825202,-0.00593533549708359,-0.005547080079589424,0.009820752664410655,-0.054229273906881564,-0.012031094470211254,0.0029726144512212593,-0.009461022308635617,-0.003623865892052689,-0.011628262096329852,0.008165467902887087,0.013050770484050735,-7.644738123784489e-05,-0.016262841096200315,-0.045989806289714615,0.01607235817703528,-0.03380259675101756,0.008320799619924244,-0.008407446312887703,0.010733995651085489,0.006123785188983914,0.02529072934147584,0.01591713283041788,-0.017446682998457003,-0.030762355326873485,0.014658360193176262,1.0,0.05556478111276997,-0.012028036280713965,-0.03149648407034326,-0.03668639366235338,0.009624895430224007,-0.030803106278287504,-0.00366339125093943,-0.0021971369992388017,-0.024814662366812124,0.009261494752889033,0.01982367820586293,-0.00410140751315597,-0.019932602884065877,0.033250494363963275,0.017522777126697028,-0.008029061075499451,-0.016318638327187128,-0.008122254003239765,-0.003943975472867588,-0.014506921262857532,0.014428011271070443,-0.022766591833877164,-0.0027812282450951666,0.017392378308749123,0.009920026809812755,0.024048524848023018,0.023370338055239328,-0.006630916228534873,-0.0206845835794532,-0.00310964331981808,0.014957018554432962,-0.025614612001918915,0.028724281195233077,-0.033221960756009486,-0.008622600405641034,0.04757272497690542,0.002851291256711177,0.03677838210814218,0.0049882441178825615,-0.008444846907136636,-0.005271234250631589,0.001712293173911647,-0.019174020353274587,0.019769476327607626,-0.03073350028884438,-0.021709349756034738,-0.0157248697643996,0.0019255512702620351,-0.003257283795416165,0.013422194445647516,-0.011152989114380571,0.019192346350022954,-0.02602162942494097,0.007726575572039102
60,-0.008297462255922818,0.009094922346006167,0.015541421609576606,0.020084661964717917,0.02331120335943694,0.015435416053512329,0.03280841291636816,0.10064526544888008,0.04523980786176613,0.028145394229861728,0.08474416189990301,-0.008121820687797529,-0.025503298563335823,-0.07423793830944746,0.013455323766806658,-0.017451066404695476,0.0003683075661103678,0.01913686222712133,0.023336011860052082,-0.033743175393081366,0.029429762796697227,-0.012395373181119324,0.032909022993388146,-0.01707163364173895,-0.0159167253453731,-0.024336349176405946,0.004125828499416478,-0.011429415531107281,0.005976821714282881,0.018342710243627866,0.0023818904710297285,-0.0075006346211397585,-0.009930199934499126,0.008140498325505417,0.016606616265426588,-0.00889585349950462,-0.03570132204187809,-0.04036538090879418,-0.019324488004758708,-0.0006225146946567876,0.0011808505004062483,0.01380179449226121,0.010962892064081126,-0.05677127741034107,-0.01719565037398858,-0.0442911071728889,-0.014076668390178924,-0.030460079614119954,0.039045414679241386,-0.05284799671969714,0.03748207046581317,-0.026851363780580426,-0.02224125842269641,0.0066594562134978455,0.00981980003164545,0.004551976289708008,0.04843123713441981,-0.007303352143850507,0.012308936778876524,0.05556478111276997,1.0,0.028210880558468314,0.003956046153091317,-0.015185580588820032,0.015176567166720216,0.019491935819685086,0.02878694069403798,-0.03144847147857088,0.03453303405763116,0.02202407587527626,0.0023616049399280757,0.04701302349639951,-0.006872631520947845,-0.012328757672831696,0.014705613735230407,0.03038081985317724,-0.0015876102731367308,0.010245886204236151,0.00732856083447217,-0.0023594470465352958,-0.004431191943876395,0.02308706662613944,-0.013196651680574682,-0.0079296938183637,0.012554589697811406,-0.05106578581866188,0.012732286720641068,-0.009427740127410907,-0.008841116820445536,-0.0028452086073609256,0.04329160158712405,0.007366957887786041,-0.012980509953995143,-0.0006371649932804916,-0.005131620318061933,-0.03129362795150185,-0.010973747685585525,-0.025084220544134023,-0.006026844578639901,0.009552381522252686,0.012199188422643266,0.017094289316792428,0.022294078371183957,0.02012233829177737,0.004574900002711705,0.00046093879959529637,-0.023009008890551855,0.0037248709065424595,-0.005568949038499921,3.947405602866967e-06,0.013582787039332193,-0.0360640901173086,-0.0073486164406989145,-0.14207490686262725
61,-0.08880265560651443,-0.04423659763262613,-0.020041013057859495,-0.09059265543552572,-0.05329729993274485,-0.011351604363356946,-0.010560014245792459,0.0037775640241809157,0.028720530248647604,0.07701746965426229,-0.008814338801649271,-0.041012834491115306,-0.006077181407096126,-0.05380834498293961,-0.01629985862483197,-0.004790064565594628,-0.006722808414872188,0.04423133432337104,-0.02870565797003678,0.021366973442212743,-0.022962112195232455,0.010231226456563816,-0.00024340600039270184,0.0503299238346569,0.01753733768264646,0.012301747259686672,-0.017412387668915622,-0.005636571962320114,-0.033750790345426086,0.018581221660701676,-0.03352274455206693,-0.0035517814832532464,0.02372199472495665,-0.03159392708952285,0.01598244131811461,-0.0419828626090963,0.02806103573755983,-0.017873321939736852,-0.012549393827998877,-0.007568756679611311,-0.02229741547689369,0.004944982143865932,-0.038034127278157116,0.03974896362619953,0.0021616190538823687,-0.03211954698987803,0.003762342252441301,-0.011727064753620155,0.026337196751031324,0.007635384806056977,0.0017430151429972851,0.04127565187637878,-0.0023821366324199107,0.00496564686335601,-0.01187301432731923,0.012902897714009463,-0.015770421897663988,-0.022855359986941402,0.00940107637848222,-0.012028036280713965,0.028210880558468314,1.0,0.0013604948429260352,0.02007231542402886,-0.02566052931417973,-0.04197693837244652,-0.011202830674665923,0.007545249985345269,0.0023341827944259124,0.014605812656027969,-0.018477569364085546,-0.0055441626528316655,0.013852285816554205,-0.02119008736737355,-0.0031462298849566158,0.0030580617473612375,0.016224423411363088,0.01698645568966566,-0.027047023383062634,-0.006256877833658373,-0.004944887164203609,-0.031115935848918724,0.003329366894727839,0.04316439611309622,-0.039570626033567646,-0.015476706042492667,-0.019465272370854186,-0.005588910432918604,0.007237614874002525,0.0037721271081684153,-0.007048979273813851,-0.027468795808642192,-0.0013185771686716422,0.03385517609687156,0.03134730718281344,-0.004959967848690117,0.019031835534156896,0.012101101199913469,0.02190262397751195,0.024863301111260873,0.0300988313794265,-0.021902095060955622,-0.009497852656547384,-0.0039686824945361215,-0.00919462587905848,0.014162481335309209,-0.007922466261944506,0.01533673043950927,-0.002338545412913388,-0.013661778069954124,-0.009731198781532686,0.0030139404911695145,0.014406691812144245,-0.1043907512037319
62,0.016995644576131567,0.039685264528034135,0.005119812768413778,0.05962225662220273,-0.036565365827404224,-0.017508527877810917,-0.004327586620350967,-0.03684598535261336,-0.01915020041913373,-0.03921742296263908,0.05004932200963527,-0.00484532563212541,0.007272179720055544,0.0238464029801076,0.015550716630398248,-0.08307921931095805,0.0016557780517228338,0.08268820744081312,0.018551225506229292,0.049485740784878066,-0.02830154162149895,0.02067388535426305,-0.006728374048122756,-0.07309875366490752,0.03140779900511348,0.0027405531135798965,0.012381805368919857,0.032750342832519166,-0.01583180176245366,-0.033291550529674835,0.021581669073177767,-0.042213382970311526,-0.03237050217524367,-0.04524685147141519,-0.020566342502407135,0.04254421922033821,0.02766693414889221,-0.015323011205106927,-0.03333581034200816,0.0073165699577327865,-0.020144538640565098,0.0007818074221699184,-0.005683172354733601,-0.009000505820576099,-0.0030943134666108433,0.024618407491750507,-0.006453699853837023,-0.04587320285017587,0.017528604493162937,-0.042654054838417596,0.029394809262468076,0.01205900065240298,0.0205540353974021,0.03005723450637933,0.01003881331662608,-0.01572097134459362,-0.007324597185650578,-0.019856943712684854,0.007152196335447148,-0.03149648407034326,0.003956046153091317,0.001360494842926035,1.0,0.03253354486447288,-0.004782403488140274,0.011048557018091388,-0.05609815942257655,-0.03172748646496927,0.0007006634367761105,0.003472014602275273,0.007612037157679918,-0.010257978310008433,0.011763241660005776,0.01595846816375521,0.026885775086273035,0.053469808605279376,-0.0309658733404126,-0.026557545834751537,0.012418042785296896,0.03252191043835583,0.003975361589197838,0.028044467413731747,-0.02373012346367888,-0.0017835564298581455,-0.013247539054018731,0.021279171273219627,0.01089866206126398,-0.039280271040576534,0.02468973050878281,-0.024683001931773106,-0.010512305884292845,0.031916547936131294,-0.0027613245812821196,0.00221613936787402,0.009044187889804463,0.011398587727681002,0.0151359530203252,-0.005225831614168078,0.006504331770095048,0.037905175962782034,0.027712294549098876,-0.04257026685330212,-0.02439351392362217,-0.011735769446914072,-0.025683918094689295,-0.008797323743441183,0.004376264135846555,-0.0021599592208605416,0.006838272294942344,-0.004677803751800134,0.0134262625835469,-0.01013255080737787,-0.01662144660713536,0.20123884272742965
63,-0.023046352912214425,0.011509540470341582,0.0020036458680307073,0.07039716531824299,-0.01369381895967134,0.05638515824142253,-0.0016887130592004476,0.021298745867746195,0.0743534612946671,0.012872859463210201,0.009495307548855117,0.00710510319393706,0.02630545629493118,-0.08216182090472637,-0.0443435626632736,-0.00232453842057132,0.042775919386783774,0.0174637061562109,0.005085634867341272,0.017799291195092624,0.023731285480042774,0.031444112958206656,0.010620447040892683,0.025676950555508775,-0.014797556909304784,-0.0029767671219340674,-0.06059324897546081,0.005855134754788742,-0.011916669755243832,0.064453895004488,-0.05681890978308709,-0.009197252852721964,0.035281504008507325,0.04150175057294911,0.013218711053458346,-0.05505088874522057,-0.015963147140291265,-0.007891537578105767,-0.0026906174906964624,0.0027670722971262145,-0.022048981000702916,0.02081969314012409,-0.03322938432901652,0.03187588512230996,-0.01642857898021337,0.002255595441903594,0.002659291334351538,-0.03875851366075489,0.01668018181895973,-0.048275123744215005,-0.04213961570259945,0.023537782705682665,-0.02181914066744918,0.014921769582698923,-0.0123297242058568,0.010063301255850726,0.008949010540000796,-0.007614150203023109,-0.007623648251315266,-0.03668639366235338,-0.015185580588820032,0.020072315424028864,0.03253354486447288,1.0,-0.011225485014850817,-0.008710282398919737,0.011005597383601762,-0.013481174826680029,-0.004454119757293826,-0.0032272451173320994,-0.0005049067683272686,-0.04045722258531273,-0.0675842228655685,-0.03715766616942051,-0.022502491125885534,0.01767938338559135,-0.016720632204819345,0.007734881081639505,0.018387870055002427,-0.007841944298220568,-0.015374858573046993,0.039668789317227074,0.009849574167711038,0.005242504987102801,0.062470798761466224,0.021824218028217164,-0.0011057421387595156,-0.01962015641359423,0.013039749978616837,0.0005039515229633368,-0.04505774997680933,0.006868685646363786,-0.01735024291985178,-0.0019419126026906652,-0.006417301120685021,0.0026267734840815338,0.009924174926597749,-0.010835968137531356,-0.03457094909077398,0.007092319766382408,0.003301353035024487,0.015907464733197766,0.030509539666917888,-0.05926276352708535,-0.012228458560118725,0.014791275467874523,0.0054389938510607805,-0.0026402654213226458,-0.007989319842587397,-0.012875636509370732,-0.024033343660500684,-0.014669885011829972,0.03894237194846652,0.01078224443313296
64,-0.058073921432129284,0.02680275767452193,0.02063785338169824,-0.07336281863535025,-0.03375108259911196,0.04579814093475272,-0.003224619656960562,0.007637379813854973,-0.02353288710670304,0.018805541118330358,-0.03915185924747558,0.024729122964094647,0.0052322126079650125,0.043445840740873036,-0.0444027961009117,-0.03101585561049115,0.0435681320333604,-0.030004959773824866,-0.04165865593213266,-0.03404865774491731,-0.0031046204431076233,-0.001629810896111799,-0.017703484953890413,0.013071928173399002,0.04116007587490737,-0.0107503241001965,0.014275361828164497,0.02298569550958664,0.007206938753543992,0.04415668064440223,-0.011025196281132622,0.000556904410830209,0.05644326233541973,-0.029062499554552344,0.034921390437173086,-0.03496966626793232,0.021645966494660804,-0.017383146673912275,-0.005702102168432526,0.01218051847318869,0.02538233142819237,-0.020650609849334912,-0.028690959445918904,0.0026978290983754763,-0.006610864963299733,-0.042578074090553746,0.010235716845972933,0.034563451210706496,0.00656995065196215,0.0023684653944747846,0.0005623503443945395,0.03539507154751681,-0.020216643779168823,-0.018644341141268284,-0.04035988174493468,0.03893394615189433,-0.002020201410618344,0.023370962130126575,0.022687546139760126,0.009624895430224007,0.015176567166720214,-0.025660529314179725,-0.004782403488140274,-0.011225485014850815,1.0,-0.05961662090426709,-0.01567781971216293,-0.007982083128859556,-0.0073910901424251085,0.015635350896084244,0.01916495700331176,0.08230268161932719,0.04423722678437732,0.016939781286008072,0.007371773406812216,0.005361599273671581,-0.004571880810450649,-0.024266289057787955,-0.020894439256117017,-0.001170330228303447,0.01115564422845541,-0.013980045183559695,-0.0017783612241228034,0.0211926316101353,0.010366754076663163,0.019319911339730458,-0.00334979388617911,-0.009085102468370765,0.0012640602226753734,0.006667041230714563,-0.01416875698999476,-0.014239643269421365,0.030362066288527004,0.02551991768322904,0.012443495022667705,-0.0354835607726086,0.021403737623242384,-0.03255383720805745,0.019868203280708922,-0.031393716077964866,-0.00035286082665182683,-0.0010367125833930587,0.005697592837336279,0.006552873562218765,0.005098828675247612,0.012327871170608087,-0.030466384549863973,0.0032440996092470043,-0.006306906673319431,-0.026714108535074572,0.0004844174005282622,-0.03680924874024466,-0.019322821510133748,0.026777456500363624
65,0.035432756266384105,0.004440631614861124,0.057141805902618685,0.09711295323137534,0.034232324656748477,-0.0078065827543918375,0.04919786363273963,0.010938702096966133,-0.01958769820156004,0.015407876501961393,0.09176739427230349,-0.022565556414665323,-0.0022577761715023184,0.014556998270848193,0.04135584473051955,-0.010627810744739069,-0.010848491785786547,0.0114487049507406,-0.004322564506864007,0.014802322651693697,0.021459801288288026,-0.028487808368780246,0.050114202965471574,-0.004065778127485196,-0.017204330858882545,-0.021363482651070208,0.0067957340082734985,0.02025954538089085,0.0435031390006402,0.004187495382017737,0.03229110632375434,0.024000540627830698,0.04274830104702033,-0.023319275417832838,0.0028420817322338714,-0.021257086092001734,-0.006125147442941485,0.03910738723124053,-0.005462791540751783,-0.022414315596134944,0.027019502287079267,0.021752424438493147,0.015022452910055549,-0.006616089696192803,0.031189374236086906,0.03212090285553731,-0.05684798577728548,-0.052591079189491366,0.001719536733321678,-0.03154038805842053,0.014602740843230337,-0.0014310233266564617,-0.003812392822087174,-0.012315508565182078,0.031082882615465362,0.023682039827372846,-0.011886233406375462,-0.00214086544773348,0.0040172182860978255,-0.030803106278287504,0.019491935819685086,-0.04197693837244653,0.011048557018091388,-0.008710282398919737,-0.05961662090426709,1.0,0.011364522416783788,0.02408373647766689,0.012923055499759424,-0.002004095012002613,-0.005723460264405275,-0.06825126430542724,-0.008929333674461136,0.01547696641669725,-0.013746558372715937,9.154986088833528e-05,-0.03031566613517684,-0.00782661734752158,0.028603373275503025,-0.0098820233907663,-0.004593075266484241,0.03372912263099968,-0.017589522794608146,-0.0001838022651927568,-0.005759635154887794,0.0008901808818909369,0.030673719215984,-0.034769636533354506,0.04199126223342541,-0.01908682443718157,0.04389182871435776,0.05865800972569897,-0.018653171708846644,-0.01719396475748923,0.027362338251566923,0.014875833812496693,0.02445674774887146,-0.024590154303279217,-0.03105650056913425,0.0029479518907751965,-0.0290724355809504,-0.0003213186478312806,0.011763124732547174,0.003916558590626101,-0.01515974315620323,0.01275042159786601,0.0095652082021913,0.017666847565673098,0.006563895885156135,0.03434563534764519,-0.029276404419113437,0.015342032305668484,-0.017701206185656106,-0.08729835284939833
66,0.09800375334823393,0.011372692227729572,-0.007908446121583016,-0.03818020826173994,0.03547491340836278,-0.025999323184691923,-0.03896042164191836,-0.0092358400319319,-0.08835100844263533,-0.04550598171947238,-0.0029088757465311273,0.018434022582700563,0.01760431958681406,0.01841424106506986,0.012243128479797923,0.0032822839357012955,-0.03055981939290729,-0.006505804857989485,0.01821362174766735,0.015407024939072443,0.0030705014206185806,-0.01627784851832707,0.03076123013012212,0.002815348310778674,0.028468359730047528,7.814819457458557e-05,0.04714251620621153,-0.020187726630774634,-0.024156250511588005,-0.023396028892823367,0.0020912763409514025,-0.013686815220735216,-0.02203167817459162,-0.01897580666015972,-0.0059696889851654335,-3.481457939509112e-05,-0.007123419501809534,0.03554152272532719,-0.04975485196059591,-0.02632276748721302,-0.0012997260697919675,0.013412856781993613,0.03610706463897098,0.008429224575855808,-0.011388402922760601,0.003974245390036169,0.0005662735113746961,0.013671814045867075,0.004216515029216332,0.03786643515726709,0.020976712259514082,-0.02070356999550612,0.02615161669118335,-0.008840597347962881,-0.004976366812940256,-0.02547358905755337,0.00023282998320447616,0.0016256358593456893,0.021832945597572373,-0.00366339125093943,0.028786940694037977,-0.011202830674665923,-0.05609815942257655,0.011005597383601762,-0.01567781971216293,0.011364522416783788,1.0,0.009646167792623688,-0.02938460623859383,0.03499826521250169,-0.02666534030799283,0.02982190052405335,0.03753223080579879,-0.043594614382697676,-0.01063170858355428,-0.02412554891148358,-0.004049728843717685,0.01787674486792948,0.020847146238588823,0.011027951440027682,0.03761111632581886,0.006596305057819758,-0.005567845988209142,0.022804746162701353,0.00633015832129073,0.024804247109500452,0.04656087783921093,-0.023552503685264434,-0.021625253164581616,-0.025749678180051267,-0.015152947729119,0.038701472359329234,-0.011342540692333465,0.003877044858454181,-0.0018757128987035767,0.004177537712138135,0.009704363387146074,0.009135619613297868,0.002208492194073434,-0.0006741983656291046,0.023367457962059142,0.0220706239849622,0.02160177582807785,-0.006637106865842648,-0.009371103038348611,-0.03899355147266296,-0.006979371528959031,-0.0034477662940477693,-0.023579838094007325,-0.022303631385529894,0.0004110405501047666,-0.012778407938457581,-0.0038374507720439696,-0.014030658694361962
67,-0.10291558065726804,-0.058593709537068175,0.04569936333904916,-0.07030543830567351,0.03818030547567781,0.0010043645415313742,-0.011361468772965533,-0.04672633996150191,0.0473262876904179,0.0023491386712295413,0.016357721767930142,0.038959178728943306,-0.0048689084702905495,-0.009624040568086396,-0.021113352898155597,-0.019915759820772764,-0.044067293473156764,0.01326969915940625,0.01735555056940637,0.030009024272393523,0.00564780179962021,0.026285953045053934,-0.026611545175621077,0.01150396972795744,0.01757399027263837,0.010245195873898527,0.024101264410753845,-0.041623973227500895,-0.028105553140799294,-0.028030713880610042,-0.020202047862524854,0.021809196696684435,-0.023569566387982938,-0.0013459502501376942,0.023084981082933876,-0.031185388306188524,0.011977733676072732,-0.011097755962737547,-0.030666319341491142,0.012260893098255777,-0.004107443777273884,-0.003954158202007039,0.004391855670921505,-0.0013149439497756334,0.01838637083251143,-0.014972947677431622,0.031418028311643406,0.015973300654530478,0.0227764408461821,0.029456227777547656,0.0015782829062177693,0.022430718217172192,-0.04259100356637085,0.01981996933322842,-0.016463349394419194,0.025808535023374015,0.024849239497495564,0.019872407165356865,0.0191493565898373,-0.0021971369992388017,-0.03144847147857088,0.007545249985345269,-0.03172748646496927,-0.013481174826680027,-0.007982083128859556,0.024083736477666894,0.009646167792623688,1.0,0.01446688095829394,-0.03289216515799989,-0.05848917477691868,0.045414722996919316,-0.0620493899272842,0.019166230068519845,0.0634503875608569,0.009142769179854824,-0.04257489002787495,-0.00862888604040749,-0.01418922375130526,0.035257286296718766,0.02515510526381741,-0.043079686021136654,0.007860766248481815,-0.0359274232056092,-0.029956333511649166,0.03859570299446696,-0.01193232215262238,0.03679447323647343,0.004325488337723012,0.024665102505519128,7.200792700163606e-05,0.05408090482981116,-0.04279053403739001,-0.015179296294315664,-0.006344292165471124,0.03931445573427236,-0.010890235868450572,0.05862374720964605,-0.013266689553349274,0.03149400471009505,0.018771821960115186,0.006193689617176387,-0.0377185740459795,-0.012182979066625972,-0.006808639322229961,-0.02827940501717674,0.004230336061623519,0.0071057397207397325,-0.011989271819441198,0.0032738539884911723,-0.0201652705676081,-0.0032065853513853744,0.03798958219048818,-0.004652490794928444
68,-0.004950110383687867,0.043288957114724955,0.1096356897209916,0.019817534607836904,0.036770180727996434,-0.003684435678494833,-0.032504089800743104,0.019615922210615904,-0.01006626730845232,-0.04841030760174078,-0.03431792538888428,0.048863614580047864,0.0025792939505588012,0.04884564980749649,0.023272362098040573,0.003906305047892864,0.006140099406140767,-0.00682102424277795,-0.029950129065050447,0.005949989624472975,0.03877582824758769,0.0014556733140536145,-0.06610050626521746,-0.004681361912965242,-0.016576370713716964,-0.017492247931732704,-0.012814050614101112,0.03992621739281857,0.005544355752691288,0.012484980835360114,0.0019556424123555742,0.010384658577382104,-0.003990418371654513,0.002353135910946858,-0.00779671565585671,-0.012995339750131344,-0.0037838415958880325,-0.035847124860514556,0.014458231883829593,0.02447796791810714,-0.0023242056451580314,0.0102003999818129,0.0352004484281493,0.004047428456699147,-0.008828288147807319,0.010829541523598553,-0.00830310782665899,0.026227597646573904,0.023188569738124727,-0.011039908390812153,0.009145970127939775,-0.020247912280490957,-0.011544689094841038,-0.014988590023886328,0.04055804083143369,0.033835818274372376,-0.0034659163780106157,-0.009154249710306653,-0.009908356761048284,-0.024814662366812124,0.03453303405763116,0.002334182794425913,0.0007006634367761104,-0.004454119757293826,-0.0073910901424251085,0.012923055499759424,-0.029384606238593833,0.01446688095829394,1.0,0.013921547763942036,-0.010692129268286475,-0.0015196962274577608,0.0362608534224544,0.05326581634947033,-0.030516492400767432,-0.036184323225094704,0.03901442402616936,0.016703991276653174,0.055620117081030665,-0.0290850195407279,0.03498710288509694,-0.028764231582601836,0.008213652142287382,0.005312632948285074,-0.013234925141128449,0.02733336312370295,0.0014468100891214272,0.019568593057232606,-0.04351255094268421,0.026658015655791966,-0.02493202149848718,-0.016800179737748402,-0.015541359974609257,-0.021232271180168336,-0.015276663652311865,0.003431650237767982,0.005386824988527313,0.051231582082997384,-0.0005987132209109823,0.041465225795764345,0.008459495738333721,0.0033723524678683494,-0.018804285414771763,-0.019608932437036052,-0.011510226953563293,0.0007543117699419633,-0.04134430488816197,-0.0006252725282778368,-0.0001976978675241802,0.022988567438917994,3.0882678726686115e-05,-0.00795619349215388,0.004305587862731539,0.013669213490790881
69,0.05927111073401364,-0.0012352286331829933,-0.004457190980413784,0.11825358488621225,-0.03433314377477702,0.009024356233650515,-0.01619268731129595,-0.0044642652657261046,-0.005580230616456251,0.043411552547507996,0.037356587193953704,0.017118285083121937,0.011484359819443936,-0.021077006554025612,-0.023855538542476924,-0.0017261024953244824,-0.009582995471446547,-0.026044262484364093,0.01189918982805322,-0.024646759708228046,-0.018319366540954302,-0.0172901596797452,0.0024808509572868537,-0.001875468620797029,0.001263467939335599,-0.03983110213120033,-5.713805808780935e-05,0.007405254632139004,-0.009798849471309205,-0.04659478949109186,0.023846027965850516,-0.0011353512175810716,-0.009680141342850047,0.024545039779961326,-0.0056717316673388024,0.02257816765947233,-0.016117959407387777,0.023069139112331122,-0.002729253784045641,0.008042455704775088,0.0015322870637192875,-0.009254442234649104,-0.005349088403971633,-0.0025606091863366893,-0.025195490495734163,-0.019934786183046463,-0.006525144814622593,-0.03581640129006932,-0.019279057680625076,-0.026161923865540154,-0.023927988194509503,-0.05070361721925691,-0.03184024743454606,0.005623696274183968,0.00012789169265793813,0.007550442844171575,-0.004020969612083272,0.01399673562312536,-0.02672173795507542,0.009261494752889033,0.02202407587527626,0.01460581265602797,0.003472014602275273,-0.0032272451173321,0.015635350896084244,-0.0020040950120026125,0.03499826521250169,-0.0328921651579999,0.013921547763942036,1.0,-0.019587363138012688,-0.016990154932320114,0.017869866962778914,0.04350563167267028,0.008674475597984371,0.017337426948281963,0.0003959632487203154,-0.016517429825927094,0.02541337022151663,0.007790639814836096,-0.0014249869996320838,0.03307430675787039,-0.0023992910114851453,-0.022036044868698788,-0.017860644019008835,-0.006644157932351458,0.028711544795411107,-0.018823104247562856,-0.014656852464467135,-0.019023985326616286,0.010266742489385455,-0.008027160065392416,-0.024228268743594943,0.003469737643287125,-0.017916651884676754,0.021907045191610214,0.015644686223460755,-0.0062472503118127225,0.005301063614049741,0.03361189788038675,0.007757475926801649,0.018612576361587405,0.03264565920957197,0.02264434897214364,-0.0007171956485481731,0.04156985828960818,-0.00822272665284083,0.034117945830042365,-0.006811559183699968,-0.016989751917672838,-0.008605332832956506,-0.016378786780284853,-0.016784575714718006,0.050430006686366616
70,0.05560497118105713,0.04420562316351589,0.035106721004382675,0.03141228917790461,0.022009395471526503,-0.016232651903214965,-0.02749438425293157,-0.019567410232299763,-0.0014261774038806,0.02345517029054868,-0.06583640615705309,0.03197468945159645,-0.021037875400151968,-0.031623445889485506,-0.0016403364881129217,0.03331734173817322,-0.008764429005774297,0.022675199180850522,0.02539314255231243,0.049802173938703266,-0.03147395905452842,-0.03127116075727695,-0.0025266006860188727,-0.02719452713012745,0.007261759522317377,0.020409793222298207,0.020312336106250616,-0.030349116250410264,-0.0024689514998421903,-0.013331970095121742,0.0026374538562384704,-0.014193305116132973,-0.0107354656165733,-0.011772431076063827,-0.03975701160311108,0.022106053941501513,-0.013275902848014744,-0.00160355719923977,-0.021175593518828816,-0.023912235003843707,-0.006767180298631088,0.04395656269592575,-0.004991273937381375,-0.01759470150120515,-0.0028785161522960224,0.03903983958094806,-0.017448619913277737,-0.02589539323089612,-0.009432669144980744,-0.03145922171475689,-0.014054907490105724,0.009509498895170247,-0.015313960487457258,0.0073033754200423585,-0.004627462556664813,0.0093141311171615,-0.023464361693264733,0.0026984742000037004,-0.015098437582386047,0.01982367820586293,0.0023616049399280757,-0.018477569364085546,0.007612037157679919,-0.0005049067683272686,0.01916495700331176,-0.005723460264405275,-0.026665340307992825,-0.05848917477691868,-0.010692129268286475,-0.019587363138012688,1.0,-0.043114782441348254,-0.0010195263009333988,0.008121714813707041,0.020976935681352626,-0.03337616133062687,0.007098889385543174,-0.03009722650435841,0.02216527267211917,-0.031732798804968376,-0.0378263367263124,0.025170363921764964,-0.03554025034802782,-0.006725643448732694,0.02272633093458278,-0.029562235010834874,0.03416411691641657,-0.007231961598382501,-0.016629817799974505,-0.006604450859969315,-0.012852835112961888,-0.027642718841957223,-0.029879762839799567,0.005182490700417767,-0.040562702224952535,0.01202005199254431,-0.035868453223812574,0.0416082915833222,-0.006497731177697427,0.026582192904525088,0.013715485216452607,-0.00959379555746188,0.008996225782234865,-0.007470009358955241,-0.04048303005499056,-0.019829725579160285,0.020950193342287444,-0.017794660700342427,0.0157522853728954,0.014533139636610659,0.01108524989428797,-0.01648403788703177,0.0009200257964377032,0.03659216382989206
71,-0.10474385656249129,-0.09540234382646588,-0.03219856252980224,0.044108925854651704,-0.06414740644008252,-0.04860717119268594,-0.018267129289156952,-0.005229755969083675,0.05420791555934863,0.014208200690791883,0.038805155850789856,-0.07081873759496453,-0.04473396789121463,-0.02840773796268174,-0.0012079211324532058,0.0026314830630689936,-0.02783375616545967,-0.0022705458344003033,-0.004952592244721749,0.008541258768997398,0.015935485774630578,0.03610155002766193,-0.005385087059558315,-0.0303891069242983,0.007587248879472622,0.031586361280874775,-0.0071515205905406274,0.008112721537388628,-0.02487612612117755,0.01705641685964202,-0.026755976772072386,-0.03904594349637877,0.04653917258409497,-0.005941860887233923,0.0034417729943256956,-0.009848158419434892,-0.025385101634250985,-0.01828486033964774,0.021385763001888835,0.01220015281699028,-0.028185402189279108,0.02779945894241047,0.003685458437801531,-0.014693874685509135,0.012164793869785827,-0.035401401945204844,-0.008453018495484863,-0.03043793659340297,-0.026770939160204253,0.0068596974366457834,0.013412096563395122,0.06994600307995161,0.03833900410906901,-0.027123541611627628,0.013367012526352506,-0.013814684139288665,-0.008978351907512375,-0.00806581471986171,-0.0005483934881896829,-0.00410140751315597,0.04701302349639951,-0.0055441626528316655,-0.010257978310008435,-0.04045722258531273,0.08230268161932719,-0.06825126430542723,0.029821900524053355,0.04541472299691932,-0.001519696227457761,-0.016990154932320114,-0.043114782441348254,1.0,0.04040960476619862,0.015437256759015191,-0.026319412332844114,-0.07050790531920383,0.05076307751950597,0.02525153574738461,-0.0018847112626961897,-0.012427045524163276,-0.053150070928787846,-0.030072486653287524,0.036637558700391204,-0.013947879294559158,-0.004129417104441938,-0.04077391052469051,-0.021523688752577298,0.03779291508328653,0.008199524930697871,0.007027279521138733,-0.011114213325141559,-0.03178065467905324,-0.027431793599640125,-0.0024862697718606337,0.010258306485963356,0.05590133091207471,0.006230465058441687,0.044427810479456833,0.013352014220925188,0.02055123013955164,0.022606266803223283,-0.006055401080499998,-0.02370791602965664,0.017423401418958807,-0.005965372492611908,-0.028628132039646325,0.0028531881046408337,0.02658000130257647,-0.0010255111433949712,-0.01789595705772429,-0.005551346309468829,-0.0011936248494460334,0.020668028945539325,-0.15810386858924452
72,0.02667766211557049,-0.002560534796390004,0.05230376149982299,0.035949622643015114,0.010153782704567635,0.045139531216273614,0.022719732287375626,0.04147425709525483,-0.03721989613743806,-0.051105269492294485,-0.015953115132775506,-0.004310824904640929,0.05536628099076896,-0.025737173431759477,-0.011798208790541921,0.0252797991592538,-0.044022662511158474,0.003925419161412097,0.01891848950531166,-0.006097005141753204,-0.028567019326815175,-0.012416172795033877,0.04881143348614452,0.033781019891150475,-0.004067841425896742,0.01986783303758798,0.03784245781519229,-0.020248235429416072,0.028889405192048394,0.01827341907362808,0.010245571589620129,0.0006906064909856796,0.0062672938868577254,0.011878785395135908,-0.0305279297594574,0.031311384873395236,0.007074896258372469,-0.0031665528414459047,-0.021600997823766975,-0.003908106700495582,0.012332218637189765,-0.0045310997727306904,-0.015562581198369781,-0.020113082092441968,0.008192260870940323,0.002596383096134983,0.0015053629243556613,0.0006018540942654655,-3.2002045198178906e-06,-0.025745626026247335,-0.005345628925459255,0.017349630174339013,0.00263312703955694,0.015228523151480626,-0.014240243617055797,-0.0365710436193131,0.0019385339140507757,-0.013259580095822348,-0.006949010444941535,-0.01993260288406588,-0.006872631520947845,0.013852285816554205,0.011763241660005776,-0.0675842228655685,0.04423722678437731,-0.008929333674461136,0.03753223080579879,-0.0620493899272842,0.0362608534224544,0.017869866962778914,-0.0010195263009333988,0.04040960476619862,1.0,0.00836681863127898,0.02409034249334352,-0.024525559958925216,0.01705454131855052,-0.03076843872395577,0.0460875325885995,-0.00035793197249973365,-0.012556056811546711,0.03203667612665414,-0.026665299454894452,0.021213190401667133,0.021160489520842048,-0.031084718816426618,-4.827631194664684e-05,-0.02745520588233168,-0.03417349835713588,0.059768448500787365,0.05492059990588253,-0.02492823217252896,-0.010119217440149465,-0.012236414045420476,-0.019083280596016758,-0.010154160590991947,0.018159814973528917,-0.028449392547521914,-0.006608036889132103,0.014354670482058665,-0.02793246075994852,0.0321693442639313,0.025515866877714944,0.0026260131654461906,0.005014131045225303,0.059929235663480095,0.005078046411472464,-0.008002382313477614,-0.0025903394291925067,-0.02104194017447573,0.028950287067125893,0.02358393780249978,0.0014975521300926097,-0.006973539878047783
73,-0.03733969361812398,-0.03137611777601488,-0.03452553867798057,0.08797671142602048,-0.047281255048134505,-0.017435585495679813,0.015186251548875252,0.0007488247051007385,0.03961240924869436,-0.014205706267478654,-0.041301326768803416,-0.05275247146049219,-0.050320849861974326,-0.043562229006783346,-0.0028301910800340355,-0.02216167192532342,0.05570785741792108,0.0089054951215877,0.001403538496377287,0.010522235250117173,-0.02087139506625779,-0.010091400291661572,-0.04257299391322316,0.07164092207202895,-0.01988848141940764,0.041124310349487145,-0.018000351049349494,0.018354844977142105,-0.01282701477491138,0.018141578189391397,-0.023064146841828687,-0.012823047612033985,0.04510926454672068,0.0002674979928511031,-0.003991431861679832,0.03901379541494684,-0.03583673189705044,-0.016907106054849533,0.023542805616073772,-0.02188718716859419,-0.019409522491022516,0.006243289611085055,-0.045928129551263824,0.011553928813361895,-0.011705778146660233,0.04143283712343812,-0.02484468214077363,-0.045042406511775136,0.02480628922471806,0.009110468964018615,-0.012097520326141246,0.012658800686657992,0.062129957494305166,-0.024789142262388306,0.017726793552517304,-0.050853574782053636,-0.0030496117334677464,-0.003637997278084324,0.006039660090883369,0.033250494363963275,-0.012328757672831696,-0.02119008736737355,0.01595846816375521,-0.03715766616942051,0.016939781286008072,0.01547696641669725,-0.04359461438269767,0.01916623006851985,0.05326581634947033,0.04350563167267028,0.00812171481370704,0.015437256759015191,0.008366818631278982,0.9999999999999999,0.028817667570459143,-0.007628432881192181,-0.0034032207413865426,-0.01990667012763782,-0.03576435105996156,0.03823729780508757,0.04796533242329787,-0.04158990993019723,0.0378676392315421,-0.005856968050636363,-0.022205735145505136,-0.03188232523162385,-0.04519314910570675,0.009715368229124376,0.005835977179291404,0.040661943554383635,0.00619143174637476,0.011903339314465545,-0.020868172792002877,-0.006941788144818886,0.018065570427873125,-0.02751709356499714,0.011988017533222066,0.006183057608386638,0.009378306357260814,-0.035782871207879666,0.0009523656906607308,0.01995907904686408,0.015914340041151494,-0.018280196982423058,0.00781925970584777,-0.0042283655361512705,-0.017368907813287322,-0.00013421716677294954,0.0003963766065673377,-0.00036985522336954523,0.021554108336338997,-0.02047273063562517,0.007697946187275413,0.018902398414515877
74,-0.01895299270827617,-0.05014972250982419,-0.044486420305379325,-0.03982782355543251,0.02632607168250035,0.006182747582909116,-0.012958482643278452,-0.05212633952785371,0.017170267963942037,-0.009107715522371109,-0.049967598935860856,-0.03874554716515728,0.024156962082005493,-0.08045394076157673,0.02283252213023457,0.014284712757433716,0.0273573575757927,0.011902305364013967,-0.001743379844901073,-0.03217537036393354,0.018044440983693042,-0.00035827833904327,0.0008421159932989837,-0.005706114439252896,0.05465517358475127,0.012909735503256782,-0.021030143317347087,0.01361894231495498,-0.01977379064906816,0.022856242697007607,0.0033603451242547816,0.013413450640716964,0.02191725317956316,0.0007385642879339593,-0.00026458922544901094,0.003906784751201646,0.02754588452201265,-0.004131476569304949,-0.03730995120822467,0.003127719593668674,0.0016591076333266816,0.01529478580678379,0.011456159263295403,-0.024628192108114122,0.03548810817176632,-0.018089644358030357,-0.025534741928345712,0.023858691856841616,0.01783604655729075,-0.022365138632808885,0.009468327383347712,0.020830962756953942,0.006503820283786789,-0.04114435709067811,0.020378586164107704,0.032915412617369105,-0.03208643077736378,0.01681569095388724,-0.002357079447577257,0.01752277712669703,0.014705613735230409,-0.0031462298849566158,0.026885775086273035,-0.022502491125885538,0.007371773406812217,-0.013746558372715937,-0.010631708583554278,0.0634503875608569,-0.030516492400767432,0.008674475597984373,0.020976935681352626,-0.02631941233284411,0.024090342493343516,0.028817667570459147,1.0,-0.003968056846389307,-0.023868473355664915,-0.044217199933608745,-0.04457737353117295,0.04423487820743831,0.020315550265638537,0.04494104484109335,0.029502043404495505,-0.012514238702425884,0.01175877841176844,-0.04893680005551661,0.01663456578244119,-0.005707223949843301,0.010642904301554495,0.057196439291610085,0.010603276853007668,0.023505599377118998,-0.027436168457015932,0.018652413723297935,-0.009091483717180833,-0.009073126575852781,-0.032160981615331305,-0.007577924538531578,-0.0041126499407741005,-0.006122959324959785,0.006199460130781459,0.01673537453719502,-0.02203267598914148,-0.01740679383230999,-0.007564989039311298,0.018770160277505426,0.0014646688197457237,-0.002499836993125638,0.003010914167603273,0.0012607575383399743,-0.006557984571189813,0.02275469150158283,0.032183817890161934,-0.02617323381944366
75,-0.043043341698621874,-0.015599128929897685,-0.03549503587191377,0.007560410031378206,-0.04130791163101166,-0.0017551019486310125,0.005946035688317666,-0.009850972794090697,0.05428928956651348,-0.02546425321350236,-0.016033754614974874,-0.025459416636539698,0.01002986237361081,0.03930812830627469,-0.0023893821408789086,-0.04671871615455044,-0.003148501168556234,0.011654654170080365,0.016618452186226044,0.0017056159170929725,-0.0305278988200717,-0.012061117536292913,-0.02178140074604362,0.025929125705186816,-0.008804217646677963,-0.002560231918275963,-0.01807429552592041,0.050031033492400866,-0.028466355783551323,0.014805903021192904,-0.033083188962265885,-0.004699389623448563,0.022072190491399166,0.004482814178706971,0.010241467919481958,-0.02350376260923646,-0.018489926985104033,0.021505179063569337,-0.019907410836816436,0.03155546248674668,0.021473839145379862,0.03023529775740484,-0.009583728449152588,-0.00821380683045749,0.05030183142900809,0.011972250385486462,-0.014805383544344295,-0.01018102398237192,-0.03164877465406974,-0.009918991075883376,-0.005460230793170582,-0.02202347786323793,0.01935414735455822,0.010141934819489735,0.019522262817035962,0.002411588304986643,0.03660471677970805,0.007177790391854891,-0.011186640542443761,-0.008029061075499451,0.03038081985317724,0.0030580617473612375,0.05346980860527937,0.01767938338559135,0.005361599273671581,9.15498608883353e-05,-0.02412554891148358,0.009142769179854824,-0.036184323225094704,0.017337426948281963,-0.03337616133062687,-0.07050790531920383,-0.024525559958925212,-0.00762843288119218,-0.003968056846389307,0.9999999999999999,-0.0011605829277451225,0.00028792905057716694,-0.02529177362781873,-0.04759213985465134,-0.04015332954695557,-0.02094411897404709,-0.013713183770021013,-0.035743808859525605,-0.010449618092801123,0.015468150437185933,-0.003031350414198907,-0.019588101000340984,0.007930910606870744,-0.010866251349862206,0.03513061858491109,0.0031678726300169,0.027306997206160935,-0.01843453756939631,0.05266265331736626,-0.03718718975150118,0.07388852422525916,-0.04106493737055872,0.04148779507879331,-0.05486669855167343,-0.019603772931132604,0.024925944120542973,0.0150185771238225,-0.0011817301965551966,-0.010519356092244268,-0.02505856833309289,0.033698206885787035,-0.010955850504456133,0.0121724353166144,-0.0051200154266218744,-0.017692542352887412,0.013755787274696528,-0.00873251308226568,0.02276777056872337
76,0.028224557372802068,0.0025121127996814443,0.06312908663576482,0.09120847292414468,-0.008234262206314572,-0.0010162683881655996,0.03797692085296557,-0.03541133130442571,0.051971129662370864,-0.024584891274878583,0.0334771369138035,-0.004685021897646993,-0.006310888466625783,0.08234857135365883,-0.01227746661262615,-0.03560004741507423,-0.0008601934689952904,0.04122195995157529,0.01605580367147625,0.03738291678745008,0.01699411615348515,0.007969041155713664,0.022058212778358427,-0.01925540086074602,-0.022036560092079015,0.0025675826909000877,-0.028099128368131228,-0.022041320897112984,0.01868645213410588,-0.03954351323636025,-0.0041716334087731205,0.027099381886246537,0.002589052846987787,-0.031344417330320166,-0.005358746105276807,-0.030495996634736705,-0.0014618847682149677,0.0007609546227955915,-0.02161984975615411,0.032176463858827345,0.005899066008979349,0.009375645417312378,0.017657035892804023,-0.03634221391122188,0.04326509683121682,-0.0019235628349839047,-0.024586578698698663,-0.018363932652380587,-0.015005129540504007,0.015870840553732127,-0.001788550242050695,-0.0067623948752928,-0.028505553132124307,-0.00400981751606588,0.002744712637803058,0.01767803383206488,-0.013457419922777361,-0.0005622647193561001,-0.0032816781357464095,-0.016318638327187128,-0.0015876102731367306,0.016224423411363088,-0.0309658733404126,-0.01672063220481934,-0.00457188081045065,-0.030315666135176843,-0.004049728843717686,-0.04257489002787495,0.03901442402616936,0.00039596324872031544,0.007098889385543174,0.05076307751950597,0.01705454131855052,-0.0034032207413865426,-0.02386847335566492,-0.0011605829277451225,1.0,0.013644021331444283,0.001806952013896249,0.0228120182729767,0.009822658173046414,-0.0008692637410822715,-0.020349173497836586,-0.021429720496797436,-0.024791535530645507,-0.01982653519224931,-0.020469295044905973,0.024787580060310448,-0.005260140950479188,0.0323167554472486,0.005468572305198559,-0.01832989333999961,-0.009961660870694508,-0.02034693215958152,0.010724462173873836,0.026441800020430006,0.022037348134941282,0.02908861091540943,0.010118174414906523,0.031416554134090585,0.017688403360125296,-0.014287777627180073,-0.005384769423337906,0.0029017063939879607,-0.01816976482565502,-0.019206130970040456,-0.013398217479739395,-0.01072777839844392,0.016525368868409218,0.04321753747004203,0.029399341567038908,0.013451571205534429,0.012460757696142742,-0.005643106975177786
77,-0.016060971467044504,-0.0005477820505975784,-0.03946906051771699,0.019188286978844508,0.01710742240209501,0.006901490201739786,0.017545470193561466,-0.004512569087335752,-0.022510417034769047,-0.047778057463465445,-0.03380268934478428,-0.010820961183838884,-0.019096719925368773,-0.04446034753285976,0.0053882031575251815,-0.010595368055630444,-0.015940817337549394,-0.020436424036709748,-0.023861046556288193,-0.01734657957295378,-0.03247677314463588,0.013561974926637545,-0.03348049748501477,-0.0063642799344151854,0.0007351038391638435,0.007117093690942078,0.03853635787576666,-0.019701347341830443,-0.008593504941170733,0.017689732325045636,0.013200664589888122,-0.04273864523370126,-0.0003177592869498572,-0.004868461857168773,-0.009436081105307092,0.008284417714759403,0.03923335173911312,0.0014088834975895764,-0.024114382456174425,-0.02887652215845687,0.017574439176137203,-0.023163367701272104,0.033499405072724316,0.0021564654025674765,0.013475047679930071,0.014777770195074043,-0.01139555174383385,0.0077999426930096035,-0.007108435999383791,-0.022618525431629746,-0.034961275129827746,-0.007820996007050642,0.0050678237419352805,-0.023281928025177846,0.03134211141084474,0.013046919987907813,-0.011003849115814675,0.011602688086508708,0.016857803702676488,-0.008122254003239765,0.010245886204236151,0.01698645568966566,-0.026557545834751537,0.007734881081639506,-0.024266289057787955,-0.00782661734752158,0.01787674486792948,-0.00862888604040749,0.016703991276653174,-0.016517429825927094,-0.03009722650435841,0.025251535747384615,-0.03076843872395577,-0.019906670127637815,-0.04421719993360875,0.000287929050577167,0.013644021331444283,1.0,-0.055849546236193516,0.01325738644755946,0.000966259456490877,-0.016988089907703882,-0.008790455769568191,0.014298604858288185,-0.0156790333678271,0.027212753201563137,-0.0535174005848971,0.035676844732409674,0.022119513072060466,-0.01226768980768357,0.03013387017326017,0.00827936692572601,0.011231919105722292,-0.05304530110623552,0.05650007339847524,0.0013911189754134867,0.035161423041057835,0.004464217644949566,-0.019943352760719162,-0.011178805117205126,-0.00011070887443818592,-0.002472418065426521,-0.031678714157031294,-0.011353157149546007,0.016314465141013704,-0.008450161133027547,0.025138973761628252,0.002231697452223453,-0.0004957800504219259,-0.016431349094541324,0.00021795450618281397,0.012372974311445744,0.036736418337567515,-0.028712742665660113
78,0.007106733861464214,0.05374424406563243,-0.1253276331432786,-0.025800468602224187,-0.06768204735772441,-0.03377818950153106,0.02128201769088431,0.00229762312211524,0.035601835843773605,-0.032235861868693996,-0.03621524270437268,0.007432797227304056,0.008416824323627472,-0.06572052992196893,-0.01071369137124185,-0.02719116898280289,0.022513899218600978,0.02204258599728605,-0.021440051703433757,-0.01022737297137938,-0.0018118465894320865,0.008263963117512521,-0.025560914873293282,0.008042901048787715,-0.0018124158310511011,0.009473007827254389,-0.0575328019132932,0.034143443261675344,-0.06400078063056111,-0.0008603705667082821,-0.04200649608470735,-0.00264694332480901,0.0272013225398157,-0.020330003859782956,0.018359299517424352,-0.02679168444050064,0.006442267916643529,0.007373610453315687,-0.0179006508130855,-0.013516725702774629,-0.023589709038006796,-0.018915015791893978,-0.012726092580230774,-0.017292138932593452,0.028118332237192425,-0.012106283066129896,-0.010355433283391627,0.009604182819175487,0.0094202638874559,0.00849148943012792,-0.003772339496956545,0.009511637674730131,-0.007894223798262788,0.031535423144436685,-0.022029909091829798,0.03850785188563032,-0.018356105256159404,0.005156477466333211,0.029055315038459848,-0.003943975472867587,0.00732856083447217,-0.027047023383062637,0.012418042785296896,0.018387870055002427,-0.020894439256117017,0.028603373275503025,0.02084714623858882,-0.01418922375130526,0.05562011708103067,0.025413370221516633,0.02216527267211917,-0.0018847112626961897,0.0460875325885995,-0.03576435105996156,-0.04457737353117295,-0.025291773627818735,0.0018069520138962493,-0.05584954623619351,1.0,-0.05848834233962239,0.004216804982899704,0.013996992662823152,0.006034400765868529,-0.003933913491624108,0.011294069260175395,-0.010901974004505334,0.018445850713556103,-0.042386354235946125,-0.01576928750500954,-0.019143420317519054,0.010407509896187923,-0.011130262629282163,0.05991989004579916,0.014864070468974165,0.009952144757887254,-0.042841016527883705,0.08252246714509583,-0.03134935546604574,0.01784553008521043,-0.05406988542014622,0.005735646041630149,-0.013529628731527672,-0.0071648579117830555,-0.005453621024629905,-0.010369039998271639,-0.010168855989114493,-0.0026073652124733514,-0.0042474822791395105,-0.021312596748400404,-0.04452005439756395,0.0009720859579632411,-0.014050433843061597,-0.009940876920268496,-0.005387070303093139
79,-0.06078809293743991,-0.06644212802772825,-0.016222000646814876,-0.016277770097285454,-0.024392939911716302,0.005164706930263086,-0.002576071608425837,0.032970301560822014,-0.016853852989135932,-0.012078325552638606,-0.03841396607720798,0.01165077786656421,-0.037306997242404605,0.02540113052084364,-0.002234580726477685,0.028360186297033248,0.007029654747378367,-0.004974962198114618,0.025352170266639853,0.036176187404960876,0.011632588569693184,-0.006553190352457145,0.027304883617312595,0.015963761138138983,-0.04234098896362641,-0.02137873088381088,0.0024635759661895008,-0.004808313983590234,0.0022382214865798193,0.009061991378849398,-0.054670647402142364,0.026583729193771343,0.01247544079272389,-0.006038970794770434,0.02965022442416039,0.014507415805435762,-0.008936659111594534,0.0028698577986297075,0.012924652633970427,0.016284464887589473,-0.0029932180212716114,-0.00901436724748825,0.009677119975990167,0.0014700546919110588,0.037484272214422826,0.016902178724011833,0.001160284731998518,-0.007036780782038767,0.001817174650737246,0.01690953788554768,0.004316499947760292,-0.0008659775992900339,-0.015445214991205814,0.025098691557905273,0.016896634417749575,-0.01603380766958662,0.03312791528934353,-0.03811732253216217,0.04680694228552949,-0.014506921262857532,-0.0023594470465352953,-0.006256877833658373,0.03252191043835583,-0.007841944298220568,-0.001170330228303447,-0.0098820233907663,0.011027951440027682,0.03525728629671877,-0.0290850195407279,0.007790639814836096,-0.031732798804968376,-0.012427045524163276,-0.0003579319724997337,0.03823729780508757,0.04423487820743831,-0.04759213985465134,0.022812018272976704,0.013257386447559461,-0.05848834233962239,1.0,0.05120453169276179,0.02910367888810977,0.04193615304025912,0.013891268147147666,0.011595845424753372,-0.024454278376454648,0.0013245395709303989,-0.021716060612585384,0.012307728503514852,0.034219774014240034,0.0498532229306646,1.492673282000103e-05,0.01080945680707311,-0.0012877451341318387,-0.01512516607385596,-0.01150418156369373,0.005011279635452347,-0.009273277498974263,-0.05090249690936842,-0.028223976305547453,-0.05004480487652268,0.003556641445302855,0.01604397919101505,-0.009203459671811657,0.0012722124707921336,0.03291235579890954,-0.00610718645046188,-0.024471760858607406,-0.009998175876418365,-0.013931968636775859,0.02187691356546843,0.0018824558281850638,-0.005555472343150849,-0.12410076272152959
80,0.057004814016369795,0.02192696139940515,0.02474875063999186,-0.0015201771789978883,0.007492605831823368,0.056652813223267755,-0.010632604090250184,-0.08729778127341127,0.07957739666821334,0.04983314006876641,0.019153745240949215,-0.0014836342377548824,0.05013017372604334,-0.10126488126781927,0.04114275426633586,-0.07878330094706767,-0.038886727739165995,-0.0182305104074003,0.06026739175449282,-0.02464657382279585,-0.019308841960374933,0.032097316500375526,-0.02579790641046538,-0.001639959202868518,0.027435380563757845,0.021214167832083564,0.007938274909939824,-0.01476412819091955,0.024645865235158212,-0.03827094057045669,-0.02102649651805779,-0.03692224197157566,0.014390538361638597,-0.014715922830691716,-0.007303482258923076,-0.02744248073480208,-0.01788029536919182,-0.003227505659361716,0.008002161714223016,0.019260158247477892,0.021832080572520632,0.0020758708476979206,-0.0009957786446851467,-0.004607554444399959,-0.018320372826571344,0.020564120246131537,0.025981349680569928,0.02256108465842741,-0.005011297203471202,-0.017036538902584497,0.0209022637020899,-0.01981679368684727,0.020750368868255875,-0.001395887549581767,-0.004561821597716595,0.005885304972419858,-0.03714096578290454,0.004893410107011148,0.020145663624918618,0.014428011271070441,-0.004431191943876395,-0.00494488716420361,0.003975361589197838,-0.015374858573046992,0.01115564422845541,-0.004593075266484241,0.037611116325818865,0.025155105263817413,0.03498710288509694,-0.0014249869996320838,-0.0378263367263124,-0.053150070928787846,-0.012556056811546711,0.04796533242329787,0.02031555026563854,-0.04015332954695557,0.009822658173046414,0.000966259456490877,0.004216804982899704,0.0512045316927618,1.0,-0.017758361422658145,0.010123300747371047,0.026040374348417602,-0.0098033356430595,0.02136494511256899,-0.07066413598985052,-0.028864225525265512,-0.025504925999091373,-0.04861641692075234,-0.0452740576928959,0.009742315343860697,0.0187403536223415,-0.024486695224407332,-0.042504478077113016,0.028195438040549803,-0.006346992329882866,-0.01384940075660531,0.006232529439411346,0.007153288791165679,0.004024078123493028,0.03174636721935067,0.04432391587595753,0.02034213049864907,-0.017518859575670797,0.016551108710545923,0.011456838180646163,0.023834590879305007,-0.00882878206806799,-0.0005243380256659242,0.012300856070767079,0.0071562265773285555,0.00970792137270875,-0.03967034575041777
81,-0.09209937011687871,0.019393107520609486,0.00785602591967894,-0.025531369859926666,0.026490630612025553,-0.03953282378811482,-0.05496545374112546,-0.03455823922761084,0.033488343438483274,-0.019370523644389646,-0.024266206888324864,0.018255677044536123,-0.020633842921472835,-0.021199879485105003,-0.031071120131359545,-9.982159791660632e-06,-0.002786721471620495,0.008590832715272868,0.024470861503762157,0.01901822519799411,-0.007940740463207847,0.013279143776975434,-0.04779560467518879,-0.007188694093987894,0.006341055917055038,0.036152660399841725,-0.010817602315518152,0.022292370909754004,-0.01346256714876374,-0.002730583130572632,-0.01795877083455319,0.03996828435976659,0.0022339414451727547,-0.024517844263413833,0.002453604263357774,-0.04721378233020698,0.008217805144766076,-0.0017836754868631006,-0.00418526546030197,-0.006162661858031143,0.052018497901648156,-0.00646478762632678,-0.011933531407281478,0.022473094426778455,0.012635728755838177,-0.03223481819080642,-0.026261942063952753,0.006361134151534714,0.0015601531317451676,0.007102164384364098,0.016683312236970213,-0.01992092884931389,-0.028938494925024427,-0.009486400079877395,-0.033609168249919344,-0.001435656553808899,0.023418570422893,0.001450091671807844,-0.020704471510915815,-0.022766591833877168,0.023087066626139435,-0.031115935848918724,0.02804446741373175,0.039668789317227074,-0.013980045183559695,0.03372912263099968,0.006596305057819757,-0.043079686021136654,-0.028764231582601833,0.03307430675787038,0.025170363921764964,-0.030072486653287524,0.032036676126654146,-0.04158990993019723,0.04494104484109335,-0.02094411897404709,-0.0008692637410822714,-0.01698808990770388,0.013996992662823154,0.02910367888810977,-0.017758361422658145,1.0,-0.05253867618219911,-0.01676838173752923,-0.02431040478348509,-0.042556955440006185,0.051376528270533524,0.0049120254896947236,0.02128697363111385,-0.004165145984830764,0.05460885900777398,-0.004709120581223324,-0.02190982632977877,-0.004283157207165201,-0.019569712259603567,0.02187334942032827,-0.016276117759659696,0.04328712351904815,-0.028256553600638452,0.010613298458711565,0.052290040047825066,-0.05791788851234383,-0.052068849412460885,-0.03172235392458443,-0.0505079875211045,-0.008122815975451787,0.016675694844373104,-0.00835270437027344,-0.009788943757640793,-0.02798202588444307,-0.023918724153278236,0.0098812147354264,-0.014030641071258712,-0.0343708987049183
82,0.03949591200496037,0.008785844431363715,0.014677926856261781,0.060882192273176046,0.0011229781710874172,-0.03798830803231801,0.002390529848352758,-0.008486467177001317,0.04070133848435521,-0.01676710596624004,0.04091698777826335,-0.032603752876712196,0.015183806013332262,0.004067742027309159,0.04087923426318379,-0.021231015448442355,0.007728017371874541,0.03304121967780302,0.02380758224328979,0.006043941826831581,-0.0065155638573939694,-0.007416010022930433,-0.03047786650749796,-0.014842546726499189,-0.017468933738288357,-0.007563674588459189,-0.004773852288192929,-0.008709939313296507,-0.014260590888751154,-0.027246064983631427,0.03964127109205586,0.004305119322480984,-0.02759244575825973,-0.001491255832810213,-0.029649259986437835,0.01107672155041578,-0.01366569932538408,0.026206206069118707,-0.031347760813993576,-0.033973449930618675,-0.0026691384745840484,0.02616647508302627,0.0068532789110471734,0.0018174159607779398,0.008372184141193815,-0.01204564221862981,0.0037004184427551472,-0.03397213826283949,-0.009314920228686498,-0.0027055043208722637,0.02662010703349644,-0.016692003636183898,0.013516271121454032,-0.0020486420241192503,0.021770098429915966,0.013199299163625762,-0.031906535217026355,-0.0098831608328211,-0.020277071150609595,-0.0027812282450951666,-0.013196651680574682,0.003329366894727839,-0.02373012346367888,0.009849574167711038,-0.0017783612241228034,-0.017589522794608146,-0.005567845988209142,0.007860766248481817,0.008213652142287383,-0.0023992910114851453,-0.03554025034802781,0.03663755870039121,-0.026665299454894455,0.0378676392315421,0.0295020434044955,-0.01371318377002101,-0.020349173497836586,-0.008790455769568191,0.006034400765868529,0.04193615304025912,0.010123300747371047,-0.0525386761821991,1.0,-0.05162600770775616,-0.014180275002275328,-0.03030770665787017,0.0011010991589611514,-0.018129694363753224,0.08498089824915989,-0.041450104703644415,-0.025431224770362307,0.0015089558628187496,0.04352409690224447,0.00779349000907484,0.04041227062720751,-0.009815686728116283,0.061874354428098376,0.021067262373115823,0.025808448540969062,0.04240274159647784,0.025710639976447236,-0.023935337597323657,0.0033816197264301333,0.01629551651871745,0.001985813060360067,-0.008622998145914456,0.0036970438889222337,0.007268536042209087,0.01114595824904222,0.017635090456717073,0.005977054845779656,0.028591163134872383,-0.015111063892548314,-0.039281076988222544
83,-0.014138565139416056,0.027734849230422493,-0.04013540219044926,0.0016924868274788166,-0.048606662807731765,0.025101543295567515,-0.0055022011564343975,0.041123986840287584,-0.024018091062266423,-0.004480865377546711,0.0171793663292755,-0.0362679027244428,-0.0001197964304145543,0.0038179182393781055,-0.0031959282907411744,-0.020920703744293664,0.024529876989106577,-0.026908244501669464,0.023657792297873573,0.00711685794515407,0.012648445331211487,0.02104154414200057,-0.04387952951271151,-0.01608096835240857,0.003122624484003994,-0.012064764030748848,-0.018005100653427822,0.028168023649267022,0.002218510475624267,0.0011521584938293365,-0.0034000060811782916,0.039245051282145796,0.02703517978376102,0.017994439365285254,0.02087465203804571,-0.0008679153726506403,-0.013857334284935593,-0.007712968939437314,-0.01993111296069872,0.03844775693318452,0.018881339799755884,0.026050124667163208,0.014505131256051082,0.003085088527075028,0.02204963234232489,-0.030169755680303896,0.0025738858428620767,-0.022839446273704624,0.013842585456320914,0.01679153441379088,0.014953174690275703,0.03396031363768471,-0.017615229096714344,0.01851035899876816,-0.008517674073219055,-0.012638470223723677,0.014874467570005209,0.011668678451895977,-0.0312763535468195,0.017392378308749123,-0.0079296938183637,0.04316439611309622,-0.0017835564298581458,0.005242504987102801,0.0211926316101353,-0.0001838022651927568,0.022804746162701353,-0.03592742320560921,0.005312632948285074,-0.022036044868698788,-0.006725643448732694,-0.01394787929455916,0.02121319040166713,-0.005856968050636364,-0.012514238702425884,-0.035743808859525605,-0.021429720496797436,0.014298604858288187,-0.003933913491624108,0.013891268147147666,0.026040374348417602,-0.01676838173752923,-0.05162600770775617,0.9999999999999999,-0.01701731556156717,0.0158273836081972,0.009477062113885458,0.02056756338720567,-0.03623062415513669,0.006779889486175251,0.03685844654929817,-0.03597971553900978,0.0008726833224751763,-0.0031911451303074548,-0.028953580287361773,0.035740153424615985,0.018264445501423792,0.02592818581151211,-0.013391935729061407,0.022662671337656513,-0.04076133836531583,-0.004898672643312974,0.021833559958528807,0.025666781798625072,-0.014553575205267438,0.010171810378172256,0.017649631984446076,0.01301362406832556,0.004184050166379094,0.009125816134737334,-0.018072765397784143,-0.0034338935373787053,-0.015588079138299243,-0.0879077729927425
84,-0.03481926748946687,0.008498731354282207,-0.035464113141445215,0.011340176052887787,-0.012542969640033551,-0.0762136728087865,0.0005133701961817431,0.019427983657128632,-0.005784155104745413,-0.002679749036189178,0.03611831735019945,0.000731204630438267,-0.0029634263274298826,-0.049495529073993606,0.012649501314221245,0.0004191899239802898,-0.019639317148655903,0.011812657827528276,-0.0062286944548036955,0.027176820297916546,0.01439645481776632,-0.010230016172175675,-0.02065268375247569,0.005056500789224614,-0.002097262533980707,0.0010617508835995704,-0.010380760426064653,0.01442604885546636,0.0005719104511698508,0.007951594469647728,0.03431749571061043,0.01651936964992466,-0.004578862532395649,-0.011493373623066535,-0.0093522420898708,-0.023077196413053155,-0.0010328135990581087,-0.0003628617045646875,-0.024009852846971904,-0.005921506580917706,-0.005323979868268053,-0.013348567109516579,-0.012506118884113715,0.0025080301254307553,-0.0028896088365086285,-0.021905917559511667,-0.0157993296011374,-0.003684149713437133,-0.009316848553281838,0.005256288236014611,0.002505666621161352,0.0025833964506142486,0.007161366232415787,-0.04302632333972998,0.01377759133804839,0.03400304836605074,-0.0215094102886291,-0.023247516654275165,-0.010272056475941635,0.009920026809812755,0.012554589697811406,-0.039570626033567646,-0.013247539054018733,0.062470798761466224,0.010366754076663163,-0.005759635154887794,0.00633015832129073,-0.029956333511649166,-0.013234925141128449,-0.01786064401900883,0.02272633093458278,-0.004129417104441938,0.021160489520842048,-0.022205735145505136,0.01175877841176844,-0.010449618092801125,-0.024791535530645507,-0.015679033367827097,0.011294069260175395,0.011595845424753374,-0.009803335643059498,-0.02431040478348509,-0.014180275002275328,-0.01701731556156717,0.9999999999999999,-0.006450220948521117,0.01577882679174558,0.010608665033900932,0.022445923353970897,-0.07021297100670147,-0.014345381607478908,-0.032481553078305116,0.01066461301602773,0.038236957878924255,0.020977308131901094,0.017318853561523257,-0.00543585401845102,0.047967572525070584,-0.0198185789391488,0.04675471506138691,0.0028627512652201897,-0.04640601909107375,-0.03414676294128529,0.001833214787413853,-0.02065459616974751,-0.026702525683419725,0.0017908872805246763,-0.003572824016358057,-0.0038107923751775925,0.0002268512298759679,-0.019969904069541525,-0.003181889891648735,0.006381990403405027,-0.036540569523921596
85,-0.0910202744333333,-0.01650433093046407,-0.013367574369210497,0.056939055265094525,-0.034045724432469913,-0.012017973764295684,0.011045692753788932,0.03958220193708681,-0.023919973749978275,-0.00048411494391839235,0.009683744090957463,-0.02781053216976907,-0.00883440102571554,-0.020684765880196236,-0.016777879572057883,0.011516570641109478,0.00414088484640873,0.017690709604036424,0.013493163251284477,0.004724937580180903,0.00023125074328195,-0.035115548291461865,0.003638615296499509,0.026577883879406034,0.000904426558791887,-0.027555344030891694,0.02458065605309909,-0.008741802657966171,0.021320566205943706,-0.023737306904200672,-0.005600450836604242,-0.016592858835569876,0.010572311938455238,0.015873828014544508,-0.011295271093592267,0.0233902022769568,0.009403105678700027,-0.015260051145151532,-0.003374038576031709,-0.007077473325533421,0.005936515291573343,0.014549420766338717,-0.022494771506739546,-0.015658828109289643,0.005224152980919084,-0.015547966531887506,-0.000420272139119318,0.018001132426228788,0.0017200652629343566,0.0024298569900493934,0.014628010548519697,-0.0026631321594785483,-0.00840737077230948,0.02808287951419795,0.018173973651478558,0.029070265909794817,0.0052646354764627045,0.01808323031317124,0.0035198180962379075,0.024048524848023015,-0.05106578581866188,-0.015476706042492669,0.021279171273219624,0.02182421802821716,0.019319911339730458,0.0008901808818909369,0.024804247109500452,0.03859570299446696,0.027333363123702954,-0.006644157932351458,-0.029562235010834874,-0.04077391052469052,-0.03108471881642662,-0.03188232523162385,-0.04893680005551661,0.015468150437185937,-0.01982653519224931,0.027212753201563137,-0.010901974004505332,-0.024454278376454648,0.02136494511256899,-0.04255695544000619,-0.03030770665787017,0.0158273836081972,-0.006450220948521117,1.0,0.012047415480698983,0.025186849101023635,-0.03281165723444183,-0.013314143075528828,-0.003299765827325746,0.029961867206240618,-0.002304169223816488,-0.02601509272407518,-0.019473713396300257,0.016193750432568575,-0.0016188605295462722,-0.02027717262334124,-0.027818491051551975,0.019527805136884152,-0.029408449519452064,0.033038909352936734,0.016291197221841462,-0.00814573611284073,-0.0024612095594646883,0.009886967515952198,0.0024395224238531444,0.012661572104684072,0.019068254013639114,-0.013802632198542792,0.01572097324239289,0.009468258244578144,0.018432756943348092,0.015634432760757298
86,-0.056604473858897476,-0.061351193003313334,-0.013457516300320707,-0.07315046518296743,0.016860147976723847,-0.036357235296542674,0.024636135199556597,-0.030112578758905426,-0.0059353192151570255,0.013888619101023854,-0.04684284321120214,-0.021419696627089754,-0.056841085527535494,-0.06089486422155871,0.029639111839319235,0.008790069380088,0.011826184603679013,0.02710315346122074,-0.0358274758855583,0.06308022895311245,-0.003139518888490736,0.00040187697969234733,-0.004763269481400949,0.004210833784069969,0.008836670050929342,-0.02316787353496525,-0.026303793266592684,0.005537634885373139,0.02565340834466853,0.02409863117304125,0.013315369973449087,0.03444626608990053,0.039447117497241245,0.0002019901645507399,-0.012021907844427492,-0.022939357671609536,0.01601583383300097,0.0010292883129817988,0.01201156813566947,-0.0013825640774784286,-0.017296889596761587,-0.027046917019136987,-0.00952301682105822,0.03422480842589848,-0.003480449865965309,0.0011757482570054752,-0.013468134254582159,0.03127972953118773,0.02649104178724445,0.004051240557059918,-0.01575279540248807,-0.03367995967509793,0.008395844236015105,0.0013541257705753048,-0.007847270357188133,0.0049948600900941624,-0.014200595463301326,-0.015530098234824246,-0.04237599655681733,0.02337033805523933,0.012732286720641067,-0.019465272370854186,0.010898662061263982,-0.0011057421387595156,-0.0033497938861791095,0.030673719215984004,0.04656087783921094,-0.011932322152622379,0.0014468100891214272,0.028711544795411104,0.03416411691641657,-0.021523688752577298,-4.827631194664684e-05,-0.045193149105706744,0.016634565782441185,-0.003031350414198907,-0.020469295044905973,-0.0535174005848971,0.0184458507135561,0.0013245395709303989,-0.07066413598985051,0.05137652827053353,0.0011010991589611514,0.009477062113885458,0.01577882679174558,0.012047415480698983,1.0,-0.020705090019484666,-0.028803967720875758,-0.009557795832304294,-0.02675763914903018,0.00542871926942019,-0.03208159350936077,0.01396705238702373,-0.02651879511100015,-0.013537140501516786,0.0011642196310584394,-0.025593663708293246,-0.019925971535021392,-0.014140776817510959,0.030677960702777878,-0.04809991596358568,-0.01995690389868589,-0.023091087872400287,0.028409824674187605,0.0004675576236783989,0.008492099191455459,-0.007867012472677312,0.005529431700229251,-0.022087949609724863,-0.006651764777754055,-0.0024400433475979476,0.04044070392093663,-0.005693287922622176
87,0.008767053599881988,-0.043813527404121366,0.04365669461391294,0.039902949826568,-0.009174488948207254,0.01578563501673871,-0.028188638232885952,-0.013898233620593656,0.0270334860152998,0.02007166293483134,-0.01738234179844864,0.007429517559836388,0.04446039260595096,0.026220493280043267,-0.016202487580890945,0.024802897438598058,0.02054464959672726,-0.013323433743845408,-0.0016519341502097334,-0.01149669302304988,0.014029956823271399,0.0036692395281507826,0.004426333614173392,-0.011841150287946061,0.00382218799759911,-0.0241603986325578,0.0053830496136384924,-0.01986538169232235,-0.0017014522425609138,-0.027735820848544132,-0.0034097040833201073,-0.005909944530544434,0.0024598073796847663,-0.00795378646420808,-0.01868708759200917,0.02560098704221621,-0.003575902516999006,-0.006245329353923182,0.004501897711263409,-0.008750663170515182,-0.029162966223491793,0.00782841483672215,0.009570020154547004,0.016371098292605298,-0.002998655112890553,-0.005542680066594763,-0.004456361175242352,-0.01928283699528521,0.006580724580943685,0.017403785627754752,0.003730713187084513,-0.025237615659307617,-0.019478187334730408,0.02013878675089619,-0.0023049501048175366,0.0023304240537918,-0.000124814399057933,-0.004406028742797896,-0.016878983619059942,-0.006630916228534873,-0.009427740127410907,-0.005588910432918604,-0.039280271040576534,-0.019620156413594235,-0.009085102468370765,-0.0347696365333545,-0.023552503685264434,0.03679447323647343,0.019568593057232606,-0.018823104247562856,-0.007231961598382502,0.03779291508328653,-0.027455205882331676,0.009715368229124376,-0.005707223949843301,-0.019588101000340984,0.02478758006031045,0.035676844732409674,-0.04238635423594612,-0.021716060612585384,-0.02886422552526551,0.004912025489694723,-0.018129694363753224,0.02056756338720567,0.010608665033900932,0.025186849101023635,-0.020705090019484666,0.9999999999999999,-0.012395807645678382,0.012631102694013109,0.007721794574940958,-0.011877457118546552,-0.02655253593284768,-0.014518729858160353,-0.041519217474303274,0.033133591775740094,-0.06415905746457427,-0.02323390197184658,-0.0014378478471033813,-0.021964900214630434,0.017098264452133874,0.00814075141915344,0.011121071416202786,-0.010077865084921103,0.013608342146068814,0.01176241836634077,-0.01214491389564248,-0.018649007332872024,-0.01805333323497989,0.007609794370266619,-0.003657633182604324,0.0012050808073116842,-0.009287752674994501,0.08872522054862138
88,-0.052728251423111744,0.0006043000916461925,-0.007673188814526353,-0.023397809896470494,0.002526193807846675,0.025331448233945508,0.023023244617020808,0.0017537951784317458,-0.0007162476516239161,0.01636947603352301,-0.018943180945891393,0.01434001185830968,-0.008867791210459703,-0.013478866814365921,-0.023044886713940883,0.010408996535319133,0.028628378472060446,-0.0027721956543383824,-0.0247273830180978,0.003703367109206542,-0.014339923957304351,-0.013514669801931091,0.0060191595920561294,0.03381484045860101,0.002902022998844097,0.025761267169187824,-0.013036644716025335,0.007546019267618074,0.018959085807619194,0.021167750940645935,-0.019658844413731832,-0.013229617569657612,0.024298428106841064,-0.006002818109935185,0.010999807442331037,0.006243807670254542,0.0299211803122193,0.004768908337530598,0.02924188899802066,0.014599112238224523,-0.010364342493239908,-0.009086770205472284,0.01158412187056695,0.006167444327056022,-0.013148173063946153,-0.009302065201037421,0.014307139149774271,0.014046702099255647,0.0024312018554876304,0.013165233809530417,0.0038480038144902804,-0.0032226194241388277,-0.004074345419001199,-0.03254855769295701,0.005179496030716592,0.008636917097152856,-0.010388114903596181,-0.016682682728217983,0.0076546077781117884,-0.0206845835794532,-0.008841116820445536,0.007237614874002526,0.02468973050878281,0.013039749978616837,0.0012640602226753734,0.04199126223342541,-0.02162525316458162,0.004325488337723012,-0.04351255094268422,-0.014656852464467135,-0.016629817799974505,0.008199524930697871,-0.03417349835713588,0.005835977179291405,0.010642904301554495,0.007930910606870744,-0.005260140950479188,0.022119513072060466,-0.01576928750500954,0.012307728503514852,-0.02550492599909137,0.021286973631113853,0.08498089824915987,-0.03623062415513669,0.022445923353970897,-0.03281165723444183,-0.028803967720875758,-0.012395807645678384,0.9999999999999999,0.013934271131845742,-0.00859259666453476,0.017542288288286547,-0.05437557551586453,0.006754789246176678,-0.006543665582073867,-0.03994656282094633,0.027223303114546543,-0.033634947023364115,0.01200623491788955,-0.031908128636349044,0.02727808144518928,0.028173080518731405,0.006360116961754776,-0.04520333545824958,0.0025897510567647413,0.030256048550690633,-0.01462731016372345,-0.0036255917776896155,0.0028272727203844062,-0.005930272162490956,0.004348378908665258,-0.036847202789872975,-0.009706319127484247,0.039796890046889445
89,0.016900410309924577,0.009853958105614801,-0.04564215779042147,-0.00011195191394478362,0.019858427025069934,-0.022056017424545975,-0.023258915017361263,0.03666497332170038,0.004030863874216948,0.017890542875690148,0.04133996671684479,0.038042102486075646,0.016761826707859747,0.0004494507269695392,-0.0031843319486795215,-0.01246033609346983,-0.004172271538178442,-0.034901354739097216,0.006503710546865536,0.017054952717574977,0.010028253766563066,0.02474180673044579,-0.013160684709940697,0.018454452839403293,-0.02217931966957494,-0.04795852802154281,0.008506146879918583,-0.024131176643817143,0.015271524672882383,0.001438701189358511,0.046690183711483584,0.03679377625199937,-0.008425325257909544,0.020033772078618978,0.002943609961054274,-0.019797745670348157,0.013073813642641069,-0.013392899160155992,-0.00027151002742896316,-0.016053240695293205,-0.012107530942082282,0.000829079149262417,-0.015247469689645327,0.007457529857945661,-0.012848958333405939,-0.031121815670664677,0.007800347194809354,-0.014337741555141715,0.010487099571713902,-0.013874590526674946,0.017005497934370523,-0.015050573033796907,0.001614613592576602,-0.013940058351838553,-0.008833023434695806,-0.00592785042293732,-0.015652190671221727,0.006375591576334579,-0.00015793085563550838,-0.00310964331981808,-0.0028452086073609256,0.0037721271081684153,-0.024683001931773106,0.0005039515229633368,0.006667041230714562,-0.01908682443718157,-0.025749678180051267,0.024665102505519128,0.026658015655791966,-0.019023985326616286,-0.006604450859969316,0.007027279521138734,0.05976844850078737,0.040661943554383635,0.057196439291610085,-0.010866251349862204,0.0323167554472486,-0.01226768980768357,-0.019143420317519054,0.03421977401424004,-0.048616416920752345,-0.004165145984830764,-0.041450104703644415,0.006779889486175251,-0.07021297100670147,-0.01331414307552883,-0.009557795832304294,0.012631102694013109,0.013934271131845742,1.0,0.012665217717034277,0.00764527444393145,0.047732497413796246,0.011008643835316159,0.007816494571128861,0.016616170885167862,-0.02694304478934952,-0.019266346981676803,0.003067463590861639,0.016170208554513038,-0.006726467389145981,0.01119161348621899,0.001804434504571048,0.016089561316382117,0.011316321387962945,-0.02200644182034579,-0.005686780461597559,0.008695322485385997,-0.008083051784154104,-0.004068613631648112,-0.009994262426902571,0.007711488929735112,0.028186847662254672,-0.08295523574293436
90,-0.005174915798984963,0.08946671959668835,-0.019656134729178782,-0.03315388045473445,-0.018225748019458206,0.045515826795037156,0.015925813968920517,-0.07944381611624311,0.00046899892520659584,0.027167883731741314,0.02289389637781259,0.018487416170222877,0.014100508419802654,-0.030443216732976692,-0.009934568147315895,0.024806700219887606,0.02857213907074435,0.04295549547852308,0.02588798681133263,0.018289692465613912,0.009882480662257087,0.026407827993162405,-0.0248503743373488,0.024676430473004482,0.034984606841635124,0.008503573557491326,-0.010327210716488285,0.02382093146548344,-0.02221456738628685,0.007382777388450367,0.005126758428298648,-0.06434690870548371,-0.0022335950203396064,0.05238790255040468,0.004967711779953615,0.016184577680037286,-0.01617222476076459,0.015805025788731865,0.0033388909965095543,0.00396051304759323,0.01294454530873309,0.01166520436645773,0.00013553272296635242,-0.021647789124687702,-0.026259319775240843,0.007453048600546051,0.008252161335698126,0.04674767478038992,-0.025628890771524537,-0.0002537302098899965,0.009439221102796075,0.017795871504037754,0.008542737987899273,-0.017279488350286584,0.008435905149550695,-0.02526320337307939,-0.01343723509798247,0.03568954091160237,-0.00818944123997533,0.01495701855443296,0.04329160158712405,-0.007048979273813852,-0.010512305884292845,-0.04505774997680933,-0.01416875698999476,0.04389182871435776,-0.015152947729119001,7.200792700163606e-05,-0.02493202149848718,0.010266742489385455,-0.012852835112961888,-0.011114213325141559,0.05492059990588253,0.00619143174637476,0.010603276853007668,0.03513061858491109,0.005468572305198559,0.03013387017326017,0.010407509896187921,0.049853222930664604,-0.04527405769289589,0.05460885900777398,-0.025431224770362307,0.03685844654929817,-0.014345381607478908,-0.003299765827325746,-0.02675763914903018,0.007721794574940958,-0.00859259666453476,0.012665217717034275,1.0,-0.006886219054656923,-0.016571849839665642,0.02217103593406075,0.03906480194925579,0.05409938735539059,0.05154497412046929,0.033159110377631876,0.006873709898380718,0.012765963707633627,0.015366551990574157,-0.013287378695696432,-0.007035874720599374,-0.010620700386867073,0.007262982536308494,0.007238055726780584,-0.023620701910849664,0.014213133116968457,-0.003603289052628426,0.009524911261702533,0.022870041406588874,-0.020565856155833707,0.02445473239411783,0.09832256123354656
91,-0.07780727796332934,-0.12425720347639814,0.04216414263365069,0.03422721322654865,0.004703312050760766,-0.018331699677216866,0.05814189134402208,-0.014320877889714596,-0.08847457263070513,0.06771615903593815,0.03400598643009935,-0.01208284196468804,-0.05933922846650576,0.021811599130910582,-0.01732431927078687,0.06450166247108917,-0.04115999457892267,0.008993430729258699,-0.0064137430525285175,0.061505448999135126,0.01936518128789024,0.03876633459971392,-0.013628394597034984,-0.01700921741124031,0.01363112101800983,-0.022676465146432557,-0.022407984158752402,0.0026247086502831163,0.03291626584979796,0.06744281826009031,0.009102841967291386,-0.004445048678185149,0.013057122628039892,-0.0222816387657971,-0.035355563181289205,-0.0410751414717285,0.028066314910931527,-0.02670711091900619,-0.014357869885621589,-0.017628183670201192,0.016693878011370927,-0.010882910767970771,-0.01771300371090147,0.016898921637914933,0.00922448998148065,-0.0030020199164914234,-0.014159104045808456,0.028434327741766546,0.004428913991819393,-0.02208830349287373,-0.007276320336022961,-0.013620614320687325,0.010158588759988471,-0.034703579183438645,-0.016254469309021736,-0.027107944820633043,0.005712519391889951,-0.030217829851155065,-0.011495798263572525,-0.02561461200191891,0.007366957887786041,-0.027468795808642192,0.0319165479361313,0.0068686856463637865,-0.014239643269421365,0.05865800972569898,0.038701472359329234,0.05408090482981116,-0.016800179737748402,-0.008027160065392416,-0.027642718841957223,-0.031780654679053236,-0.02492823217252896,0.011903339314465545,0.023505599377118998,0.0031678726300169,-0.01832989333999961,0.008279366925726008,-0.011130262629282161,1.4926732820001029e-05,0.009742315343860697,-0.0047091205812233245,0.0015089558628187494,-0.03597971553900977,-0.032481553078305116,0.02996186720624062,0.00542871926942019,-0.011877457118546552,0.017542288288286547,0.00764527444393145,-0.006886219054656923,0.9999999999999998,0.008988363531649798,-0.004928138104502194,0.03539092334693382,0.005792326925524105,0.003388154244084858,0.039858597147840416,0.02591353382773726,0.0355652360931747,0.015519614367239826,-0.05135569308610027,0.030452027989005603,-0.0051842777347651465,-0.009177414082103135,0.009802263870732362,0.01734516582451862,0.012096745350438453,0.013014595018097869,0.021593216070404528,-0.02213846241917872,-0.002438176368492781,-0.02884707963608919,-0.00802145121078471
92,0.013381363219852156,0.019598344631609036,0.024912352621579415,-0.04584739302567417,0.0014264715859353668,0.06651959417978914,-0.051133076952564326,-0.02353830582720182,0.03234497198697076,0.048213511572615775,-0.03788759110644131,0.0028714996944031136,0.01988032653595273,-0.027272491312447203,-0.007342023428483011,0.01858845463454626,0.017575048061276684,0.0015405820369276731,-0.013310335929173751,-0.01468151444622884,-0.030906258965014678,-0.007010674502845254,0.011857224230775428,-0.022154213618256986,-0.011276034643422025,-0.009953620343920729,0.019299851061074028,-0.012775239139264096,-0.00892006391739185,-0.014486569635772393,0.004139168116067588,-0.022473983423049303,0.00038971812458112395,0.013312421706864853,0.001420356688639733,0.010964283032426466,-0.024564973160180203,0.00728672092157246,0.008808709569341686,-0.01767050602920912,-0.0014262698348181692,-0.00722010989814731,0.026818804526103388,0.0012517814564985252,-0.01308960841790468,0.009833110091062533,0.014445177089580768,-0.02608655206038908,0.0017834983082895696,0.00445916127747558,-0.0009128946321597985,0.009188574614553534,-0.01723847970635417,0.01587451650524808,0.02422016747316212,-0.007775821108055485,0.021997158520725608,-0.008080521182964037,-0.02080170306121257,0.028724281195233077,-0.012980509953995143,-0.001318577168671642,-0.002761324581282119,-0.01735024291985178,0.030362066288527004,-0.01865317170884664,-0.011342540692333465,-0.04279053403739002,-0.015541359974609257,-0.024228268743594947,-0.029879762839799564,-0.02743179359964012,-0.010119217440149465,-0.020868172792002877,-0.02743616845701593,0.02730699720616093,-0.009961660870694508,0.01123191910572229,0.05991989004579916,0.01080945680707311,0.0187403536223415,-0.02190982632977877,0.04352409690224447,0.0008726833224751763,0.01066461301602773,-0.002304169223816488,-0.03208159350936077,-0.026552535932847676,-0.054375575515864534,0.047732497413796246,-0.016571849839665642,0.008988363531649798,0.9999999999999998,0.038292668084768944,0.047108076569383095,-0.04181511085144533,0.008131790007962053,-0.034283539464548596,-0.05246946765316159,0.014291771354974298,-0.026843617650906614,0.03855193486901658,0.01951770877923577,-0.022305978616608504,0.020108830354439215,0.008424008233689535,-0.0175701755896501,0.006904328387141741,0.002571775495449101,-0.0016066513936332245,-0.010608328801570007,0.009239722436421885,0.025030239659273295,-0.07729452717310789
93,0.04019624520546372,-0.027852982265071203,-0.005169963844540357,-0.03737895584333398,0.06279291453829526,-0.02212402997929555,-0.007122236457314303,0.06661149132621982,0.026161007047959487,-0.038374332255508244,-0.005541294037165855,-0.043728429128611274,-0.012205197592144189,0.0003471686464790816,0.0346922316827253,-0.019729511486954305,-0.002469685491474745,0.019946201917401568,0.007592162434687762,-0.028998979175575184,0.010430112715821066,0.020592853107730884,0.007659910995707296,0.0014717792645787104,-0.011533900216971656,0.007421305721964187,-0.011147093348828206,-0.018671990551966746,0.021075877205485875,0.034292508740632444,-0.012763847267236336,-0.015976784772287787,-0.01743649522980497,-0.016122745190484896,-0.029942274215736902,-0.01083899228694035,-0.0034536250664949056,0.0125467941780492,-0.005804842488580027,-0.014014331141899346,0.0008282940165446566,0.0009766186984867628,0.01773945662248105,-0.02187827652135882,0.0211026959248786,0.013253617475280035,-0.0021854689687832497,-0.00250170387543959,0.010782873030535227,0.021096357401079797,-0.00574849252640541,0.00047266425316716494,-0.001650010008527415,-0.0075352423931620335,-0.007650154474424316,0.02562212861992944,-0.0067572496651119975,0.019791176673640797,-0.00157085575158548,-0.033221960756009486,-0.0006371649932804916,0.03385517609687156,0.0022161393678740197,-0.0019419126026906655,0.025519917683229042,-0.017193964757489227,0.0038770448584541815,-0.015179296294315662,-0.021232271180168336,0.0034697376432871246,0.005182490700417766,-0.002486269771860634,-0.012236414045420476,-0.006941788144818886,0.018652413723297935,-0.01843453756939631,-0.020346932159581516,-0.05304530110623553,0.014864070468974165,-0.0012877451341318387,-0.024486695224407332,-0.004283157207165201,0.007793490009074841,-0.0031911451303074548,0.038236957878924255,-0.02601509272407518,0.01396705238702373,-0.014518729858160353,0.006754789246176677,0.011008643835316159,0.02217103593406075,-0.004928138104502194,0.038292668084768944,1.0,-0.014495462893311146,-0.06202588302702357,0.007419266275716957,0.023599515159968235,0.005072123056529486,0.015004877244438183,0.010923898026947983,0.005562958056421314,-0.015868342228562145,7.753181144441666e-05,-0.01890504146558263,-0.014258144322919887,0.005823528320746467,-0.005449183282206572,-0.0002450745326848834,-0.01048423518672694,0.0065676051188807705,0.006069147727300156,0.035992326186545194,-0.02785158979948875
94,-0.10232853922230102,-0.01184015485430541,0.002794265478266761,-0.008184355653826622,-0.021042648324225914,-0.0063755044398351255,-0.029598272989555658,0.08985565580553423,-0.035270218079102356,0.00821572457415654,-0.03500493493096897,-0.007443134123403828,-0.0037645414108942285,0.006029005706230788,-0.0025430395624943414,0.014933507219284528,0.05709104080919053,-0.003680104995262265,0.004679555188744932,0.00683733515492917,-0.004318168003347508,0.014143636816139638,-0.011669250948654583,-0.022475743620712897,-0.01681230112687359,0.01797797254478588,0.0253209188207502,-0.0038573522192266885,0.01786157939801521,-0.03912107193048406,0.0034504789445909964,0.021074435453497048,-0.006175959351234748,0.02886890172797764,-0.0069747008501920916,0.007940046021992732,0.013254288418201792,0.013190377079766223,0.010319676502954804,0.010380761253439685,0.01593296507042088,-0.013778785514526062,-0.01975901179230263,0.014213419630828863,-0.036269472747359185,-0.0467824146716942,-0.003526908598879107,0.05725683211163041,0.005199435473556512,0.01247850949505008,0.017706184326953568,0.012717074451535984,-0.03188748196516318,0.02433189436800675,-0.017146981450656306,-0.006829057835675596,0.014973082284407722,0.01962013890700547,0.015265200147033142,-0.008622600405641036,-0.005131620318061933,0.03134730718281344,0.009044187889804463,-0.006417301120685022,0.012443495022667705,0.027362338251566923,-0.0018757128987035765,-0.006344292165471124,-0.015276663652311864,-0.017916651884676754,-0.04056270222495254,0.010258306485963356,-0.019083280596016758,0.018065570427873125,-0.009091483717180833,0.052662653317366255,0.010724462173873836,0.05650007339847524,0.009952144757887254,-0.01512516607385596,-0.04250447807711302,-0.019569712259603564,0.04041227062720751,-0.028953580287361773,0.020977308131901094,-0.019473713396300257,-0.02651879511100015,-0.041519217474303274,-0.006543665582073867,0.00781649457112886,0.03906480194925579,0.03539092334693382,0.047108076569383095,-0.014495462893311144,1.0,-0.03312666054396964,0.0012879904545113146,-0.0711363177433562,0.004053957514103541,0.0007435792874254939,0.0013592263649134454,-0.01744160724988605,0.05060089324642875,-0.01516631872312843,0.032193377315690816,0.026830196108253882,-0.00901230219874838,0.002324280982772289,0.012356463017229178,-0.0036055857657345276,0.001325162323360324,-0.00413816318417675,0.023857925983912568,-0.010283102125440024
95,-0.01221578906736684,0.03870166587520608,-0.03862741168498226,-0.009749024900476373,-0.03625176240764227,0.03783742110673893,0.021692076239099144,-0.0563483170224592,0.00788479359286283,0.007396810728868559,-0.060666739730435515,-0.009825934131520973,-0.040590938183991995,-0.004869677996096809,0.007988526727209353,0.00789848627474964,0.07748163475280274,0.01723279121062649,-0.021028843608703326,-0.02979149934883991,-0.04876057487312478,-0.01238188163883052,-0.06669156749980633,0.010035685185576215,-0.016510567629500466,-0.017862580824381576,-0.023575902814382686,0.007643246592710446,-0.04029509153293979,0.006157179870761975,-0.02475336036301551,-0.006180832108581179,-0.003857947351163213,-0.0040478281364804206,0.004559939513444403,0.0008737892045771141,0.00952330675985297,0.029707117841847083,0.04513514371084586,-0.007383121605795311,-0.026813331004349853,-0.023840616714305297,-0.03726457200990272,0.01249793490056317,-0.016412539707984942,0.017058183037057074,-0.000895452692961403,0.007323796845937197,0.019316473611411672,0.005752259042898464,2.424785722246671e-05,-0.00810087997539358,0.02635963394945662,0.018810539781872793,-0.014319421361982753,0.02098499803953638,-0.012632993590678016,-0.016437561929171354,-0.012228711877664734,0.04757272497690543,-0.03129362795150185,-0.004959967848690117,0.011398587727681004,0.002626773484081534,-0.0354835607726086,0.014875833812496695,0.004177537712138135,0.03931445573427237,0.0034316502377679816,0.021907045191610214,0.012020051992544311,0.05590133091207471,-0.010154160590991947,-0.027517093564997135,-0.009073126575852781,-0.03718718975150118,0.026441800020430006,0.0013911189754134865,-0.0428410165278837,-0.011504181563693728,0.028195438040549803,0.02187334942032827,-0.009815686728116283,0.035740153424615985,0.017318853561523257,0.016193750432568575,-0.013537140501516786,0.0331335917757401,-0.03994656282094634,0.01661617088516786,0.05409938735539059,0.005792326925524105,-0.04181511085144533,-0.062025883027023575,-0.03312666054396964,1.0,-0.11487244393301982,-0.119655313699004,-0.008037873386696131,-0.004416450899843449,0.029483443770806948,-0.011860230512439163,0.02163286670218457,-0.034677883594923596,0.018964646311001903,0.020650162361771623,-0.04438615573803785,0.008608532829257732,-0.019086071517056272,-0.01050884449162073,-0.02158762149158179,-0.010572146350724482,-0.00823200547907288,0.04400348016547828
96,-0.09319364872986999,-0.00017820374311151838,0.04764599440246378,0.006128097431339826,-0.01583527988378569,0.05865706512925333,0.004821229143219968,-0.020272009801866137,-0.017751520592802987,0.06344809085666954,-0.03522710304198995,0.014143012104061459,-0.028575169374051662,-0.011911622355604067,-0.01174608357969898,0.007811449800929847,0.01911872664978215,-0.03038781295190619,-0.012004076933780377,-0.0070497280430288235,-0.023815853337252703,0.011674284311516868,-0.04406252590412755,-0.00899770507368743,0.007695958931570743,0.016145834467082943,0.004480127633747207,-0.02524427217995964,0.00027213460861060977,0.012380506215425482,-0.013507624754047567,0.028748969595497043,-0.00214096025912783,0.008939502069719888,0.008393038603469485,0.00203907033289803,0.02393936336058034,-0.040798485592386136,0.015994975689463845,-0.008516081815646535,-0.01094159120512589,-0.015931284791901416,-0.002173370569287825,0.00880604172254777,-0.007868860897447165,-0.01196307067210972,-0.008135221119064548,-0.008836848049047993,0.0033527462120270407,-0.012228764119703982,-0.01765073971163034,0.014275522406981338,-0.03199466328465431,0.007699192798361791,-0.009237281589033626,-0.010629526542685246,0.008848694553794516,0.004416207424720263,0.02211734314322602,0.0028512912567111776,-0.010973747685585525,0.019031835534156896,0.015135953020325199,0.009924174926597749,0.021403737623242384,0.024456747748871462,0.009704363387146074,-0.010890235868450573,0.005386824988527313,0.015644686223460755,-0.035868453223812574,0.0062304650584416865,0.01815981497352892,0.011988017533222066,-0.03216098161533131,0.07388852422525916,0.02203734813494128,0.035161423041057835,0.08252246714509583,0.005011279635452347,-0.006346992329882867,-0.016276117759659696,0.061874354428098376,0.018264445501423792,-0.00543585401845102,-0.001618860529546272,0.0011642196310584394,-0.06415905746457427,0.027223303114546543,-0.026943044789349512,0.05154497412046929,0.0033881542440848574,0.008131790007962053,0.007419266275716957,0.0012879904545113148,-0.11487244393301983,1.0,-0.031062034096387962,-0.02720976993485909,0.0011924057364552114,-0.019916786896231213,0.04751459714904744,0.054081346697654575,-0.04513106301163359,0.009581148568564367,0.014821910038765772,-0.009119758135539694,-0.021152791057442517,0.024726923479416633,0.015207319332758101,0.01756845653301231,0.013599691768248495,0.015995766709246295,-0.007870098423824953
97,-0.05565265000990321,-0.06899290948865963,0.07706484880439371,0.019277538719849583,-0.017234265076095327,0.017132511970970158,0.05274232408700694,0.023062128067126042,0.02037721748765017,0.030339917325243347,-0.11197365514595586,0.05455259994902225,0.009874243438933205,0.04357567174805416,0.031262501921802216,0.009384497240774777,0.038337909765038966,0.02252949759161275,-0.03858158925796427,0.04129390272658491,-0.06680734056275875,-0.022114721711182686,-0.04326351589457782,0.007069532618570647,-0.05445392727685141,-0.05345895863958978,0.0257685406064719,0.005999247611022593,0.017740527197579462,0.003346833923386282,0.040227956008517085,0.02710226195389324,0.012340756250195093,0.0026135446902152263,-0.016202478190297562,0.023073628002719,0.012686729875457202,0.009344087637237843,0.029160689061849772,0.038723101676369616,-0.006048014428995838,-0.03815552645844931,-0.016501016917485886,0.030895178024866552,-0.008789962231184315,0.0030183613571228285,0.018136570351194377,0.025546016931917142,0.004997748692851178,-0.005442137701179882,0.011646242915103923,-0.0035305098107469932,0.025541105289637496,-0.007865805941506775,0.01471108528593062,0.005758394695749036,0.013060722264490064,0.035070068700974524,0.01274998432695592,0.03677838210814218,-0.025084220544134027,0.01210110119991347,-0.005225831614168078,-0.010835968137531357,-0.03255383720805745,-0.024590154303279217,0.009135619613297868,0.05862374720964605,0.051231582082997384,-0.0062472503118127225,0.0416082915833222,0.044427810479456833,-0.028449392547521914,0.0061830576083866376,-0.007577924538531577,-0.041064937370558725,0.02908861091540943,0.004464217644949566,-0.03134935546604574,-0.009273277498974261,-0.013849400756605307,0.04328712351904814,0.021067262373115823,0.025928185811512107,0.04796757252507058,-0.02027717262334124,-0.025593663708293246,-0.023233901971846584,-0.033634947023364115,-0.019266346981676803,0.033159110377631876,0.039858597147840416,-0.03428353946454859,0.02359951515996823,-0.0711363177433562,-0.11965531369900402,-0.03106203409638797,1.0,-0.028582918734823288,-0.0064643114044642645,0.016467724355738726,0.04827896316952579,0.046536101227891924,-0.009609513306518812,0.015570388131165902,0.02729973472641557,0.04914355936669579,-0.009007650935060247,0.010225957396984784,-0.02709883178787638,0.007827661310567741,0.015346076778821556,0.023746453397000666,-0.047097699122120765
98,0.047980021476797134,-0.04159789243039855,0.041724519738461835,-0.058921364716797084,0.06920013830711123,0.06881898643128068,0.014434431195277002,-0.008142966861318693,-0.015028442325057283,0.01797450145114741,0.026432285496007152,-0.003975206750157347,0.04227118750384402,-0.017496333417827064,-0.008544572954851691,0.03735636503483205,-0.020795572756987197,-0.03183888161518692,-0.041172675501385016,0.03027472213635389,0.002488627774189958,-0.03567197887720264,-0.000763998742357003,-0.028688464354614578,-0.02085867564359242,-0.025867054014842183,0.018567980885798537,-0.012371036918440484,0.0048078406556662096,0.024224290729346926,-0.0042451894127431365,0.03778910413159187,0.031264799691754816,0.006468555888739234,0.004416066399913868,-0.04093197143450987,-0.018724854767172835,0.00862213386720255,0.035594918288775534,-0.009717576678618774,-0.019727958269331106,0.002748867841295086,0.007579746220522337,-0.014990341460705802,0.029854020809647563,0.027687088376680376,-0.016354233936198732,-0.025416125426819366,0.014926667113860929,0.013500033377605025,-0.0009171533103768002,-0.0003897424711510764,-0.0037182925985161813,0.005495084855146261,0.0060530782116416035,0.005820721367167972,0.012592376023954042,-0.0029468586299343943,0.013617643841023229,0.0049882441178825615,-0.006026844578639901,0.02190262397751195,0.006504331770095047,-0.03457094909077399,0.019868203280708926,-0.03105650056913425,0.002208492194073434,-0.013266689553349273,-0.0005987132209109823,0.005301063614049741,-0.006497731177697426,0.013352014220925188,-0.006608036889132104,0.009378306357260814,-0.0041126499407741005,0.04148779507879331,0.010118174414906523,-0.019943352760719162,0.01784553008521043,-0.05090249690936841,0.006232529439411346,-0.028256553600638452,0.02580844854096906,-0.013391935729061407,-0.0198185789391488,-0.027818491051551972,-0.019925971535021392,-0.0014378478471033813,0.012006234917889552,0.003067463590861639,0.0068737098983807175,0.02591353382773726,-0.0524694676531616,0.005072123056529486,0.004053957514103541,-0.008037873386696131,-0.027209769934859084,-0.02858291873482329,1.0,0.06471713178649471,-0.051933825608125816,0.013335659210864548,0.036776036985616316,-0.01173049910195326,-0.004839000930888147,0.01879107958732682,-0.012281850489484984,-0.008184247825161252,-9.591922850836322e-05,-0.003266788864534591,0.0323494143870809,0.010429344220576509,0.030656828389789812,-0.006980794437629242
99,0.013523141146224375,-0.05478803795644752,0.06750615027704433,-0.06212013477037818,0.011746297434834914,-0.006354438747057774,-0.00526201199678635,0.005366631650760049,-0.012251007862623857,-0.06881369230572644,-0.018305867976222825,0.020054572949003025,-0.01879123671041551,0.015125516456231685,-0.006203820779086855,-0.05476411413914814,-0.0625278173345323,0.006281759669858374,-0.002816067319404366,0.00657351613028904,-0.009015952886524646,0.0032380869785564466,0.053246591726063934,0.02673018080826577,-0.049433630959957786,0.01625466486261016,-0.015634229783497603,0.014795617579393773,0.017358075632699664,0.029120432055421478,-0.018488146614508726,-0.009291924162645421,0.013775296837559656,0.002071464167707343,0.03966695127678803,0.018071404786043885,-0.020657899818610884,0.0076478040409425465,0.013182870133087558,-0.008124373647462728,0.0035319213859016044,0.013147454421663863,3.0477052399760857e-05,-0.008346608030851556,-0.017299862755447742,0.012924873856928393,-0.001172400343692357,0.014854796382256253,-0.003195150249523801,-0.022895025475543073,0.02131537375023578,0.0017399518586048723,-0.016696590002382446,-0.004826204265852761,0.005784718791863718,-0.015656781352984202,0.0027338037515709335,0.017007095589297392,0.00724643158617376,-0.008444846907136636,0.009552381522252686,0.024863301111260873,0.037905175962782034,0.007092319766382409,-0.03139371607796487,0.002947951890775197,-0.0006741983656291047,0.03149400471009505,0.041465225795764345,0.03361189788038675,0.02658219290452509,0.02055123013955164,0.014354670482058667,-0.035782871207879666,-0.006122959324959785,-0.05486669855167342,0.03141655413409058,-0.011178805117205126,-0.05406988542014622,-0.028223976305547457,0.00715328879116568,0.010613298458711567,0.04240274159647784,0.022662671337656513,0.046754715061386905,0.019527805136884152,-0.014140776817510955,-0.02196490021463043,-0.031908128636349044,0.016170208554513035,0.012765963707633629,0.0355652360931747,0.014291771354974296,0.015004877244438183,0.0007435792874254939,-0.0044164508998434495,0.0011924057364552114,-0.006464311404464264,0.06471713178649473,0.9999999999999998,0.0038903102516542917,0.010034595533935911,-0.04523557056851369,0.06515857799216258,0.028843743644708587,-0.005478397934468674,0.04520249277989104,0.008387204159046943,0.010257833495228814,0.009399198656306318,0.011238522297941221,-0.0042985751276599414,0.03397089789673213,-0.04525971718709273
100,0.06652313440545429,0.059415452988453084,-0.027065572825456834,0.04628433229128035,-0.049278020098244085,0.09691760314255879,0.06206707328731412,-0.007282897274372054,-0.05303600074473498,-0.005840295536924332,0.0021300213147819086,0.009469187369077725,-0.031079340536887736,0.005813006945744921,0.005084389936674559,0.003978189545676586,-0.01148547708098013,0.030900781602775654,-0.021779449009877622,-0.03358959001142914,0.012408996188324084,0.003062405739204044,-0.011101702439830927,0.01692153287599329,0.017605695430427323,-0.016388273873101964,0.02242522628044068,0.025007274098354824,0.02411130343979206,-0.002879284647140096,0.0006997357616878306,0.020639382399872664,-0.005190420016496383,0.015276325150762866,0.02264908278267151,-0.001858442684303852,-0.0758705187307779,0.011880364161800811,-0.015540600226795433,-0.013120832064569066,0.030246075469310192,0.004212006659172762,-0.0024126895435990525,-0.0017162578705373487,0.017896240183503623,0.03706532210869936,-0.00412644928770194,-0.005588843359516005,0.005871830753494312,-0.03777047244778971,0.0006895343004844426,-0.002359468514848905,0.025640482202235422,0.0012892370304370157,0.013669981836666631,-0.017293767739739768,0.009102578192977155,-0.004885393253682422,-0.0021520151294760924,-0.005271234250631589,0.012199188422643267,0.030098831379426504,0.027712294549098876,0.003301353035024487,-0.0003528608266518269,-0.0290724355809504,0.023367457962059142,0.018771821960115183,0.008459495738333721,0.007757475926801648,0.013715485216452609,0.022606266803223283,-0.02793246075994852,0.0009523656906607307,0.006199460130781459,-0.019603772931132607,0.017688403360125293,-0.00011070887443818593,0.005735646041630149,-0.050044804876522686,0.004024078123493029,0.052290040047825066,0.02571063997644724,-0.04076133836531583,0.0028627512652201897,-0.02940844951945206,0.030677960702777878,0.017098264452133874,0.027278081445189284,-0.00672646738914598,0.015366551990574158,0.015519614367239825,-0.026843617650906617,0.010923898026947983,0.0013592263649134452,0.029483443770806948,-0.019916786896231217,0.016467724355738726,-0.051933825608125816,0.0038903102516542913,1.0,-0.000879649793819698,-0.027509015576097095,0.04621689607434604,0.02012692251353497,-0.011474575140414747,0.04571663384793813,0.011478890925610906,0.011420479732850559,0.007362366568976982,-0.0018178856787254424,-0.020092226540522458,-0.0038855204213800424,0.029350584872712623
101,0.060030774928954304,0.0388845494805353,-0.00948155516122342,-0.10497421111170345,-0.02448630079648256,-0.0067992701940126025,0.029746975628732842,-0.021759880788270583,0.008426247102270473,0.02405194221280749,0.019348669297813814,-0.03894410128878459,-0.005858720166490666,-0.048047969551388715,0.01870239287609073,0.02227767725813424,0.02808012085454514,0.06910746573796747,-0.03869601410304852,0.029163130320263464,0.02312381379871444,-0.001733519580287002,-0.007439540098731778,-0.023910676335610996,0.012648836471071385,-0.0009188781005237291,-0.02276484359726549,0.017764465553649144,-0.012446157993519951,-0.0030955117334631856,0.001391423649118308,0.005367342235817118,0.0376693997733092,-0.02317817175812372,-0.027755415971503144,-0.04816123502654011,0.006450045866306231,0.0004434509318663743,-0.023225663952979633,-0.01986214421401879,-0.005629023071883779,0.008469638594436547,0.0040487939849175696,0.014963234600806124,0.006840781019291052,-0.018979818866193886,-0.034308421393344335,0.025574978481582567,0.001902814460581814,0.02041929309252816,0.011303481236637289,-0.001783026495430629,0.03395760908210572,0.0014844658741325926,-0.027282004643101834,0.007649182881595406,-0.0006210168623742389,-0.020447323217581297,-0.0007797383365746865,0.001712293173911647,0.017094289316792428,-0.021902095060955622,-0.04257026685330212,0.015907464733197766,-0.0010367125833930584,-0.0003213186478312806,0.0220706239849622,0.006193689617176386,0.00337235246786835,0.018612576361587405,-0.00959379555746188,-0.006055401080499998,0.0321693442639313,0.01995907904686408,0.01673537453719502,0.02492594412054297,-0.014287777627180073,-0.002472418065426521,-0.013529628731527672,0.003556641445302855,0.03174636721935067,-0.05791788851234382,-0.023935337597323653,-0.004898672643312973,-0.046406019091073746,0.033038909352936734,-0.048099915963585683,0.008140751419153438,0.028173080518731405,0.01119161348621899,-0.013287378695696432,-0.05135569308610027,0.03855193486901658,0.005562958056421314,-0.017441607249886054,-0.011860230512439163,0.04751459714904744,0.04827896316952579,0.013335659210864548,0.010034595533935911,-0.0008796497938196979,1.0,-0.049146948997629766,0.0042593084342777195,0.02967150211146106,-0.02609112265539942,0.007213839097049433,-0.011580869314887615,-0.009246128284321005,0.004977445039846735,0.016938203324441785,-0.02331187433479492,-0.014843495003083882,0.15399895432653973
102,0.027944998449190024,0.006452504379408261,-0.0020693034283618466,0.01799065474784895,-0.030414960042542547,0.006398060805629307,-0.03766158294639689,0.010516343116678347,-0.018830550493384092,-0.03184164319428322,0.002552581950337335,-0.007395974865985095,-0.05515169779707827,0.04753479708404731,0.0021962524809075136,0.024180069716481473,-0.02073423027558113,0.025586883546054227,-0.028457422171270872,0.0030723727065405737,0.01803253888898676,-0.000901423759740262,0.021716321570618806,-0.023151140953501424,-0.019486600269564648,0.013355977006167325,-0.0011041360425838487,0.0024688132878517444,0.011347022843322464,-0.006823782359812088,0.017568245164378948,0.0194352532463907,0.011828569691302951,-0.0051875351061765876,0.021723493004557642,0.006810476862034,-0.02704949793525224,-0.02847525762266553,4.2327887393024984e-05,0.007623938723175285,0.009762889773322196,-0.02605746190697544,0.0265536583853528,-0.04009233112009902,0.010773109661496704,-0.0014309918424933058,-0.023283851529420516,0.0052796292542959,-0.01303564597137198,0.0079025621358535,0.0010396061823470407,-0.01016626866665573,0.01953405711895271,-0.022670986397929718,-0.016305736154201573,-0.01417938945095028,0.005042240480470515,0.0030507163365087356,-0.005596725986693306,-0.019174020353274587,0.022294078371183957,-0.009497852656547382,-0.024393513923622174,0.030509539666917884,0.005697592837336279,0.011763124732547174,0.02160177582807785,-0.0377185740459795,-0.018804285414771763,0.03264565920957197,0.008996225782234865,-0.02370791602965664,0.025515866877714947,0.015914340041151494,-0.02203267598914148,0.0150185771238225,-0.005384769423337906,-0.031678714157031294,-0.0071648579117830555,0.016043979191015054,0.04432391587595753,-0.052068849412460885,0.0033816197264301337,0.021833559958528807,-0.03414676294128529,0.016291197221841462,-0.01995690389868589,0.011121071416202786,0.006360116961754777,0.0018044345045710483,-0.007035874720599373,0.030452027989005603,0.01951770877923577,-0.015868342228562145,0.05060089324642875,0.02163286670218457,0.054081346697654575,0.046536101227891924,0.03677603698561632,-0.0452355705685137,-0.02750901557609709,-0.049146948997629766,0.9999999999999998,0.0324718252786049,0.026902419857152887,-0.004784418850812514,-0.0032037112234769485,-0.012565204747374258,-0.0020175459590710113,0.0071141139818876355,-0.013308351288696178,-0.028847071481870212,-0.023458369691169406,0.0720551132777392
103,0.1158752286026948,0.02650371899123883,-0.04686670062404852,-0.06650728647055786,0.007167887557147631,-0.10438233864994656,0.023098949501507066,0.10894686538517352,0.024164528382985655,0.01649232082760964,-0.016888633567549535,-0.02963980498552157,0.005110125813695755,-0.036264518298503426,-0.02111418113175827,0.008373086453873347,0.009642244423092576,-0.00010438121676506448,-0.010880559214333965,-0.0225092462962169,-0.017069103435837736,-0.010552744263705543,-0.010738602952060059,0.02329536601019902,0.025464866441055473,-0.007188515335703297,0.023164561805926194,0.015925836868356816,0.002558445632205738,0.030462358632464333,0.013266375322506995,-0.03560785750699359,-0.002059871993100653,-0.009714628015946442,-0.024382526040597274,-0.014953038423683269,0.03199867579150922,0.010684195602031668,-0.024534365162785895,0.00941582316906254,-0.014948322007775253,-0.03521596766039868,0.02470664053976573,0.004601008400206747,-0.029421475305612625,-0.017421157738288392,-0.005340594857722683,0.04227048032732378,-0.02201791546091989,0.018701916761422067,-0.006343982642973324,0.014035261301969899,0.0024545206117581697,-0.0015124921818954657,0.006644298426492195,0.00841034833238504,-0.006702246805731999,-0.023649011994997676,-0.024533281353871637,0.019769476327607626,0.02012233829177737,-0.0039686824945361215,-0.011735769446914074,-0.059262763527085344,0.006552873562218766,0.0039165585906261,-0.006637106865842648,-0.01218297906662597,-0.01960893243703605,0.02264434897214364,-0.007470009358955241,0.017423401418958803,0.0026260131654461906,-0.018280196982423058,-0.01740679383230999,-0.0011817301965551966,0.0029017063939879607,-0.011353157149546007,-0.005453621024629906,-0.009203459671811657,0.02034213049864907,-0.03172235392458444,0.01629551651871745,0.02566678179862507,0.0018332147874138532,-0.00814573611284073,-0.023091087872400287,-0.010077865084921103,-0.04520333545824959,0.016089561316382117,-0.010620700386867075,-0.005184277734765146,-0.022305978616608504,7.753181144441668e-05,-0.015166318723128428,-0.03467788359492359,-0.04513106301163359,-0.009609513306518812,-0.01173049910195326,0.06515857799216258,0.04621689607434603,0.00425930843427772,0.0324718252786049,1.0,-0.012452089786611801,0.004279114833648123,-0.04146055882348479,-0.03452391386296813,-0.02799036970279417,0.01459508640360911,-0.014536497920493505,-0.00024018441481323953,0.01118517774381018,0.03550843845515502
104,-0.07340406739084905,0.06318417122666013,0.010789896050346323,-0.10798134500358347,0.01263015293024809,0.014801601197836373,0.03105875274659596,0.06897860830985642,-0.03362994086197872,0.05753448026365868,-0.04067324994455855,0.05321225507457417,0.015164854702366469,-0.09228300849160877,0.01574225240497895,-0.058322822523449856,-0.04007345234908269,-0.025248938597700336,0.024868459179275295,0.06834038003337883,-0.024593465905593134,-0.013509261269069473,-0.03084976899004069,-0.0025048057789758475,0.007945848291694937,0.0190474446659546,0.027248685554837962,-0.02552444234379106,-0.023048477209405577,0.013363800646833816,-0.019420886625240868,0.009919680839561606,-0.019774606007236684,-0.024093855552268627,-0.009545790582013705,-0.01589828976205467,0.017958086287799532,-0.015739340905086916,0.018624623821034247,-0.004627592263384079,0.02514317309480089,-0.01189747576285865,0.003168359935749671,0.003118648375707047,0.028093016242221113,0.0016824502306678037,-0.022794444453312086,0.005131197711776572,0.01087693833317245,0.0023271926673866473,-0.005119214422362399,0.02179743409529549,0.0035894031315205593,-0.024786131257211585,0.0013138673908322776,0.004751747601837256,0.020768093116956324,0.006574494012100032,0.006044494054726204,-0.030733500288844376,0.004574900002711705,-0.00919462587905848,-0.025683918094689295,-0.012228458560118727,0.005098828675247612,-0.015159743156203232,-0.009371103038348611,-0.00680863932222996,-0.011510226953563293,-0.0007171956485481731,-0.040483030054990564,-0.005965372492611908,0.005014131045225303,0.00781925970584777,-0.0075649890393112975,-0.010519356092244268,-0.01816976482565502,0.016314465141013704,-0.010369039998271639,0.0012722124707921338,-0.017518859575670793,-0.050507987521104504,0.001985813060360067,-0.014553575205267438,-0.02065459616974751,-0.0024612095594646883,0.028409824674187605,0.013608342146068812,0.0025897510567647413,0.011316321387962947,0.0072629825363084944,-0.009177414082103135,0.02010883035443922,-0.01890504146558263,0.032193377315690816,0.018964646311001903,0.009581148568564367,0.0155703881311659,-0.0048390009308881465,0.028843743644708587,0.020126922513534967,0.029671502111461065,0.026902419857152887,-0.012452089786611801,1.0,-0.032914631941019505,-0.00393958167217063,0.026149950769505992,0.0004084030061458598,-0.026635280562782294,-0.01228388831305181,-0.02530919254367962,0.0025118406780932617,-0.050323323278301246
105,0.022034986607964227,0.03776873319686626,0.03096665431928414,-0.04959140977705563,-0.06453620894341344,-0.007337146714077983,0.05178144508815849,0.03016882331713221,-0.03288644492927154,0.06428533128921383,-0.04450181840832188,0.023219087201509236,-0.02316208816182495,0.0464792073233001,-0.0256440121701547,-0.023835485854092515,-0.02405474533945876,0.016099023179294344,0.005131215775771485,0.012841677714045008,0.013374083460189323,0.006888699580077202,0.005895539983431704,-0.003852845262769331,-0.005347637701810015,0.030677723868297018,-0.0014358385670870913,-0.05247891203739908,-0.0076524325429353545,0.0355943366660213,0.014630337649349352,-0.014519407114564752,-0.019933293305678258,-0.029168592868055582,-0.003366792016003266,-0.0365899377861568,0.004986064348571611,-0.04353380995156778,-0.02842630415337789,0.024094949153912748,-0.005983085358292198,0.03428755340243879,0.018401797252650703,-0.009280233468319226,-0.016777127905617164,0.012175099377613003,-0.021771421725331884,-0.003769256702288924,-0.008750580273269536,-0.013322254230546433,-0.03713885604592329,-0.008849864400795408,-0.012168640887444479,-0.014975386869493148,0.020442430458733202,0.005439246817320957,-0.019306686428898892,0.01917525509281298,-0.004879825782211689,-0.021709349756034738,0.00046093879959529637,0.014162481335309209,-0.008797323743441183,0.014791275467874525,0.012327871170608086,0.012750421597866012,-0.03899355147266296,-0.028279405017176736,0.0007543117699419634,0.04156985828960818,-0.01982972557916028,-0.028628132039646325,0.059929235663480095,-0.0042283655361512705,0.018770160277505426,-0.025058568333092886,-0.019206130970040456,-0.008450161133027548,-0.010168855989114493,0.03291235579890953,0.01655110871054592,-0.008122815975451787,-0.008622998145914454,0.010171810378172256,-0.026702525683419725,0.009886967515952198,0.0004675576236783989,0.01176241836634077,0.030256048550690633,-0.02200644182034579,0.007238055726780583,0.009802263870732362,0.008424008233689537,-0.014258144322919887,0.026830196108253882,0.020650162361771623,0.01482191003876577,0.02729973472641557,0.01879107958732682,-0.005478397934468674,-0.011474575140414748,-0.02609112265539942,-0.004784418850812514,0.004279114833648123,-0.03291463194101951,0.9999999999999998,7.251965778993883e-05,0.008025388916639222,0.01113352235313472,0.036563584906079874,0.0074858723985987904,-0.012569038115299377,-0.038845337883894215,-0.07852023545251993
106,-0.039658585122689535,-0.02591372491288318,-0.1432635429230968,0.05550083643675707,-0.0661657647029771,-0.036982334851541086,-0.00870052398531593,-0.05804186064544901,-0.030042424663824556,-0.04525165634598363,0.02961793678753491,-0.11881992897290575,-0.007295905484492834,0.03676456329372278,-0.03597719647010741,0.05708337617004466,0.06545379900522312,-0.01504229796261023,0.06110268357394835,-0.04992789665119778,0.010078652791637402,0.024332574639473442,0.03817752277610461,0.03664040916763507,0.06490494794350204,0.030322265523109432,-0.017086758187927476,-0.002684563948758352,-0.001051101094439055,-0.0009521425756637424,-0.027454259903944303,-0.007672259123735642,-0.0216731366055917,-0.007588974130060224,0.031064486968765365,0.01025269785734473,0.03291847429011178,-0.0220862280499022,0.008151729753559173,0.01775183525930032,0.0022781518614287967,-0.002694722568012025,0.00589958509981913,-0.00869565354618496,0.0019727894315331074,-0.036111787483843576,-0.019800651250973002,-0.005460524130313942,0.024194314036116535,0.04751661279221714,-0.009728616449604238,0.015759274711298128,-0.028878697305395995,-0.0021854931942021866,0.001538259677995072,0.019466208733019914,-0.002760003162583239,0.013238950146890185,0.009377835082046508,-0.0157248697643996,-0.023009008890551855,-0.007922466261944506,0.004376264135846554,0.005438993851060781,-0.03046638454986397,0.0095652082021913,-0.006979371528959031,0.004230336061623518,-0.04134430488816197,-0.00822272665284083,0.02095019334228744,0.0028531881046408333,0.005078046411472464,-0.017368907813287322,0.0014646688197457237,0.033698206885787035,-0.013398217479739393,0.025138973761628252,-0.0026073652124733514,-0.006107186450461879,0.011456838180646165,0.0166756948443731,0.0036970438889222337,0.017649631984446076,0.0017908872805246765,0.0024395224238531444,0.008492099191455459,-0.012144913895642482,-0.01462731016372345,-0.0056867804615975594,-0.02362070191084966,0.01734516582451862,-0.0175701755896501,0.005823528320746467,-0.00901230219874838,-0.04438615573803785,-0.009119758135539694,0.04914355936669579,-0.012281850489484984,0.04520249277989104,0.04571663384793813,0.007213839097049433,-0.0032037112234769485,-0.04146055882348479,-0.003939581672170631,7.251965778993883e-05,0.9999999999999998,0.01100501335101177,0.00013593556717776846,-0.010433343370540396,-0.004832400856756668,0.0043419808920643135,0.022058364584325592,-0.023142902995784496
107,0.02479989134250955,0.031091099623327127,0.007817172099006084,-0.03596025167811986,0.029005570171728914,-0.05792698741220184,0.0552107903319062,0.0547032513726084,0.034456413449829,0.029482952603115693,-0.033895844889439954,0.0004438988746065349,-0.014571252419325165,-0.0020660068701932226,0.025568049576596596,0.012542051707891591,0.033789850598299385,0.030188236240629978,0.01180390388248019,-0.012257725519177358,-0.003547573882594931,0.01420653268702215,-0.00870091183765905,-0.022389280687241733,-0.031121838118310048,0.0017835195817593448,0.004460709863999119,-0.0015045293169452139,0.01233583388561566,-0.010288361009861323,0.011753902186126004,-0.009393504954538782,0.0036108687060056642,-0.037097554429619206,-0.02079062022983979,-0.012828296000309842,0.030263840552894175,0.030465204830883618,-0.0016807917125921936,-0.019680333349781993,0.0012139841328821744,-0.0007018287561462985,0.007542770230492462,0.0038014032727087645,0.009837710929224398,0.0038781035396913055,0.01732644434986483,0.021810443466316262,0.0009614706730420725,0.0015738348376252052,-0.017953415600512068,-0.009152537839091151,0.01718361662184957,-0.03600658686064291,-0.012047108933389086,-0.026518241919345428,-0.01154492763840886,-0.013662753091858352,0.03187764127444871,0.0019255512702620351,0.0037248709065424595,0.01533673043950927,-0.002159959220860542,-0.0026402654213226453,0.0032440996092470043,0.017666847565673098,-0.0034477662940477693,0.0071057397207397325,-0.0006252725282778368,0.034117945830042365,-0.017794660700342427,0.02658000130257647,-0.008002382313477614,-0.00013421716677294954,-0.002499836993125638,-0.010955850504456133,-0.01072777839844392,0.002231697452223453,-0.0042474822791395105,-0.024471760858607406,0.023834590879305003,-0.00835270437027344,0.007268536042209087,0.013013624068325562,-0.003572824016358057,0.012661572104684072,-0.007867012472677312,-0.018649007332872024,-0.003625591777689616,0.008695322485385997,0.014213133116968457,0.012096745350438453,0.00690432838714174,-0.005449183282206572,0.0023242809827722886,0.008608532829257734,-0.021152791057442517,-0.009007650935060247,-0.008184247825161252,0.008387204159046943,0.011478890925610906,-0.011580869314887615,-0.012565204747374258,-0.03452391386296813,0.02614995076950599,0.008025388916639222,0.011005013351011771,0.9999999999999999,0.06072718182680569,0.015008646729706214,0.022101930679440746,-0.005825369710218145,-0.010334359810324845,-0.07919450056566381
108,-0.027365744242485352,-0.013830979622637582,-0.0059913975055555626,0.04696915076928314,-0.01580735547846555,-0.0017137004287502255,-0.02301839741804943,-0.026762560796706695,0.014329119425318396,-0.007085215991985188,-0.00486549872123265,-0.02177654520201658,-0.013510748303438309,-0.0017670244117302014,-0.013895452998760022,0.006177594905423922,0.03431472774752456,-0.0013750413977469934,0.027053769406777246,-0.017778718314394336,-0.012566045601994608,-0.0038574729637509348,-0.00373978061525794,0.012118769080770812,0.02977601199414698,0.0128785367624869,-0.0016726372362661584,-0.03922663601171893,-0.03790217858366685,-0.010662460151721566,-0.018890478044088423,-0.01007083188763343,-0.004089322509945091,-0.011642707312062515,0.0035869738518208463,0.004730562343826047,-0.006207668017792491,-0.0066237102731924475,-0.012226591745070951,-0.03444540223772531,0.01322899036222871,-0.023934772762838324,0.004895720857483107,-0.0018472547473480762,-0.00507566187013171,0.005560449245004591,-0.02134170380748767,-0.0021039027185446547,0.008157879631377355,0.0063529130144051515,0.0036273945538893527,-0.005138869706667894,-0.014727653083741769,0.0029579275299137244,-0.012526634653379156,0.017930088082770104,-0.015976231987326905,0.010280557360775464,0.0006166884374856285,-0.0032572837954161654,-0.005568949038499921,-0.002338545412913388,0.006838272294942345,-0.007989319842587397,-0.006306906673319431,0.006563895885156135,-0.023579838094007325,-0.011989271819441198,-0.0001976978675241802,-0.006811559183699967,0.015752285372895396,-0.0010255111433949712,-0.0025903394291925067,0.0003963766065673377,0.003010914167603273,0.0121724353166144,0.016525368868409215,-0.0004957800504219259,-0.021312596748400407,-0.009998175876418365,-0.00882878206806799,-0.009788943757640793,0.01114595824904222,0.004184050166379094,-0.003810792375177592,0.019068254013639114,0.005529431700229252,-0.018053333234979888,0.0028272727203844062,-0.008083051784154104,-0.0036032890526284263,0.013014595018097869,0.002571775495449101,-0.0002450745326848834,0.012356463017229178,-0.019086071517056272,0.024726923479416633,0.010225957396984784,-9.591922850836322e-05,0.010257833495228812,0.011420479732850559,-0.009246128284321005,-0.0020175459590710113,-0.027990369702794175,0.00040840300614585975,0.01113352235313472,0.00013593556717776846,0.06072718182680569,1.0,0.0017180019988406179,0.007380284120203822,0.005082438141756253,-0.004637182184949024,-0.08472865839494421
109,0.0877582842737018,0.059614130657179416,0.049308792239570666,0.08680192210485536,-0.0049527438750431784,-0.0400097496553169,-0.013393632449719273,0.03819456490748799,-0.0178506046689425,-0.03867022133101283,-0.007549638764098961,0.011727879747486052,0.04922092868259178,0.02633972711675946,-0.036641184129343696,-0.019496614284975382,0.018790471977977678,-0.03876314454553759,-0.013342237034554026,-0.024161907299329367,-0.00926933333911508,-0.007237739373708688,0.0026877138121245707,-0.04930717277215296,0.0025845451374152495,0.030786987706524563,0.018801398467192743,-0.03617838742723456,-0.014313532663946232,0.01837636615652622,-0.01308733987578969,-0.06136669479534197,0.04639253143601493,-0.03195174285071904,-0.02240137223021268,-0.03009661125017601,0.03283686495276794,-0.022117327865155845,-0.00035380644467828786,0.003290369321957689,0.014840447245949812,-0.03585860772090487,0.0028275253713479767,0.009750079523105819,-0.023139507794742067,0.0039048015827896983,0.015616521322142174,0.01930319825302855,-0.016187371564463687,-0.017069845368377665,0.00856206304089434,-0.012756449791933733,0.004115051934471635,-0.010854727282318127,-0.03559702693885015,0.010566352416544033,0.009878117866258194,0.029914010992319218,0.008363332866213869,0.013422194445647516,3.947405602866967e-06,-0.013661778069954125,-0.004677803751800134,-0.012875636509370732,-0.026714108535074572,0.0343456353476452,-0.022303631385529897,0.0032738539884911723,0.022988567438917997,-0.016989751917672838,0.014533139636610657,-0.01789595705772429,-0.021041940174475735,-0.0003698552233695453,0.0012607575383399743,-0.005120015426621874,0.04321753747004203,-0.016431349094541324,-0.04452005439756395,-0.013931968636775857,-0.0005243380256659242,-0.02798202588444307,0.017635090456717073,0.009125816134737334,0.0002268512298759679,-0.013802632198542792,-0.022087949609724867,0.007609794370266618,-0.005930272162490956,-0.004068613631648111,0.009524911261702535,0.021593216070404524,-0.0016066513936332243,-0.010484235186726941,-0.003605585765734528,-0.01050884449162073,0.015207319332758098,-0.027098831787876382,-0.0032667888645345907,0.009399198656306318,0.007362366568976981,0.004977445039846736,0.007114113981887636,0.014595086403609112,-0.026635280562782297,0.03656358490607987,-0.010433343370540396,0.015008646729706214,0.001718001998840618,1.0,-0.012232354396314938,-0.03976143570540486,-0.033035416248882454,-0.15077805467719632
110,0.055452632337129486,-0.011570210002096668,-0.030109753521734738,-0.1043033969884843,-0.012821269726691889,0.04939429306035008,-0.0055668532154037895,0.00532544246039359,0.00942885492189095,0.00436916668060977,0.01955855778404916,0.03495770595433757,0.010115060401966532,-0.01158780421379176,-0.004592165259520111,0.01457509773008559,-0.022066187932880118,-0.04311720316006695,-0.024709044370134128,-0.009225447463609444,0.031573169453154935,0.01954031184950565,0.032125544472812004,-0.016731704300760535,-0.004868746995544373,0.0043544855415042025,-0.011025382501357525,0.04118999697662546,-0.005950483567512441,-0.028914124359070904,-0.009720751735575336,-0.020160962844812422,-0.01159587051164076,0.008477416256668906,0.0006777072561732178,-0.02044833117567105,-0.0012203100606721755,-0.000689186388835847,-0.020874365686375605,0.013971843828482789,0.0011761580385142888,-0.025727262390295505,0.0003077406528633214,0.01160243472240473,-0.03606925601101285,-0.013186394703778954,0.017007463694600853,0.034630220222895226,-0.0034005597032446245,0.014513667992898438,0.0038374061307432355,0.013597164037347452,0.00983817504507404,0.01813757217435886,-0.012797628157425954,-0.011387276812381364,0.009936273519993268,-0.000791751361834191,-0.007399393448081471,-0.011152989114380571,0.013582787039332193,-0.009731198781532684,0.0134262625835469,-0.024033343660500688,0.0004844174005282622,-0.029276404419113434,0.0004110405501047666,-0.0201652705676081,3.088267872668611e-05,-0.008605332832956508,0.01108524989428797,-0.005551346309468828,0.02895028706712589,0.021554108336338997,-0.0065579845711898135,-0.017692542352887412,0.029399341567038908,0.00021795450618281397,0.0009720859579632411,0.02187691356546843,0.012300856070767079,-0.02391872415327824,0.005977054845779655,-0.018072765397784147,-0.019969904069541522,0.01572097324239289,-0.006651764777754054,-0.0036576331826043236,0.004348378908665258,-0.00999426242690257,0.022870041406588878,-0.02213846241917872,-0.010608328801570007,0.006567605118880771,0.0013251623233603237,-0.02158762149158179,0.01756845653301231,0.007827661310567741,0.0323494143870809,0.01123852229794122,-0.0018178856787254426,0.01693820332444178,-0.01330835128869618,-0.014536497920493507,-0.01228388831305181,0.0074858723985987904,-0.004832400856756668,0.022101930679440746,0.007380284120203822,-0.012232354396314937,1.0,0.007442608680953831,0.0025791760935187646,0.15235417758385864
111,0.01702174980050051,-0.04197412962125053,-0.0462477724225898,0.09442645243736486,0.07377807900659669,-0.06073055682032343,-0.025127931902285384,0.05703625256239023,0.059981740179913576,0.022968755408405022,-0.04259226881121829,0.039516861308637366,0.018440839636051354,-0.09499162351091686,0.0183925208255831,-0.010622675889115779,-0.0072488958920659905,0.036724813916434285,0.014180484618545982,0.01861242492802933,-0.028282488358776246,-0.04234234832902153,0.002491319218919096,0.016096549709251555,-0.005114638198144703,0.00012164276675707397,0.04229980410268254,-0.0399406562628221,-0.02542922721002569,-0.02090371246770882,0.009895269474208388,-0.04781613948468782,0.0003823832379522909,-0.007119253909152006,-0.03127938989192121,0.02200119520103288,0.0024784157327834466,0.011250271427920103,-0.000294217428293017,-0.03961664542623184,-0.018664878326073376,-0.026428425249854032,0.006803341583260329,0.0036096231488074886,-0.035938089141471945,0.031849457179364354,-0.028768829694219674,-0.004866616254381274,0.0022504729482546,0.0052640379031824525,-0.004197308329695266,-0.002276252428960167,0.013158534387235977,-0.01992134400441041,-0.0023045645840299935,0.008287764060011962,-0.014879321328945202,0.008589451844551444,-0.014540126124375018,0.019192346350022954,-0.0360640901173086,0.0030139404911695145,-0.01013255080737787,-0.014669885011829972,-0.03680924874024466,0.015342032305668482,-0.01277840793845758,-0.0032065853513853744,-0.00795619349215388,-0.016378786780284853,-0.01648403788703177,-0.0011936248494460334,0.02358393780249978,-0.020472730635625172,0.02275469150158283,0.013755787274696528,0.013451571205534429,0.012372974311445744,-0.014050433843061599,0.001882455828185064,0.007156226577328556,0.009881214735426401,0.028591163134872383,-0.0034338935373787053,-0.0031818898916487347,0.009468258244578144,-0.002440043347597947,0.0012050808073116842,-0.036847202789872975,0.007711488929735111,-0.020565856155833707,-0.002438176368492781,0.009239722436421887,0.006069147727300155,-0.0041381631841767505,-0.010572146350724483,0.013599691768248493,0.015346076778821556,0.010429344220576509,-0.0042985751276599414,-0.020092226540522458,-0.023311874334794924,-0.028847071481870216,-0.00024018441481323956,-0.02530919254367962,-0.012569038115299379,0.0043419808920643135,-0.005825369710218145,0.005082438141756253,-0.03976143570540486,0.007442608680953831,1.0,0.03756959451399852,0.057203092745000746
112,-0.09152346725621402,-0.12730638316203022,-0.12451270576353249,-0.04836129987184047,0.02934277820988688,0.0936858461674275,-0.01791866902027909,0.030242679107662335,0.22085818988984018,9.206645157489321e-05,-0.0002140856350279416,-0.0007708235409725459,-0.006787192716420722,-0.07304686277321515,0.04116276490083017,0.019552939981920404,0.029164211456439507,-0.00568959330014165,-0.017910309226975233,-0.021696143338477712,-0.015743232354804473,0.033737938074440206,0.0186882660645827,-0.01991717608371365,0.009518150555195698,0.028488251781194827,-0.01612607449388533,-0.01591385622785583,-0.0035713329892501995,0.027477037384411148,0.0033162975384016967,0.028409176638080683,0.020998703091409235,-0.01250449171986806,-0.027680043387223633,-0.011340999519641282,-0.036234853387149386,0.004956841296100381,-0.039533168872285654,-0.016530132208462764,0.003117467072933324,-0.046728010394856065,-0.0180203744301279,-0.01881424470111448,-0.0026731328928549973,-0.016030585532024487,-0.022372516832072874,-0.007454453145135824,-0.01664645353584064,-0.00874353792366924,0.0054945660012075456,-0.0296785217868057,0.02018173613767156,-0.011861437383389926,-0.01941451823318851,-0.019632999083731152,-0.0026258665667563802,-0.03345109499376996,0.013994406324721025,-0.02602162942494097,-0.007348616440698915,0.014406691812144245,-0.016621446607135364,0.038942371948466524,-0.019322821510133748,-0.017701206185656106,-0.00383745077204397,0.037989582190488175,0.004305587862731539,-0.01678457571471801,0.0009200257964377031,0.020668028945539325,0.0014975521300926097,0.007697946187275413,0.032183817890161934,-0.00873251308226568,0.012460757696142744,0.036736418337567515,-0.009940876920268496,-0.005555472343150849,0.00970792137270875,-0.01403064107125871,-0.015111063892548316,-0.015588079138299241,0.006381990403405028,0.018432756943348092,0.04044070392093663,-0.009287752674994501,-0.009706319127484247,0.02818684766225467,0.02445473239411783,-0.028847079636089193,0.0250302396592733,0.035992326186545194,0.023857925983912568,-0.00823200547907288,0.015995766709246295,0.02374645339700067,0.030656828389789812,0.03397089789673213,-0.003885520421380042,-0.014843495003083882,-0.023458369691169406,0.01118517774381018,0.0025118406780932617,-0.038845337883894215,0.02205836458432559,-0.010334359810324845,-0.004637182184949024,-0.033035416248882454,0.0025791760935187646,0.03756959451399852,0.9999999999999999,0.030440300089407138
113,0.27137525725009637,0.11050532581976541,-0.10906462446816804,-0.1825938253430114,-0.019071201393539787,0.06922064552093919,0.007528851586993334,-0.17864781238409558,0.06536060835256437,0.007160872196149207,0.014177152844759608,0.10271997558737612,0.1627361652744116,-0.1914554339127292,-0.004533220971754318,0.004531471767684084,-0.1775367825754812,0.22594005771897724,-0.146917668093118,0.11925273744470276,-0.11608172053162599,-0.053382270712051046,-0.008074116313433816,-0.015551523401793405,0.026299451059835582,-0.02713592647076143,0.0469764603286644,-0.051244818006838846,-0.17079209475446633,-0.02657471648828219,-0.009756083876737357,-0.07625217843583433,-0.10023930401396383,0.1643797674886889,0.05887836726322821,-0.10509674203467405,0.009170053429115513,-0.12169964772133715,0.023737953827695613,0.047490578077162705,-0.12443587372794149,-0.06639825779570378,0.06729577980641087,0.1080515348685536,0.15290082141226555,-0.13664270418011842,0.025999558830738952,-0.017241767326805796,-0.1274603346428026,0.12461386810533484,0.03106669637850261,-0.03996029212385771,0.00819353668973482,-0.12395779503214144,-0.1264142536449116,0.04553831645564414,0.14812968847505337,0.02485394037558317,-0.008083961137870249,0.007726575572039102,-0.14207490686262725,-0.1043907512037319,0.20123884272742965,0.01078224443313296,0.02677745650036362,-0.08729835284939833,-0.014030658694361962,-0.004652490794928444,0.013669213490790881,0.050430006686366616,0.03659216382989206,-0.15810386858924452,-0.006973539878047783,0.018902398414515877,-0.026173233819443656,0.02276777056872337,-0.005643106975177786,-0.028712742665660113,-0.005387070303093138,-0.12410076272152958,-0.03967034575041777,-0.0343708987049183,-0.039281076988222544,-0.0879077729927425,-0.036540569523921596,0.0156344327607573,-0.005693287922622176,0.08872522054862138,0.03979689004688945,-0.08295523574293434,0.09832256123354657,-0.008021451210784708,-0.07729452717310789,-0.027851589799488752,-0.010283102125440025,0.04400348016547828,-0.007870098423824953,-0.047097699122120765,-0.006980794437629241,-0.04525971718709272,0.029350584872712623,0.15399895432653973,0.0720551132777392,0.03550843845515502,-0.050323323278301246,-0.07852023545251993,-0.023142902995784496,-0.07919450056566381,-0.08472865839494421,-0.1507780546771963,0.15235417758385864,0.05720309274500074,0.030440300089407138,0.9999999999999998
