,0,1,2,3,4,5,6,7,8,9,10,11,12,13,14,15,16,17,18,19,20,21,22,23,24,25,26,27,28,29,30,31,32,33,34,35,36,37,38,39,40,41,42,43,44,45,46,47,48,49,50,51,52,53,54,55,56,57,58,59,60,61,62,63,64,65,66,67,68,69,70,71,72,73,74,75,76,77,78,79,80,81,82,83,84,85,86,87,88,89,90,91,92,93,94,95,96,97,98,99,100,101,102,103,104,105,106,107,108,109,110,111,112,113
0,1.0,-0.0005400927418130224,-0.06884635742261694,-0.1311084695576702,0.00781586164572512,-0.0023000842742039265,-0.014757586085829187,-0.014446605819625034,-0.006807467242261753,-0.005722617421667942,-0.02562666254269752,-0.05356209767411132,-0.007274472057493474,-0.04155162121612216,0.036268475546851205,-0.011697114862676924,-0.03931500064514498,0.045475218657748895,-0.018876509497182965,0.01563197395357086,-0.009038581117131692,-0.008151988521288801,-0.030137473852079932,0.10138234040411204,0.05726266556821753,0.008025742633943515,-0.019032031755048653,-0.005887188957880026,0.19020079936978282,0.03743961139886019,-0.04253606034067069,0.01698633027522931,-0.04921005977356925,-0.01304767235401056,-0.15848553713631705,0.14193053848109835,-0.013526000001511052,-0.05851369268906612,0.06990117180343632,0.016381942366179267,-0.040951699858552376,0.008241762498937483,-0.03456856220149876,-0.01528024195365528,-0.08078018187945346,-0.07035483704731339,0.020691184098677137,0.02577127933524504,0.057486883702168756,-0.06902731385177036,-0.06930447752874537,-0.08975716264734014,0.03656002815953339,0.012281111499594368,-0.016313359469130966,0.054319216297469844,0.02457117568147653,0.029759097598162507,-0.108649978965202,-0.07597875975379659,-0.0550054874486154,-0.0027750356677795946,0.024132741837564677,0.09453527073150385,-0.08013445530312928,-0.0521351356797002,-0.06091932729116588,0.010190614809616038,-0.02662563364231174,-0.031864703539642214,0.044373046807526566,0.0012937707353337575,-0.048693358199648894,0.027551714618332973,-0.026845020269391773,-0.04161392161080253,-0.0220732973610769,-0.042696621409713344,-0.04641973704553313,0.042249372653700636,-0.007410005580579605,0.010408429591283684,-0.01058646490428377,-0.05353416327567917,-0.059388910532765,-0.015568571384328489,0.05447495428702295,0.021978001235180372,-0.05003648779925239,0.00045421958044503856,-0.015502390909106052,-0.010957942268103383,-0.034618447362289397,-0.01822127950903652,-0.04947574856441068,0.05614513065172023,-0.05895124548674894,0.028810707380686962,-0.09796440969309138,-0.02484038401246187,0.010848562465334681,0.007449844457772672,-0.031195195282224333,0.04200704295199751,8.387771306676005e-05,-0.010760565010378496,-0.07434247585438598,-0.023420095653208624,-0.06530297464822053,0.007731002420259934,-0.02726107587892216,0.08386741694720845,0.05904192179964367,-0.06116295673411469
1,-0.0005400927418130224,1.0,0.05401314951647551,-0.09004159188462613,0.024171260252832484,0.03538171529222021,-0.015407052762396149,0.035559152821109836,-0.006346498012468969,-0.05738411982423241,0.009473514306352862,-0.003783173691794661,-0.011618678085793399,-0.0011985729484725411,-0.010853552591357353,-0.025084953293714796,-0.008592903000938033,-0.03918550965037386,0.008780457102937863,0.026573729068996837,0.011796982462313716,-0.007537776481990326,-0.026744192143512105,-0.00677734160216562,-0.04871008421795317,0.03382318405345445,-0.0507407415777917,-0.05308393282308883,-0.011091907611911261,0.007654772171838972,-0.008663162787813292,-0.00809200924836333,0.06668522106828757,0.06886907859651607,-0.1003748294722592,-0.003656522943166072,0.013883472211689118,0.03725083965616796,-0.022039604832316137,-0.07736026032997548,-0.005777219505090928,-0.06002286475138719,0.019347961791985915,-0.05244360628836856,0.04083070581275313,-0.012899899315119364,0.0007763816025191225,-0.000802647633220447,-0.01809724734797139,-0.03311451482427603,-0.060995476208848175,-0.07237906961936857,-0.0007547448766866725,0.030335105919383855,-0.03974236580378415,0.006731358708094413,-0.008401502757613904,0.00237452192157171,-0.028937228693605415,-0.030718878150867997,-0.07005586903019514,0.021366070110462387,0.02709459054932078,0.047769167302211486,-0.02979515171994498,-0.01914573603659718,-0.03233196516531723,-0.009503040448238314,-0.03174503533432717,0.005116012093198252,-0.04068525983183808,0.018116481599631824,0.011534959389699081,0.018050034005924045,0.049290956010412126,-0.0009260183611934514,0.015243974488253586,-0.07803124271823803,0.014243642448024415,-0.019368598726603396,-0.008941900063147223,-0.030143024814747617,0.01754112175039176,-0.02454662962884251,-0.05671212556247709,0.028189051153668255,-0.024157465023854484,0.0017866017268562489,-0.01606244971830845,-0.004357554556116163,0.01789696191345434,-0.021169994591445713,0.000742776197436682,0.01726285396130789,0.004844861912423797,0.009899956465001346,-0.015658806663152856,-0.01153300229820435,-0.0032561299731281535,-0.011788582586968355,-0.008426246682390108,0.003880497554800097,0.01942177214103383,0.05302791769015655,-0.03695092989968513,0.0393078946989351,-0.039493176694060536,-0.003624508333551716,0.04671202962305544,-0.026643305731654618,0.021740856411081682,-0.01647523075752066,-0.008981241698295414,0.06503431900733404
2,-0.06884635742261694,0.05401314951647551,1.0,0.014337309172552938,-0.01319495046848734,-0.009969559139438495,0.014619427025234413,0.035644564665781864,-0.019986579975340518,-0.03562776783346004,-0.007621836106983503,0.02388561707594699,-0.007637428575766294,0.02500321913909794,-0.03985251953813735,-0.017330887270420682,0.01924334263123567,-0.030214259002236933,0.006787914263735628,-0.043861357822427435,0.0021115108311904668,-0.01411935028104452,-0.004702204025824766,-0.03800524041777441,-0.01688097537975245,0.03935807999885639,-0.031893972205448214,-0.04507806841535209,-0.060609138193502395,-0.03128295754699459,-0.005167489721581801,-0.03551951074141774,0.01801966714476188,0.06549242004150281,0.00100529315780339,-0.07866149481786473,-0.01184568921209075,0.036641886484204036,-0.05225996994277053,-0.052839074362950274,0.010807538747396673,-0.049283342148833446,0.010706080140462985,-0.007371105577194096,0.11058035931041289,-0.012311169684224334,0.002002771121404335,-0.024876667545543178,-0.039192816560291,-0.009465736923612689,0.0036934742899376706,-0.007858270445155337,-0.017887705020949423,0.0022084590997247877,-0.03266651558886237,-0.030334984598379196,-0.052183812269178294,-0.009247039129358038,0.0684795168683162,-0.012198285615703023,-0.046132924209384335,0.01447764812296628,-0.005155448721055313,0.020049659595668748,-0.007315616539760736,0.0031471073719383513,-0.012320397094964923,0.0024632774381230043,-0.014263751329846176,0.012972645833349295,-0.04588484977715322,0.0030069019361499325,-0.003126514966302065,-0.012035287526890035,0.02060719104294049,0.010051781213249896,0.01057505166435933,-0.018453494701879902,0.007269160223548803,-0.032013552901143966,0.005127246263736481,-0.011815888253456525,0.04232379733495624,0.014530416899238608,-0.018693490385307383,0.0031453957331888066,-0.04682275576465681,-0.029802077105362486,-0.029853867977868678,-0.016617880072984266,-0.013186071119912924,-0.030078744780634166,0.04511285723591882,-0.01354682778839066,0.016433929104389546,-0.060939620867412336,0.026189306153478965,-0.020077467059577126,0.06231517428700231,0.004112494112908086,-0.032567965514699496,-0.025369097223469732,0.006887075104119926,0.03636022295770049,-0.0029137890074310007,0.018594567909706025,0.024076955830307206,-0.005538396267097002,0.05742141229609416,-0.010476100513607563,0.0012624179222959038,-0.05038811041335412,-0.03536913470338921,0.026628658752735877
3,-0.1311084695576702,-0.09004159188462614,0.014337309172552938,0.9999999999999999,-0.024024736481840274,-0.04946046742841978,-0.032695409976845766,-0.07741713176898503,-0.041374188498678376,0.016443991801207532,-0.044236934127084473,-0.0028236882304221774,0.048356579875933704,0.05867990059674017,-0.0016634236826726114,-0.07023013334325597,0.01771221511874664,-8.213003988287395e-06,-0.03377290492456715,-0.05317182474714917,-0.05363763452388479,-0.03245399025852303,0.04720096231758499,-0.06933185887680834,-0.04210991776483332,-0.0511945710193618,0.009528451184048674,0.03147508654605719,-0.0909036293225166,-0.0356447189529636,0.027657473134594802,-0.06027357460495825,-0.02739687761745027,-0.08147671644312822,0.2751124001165326,-0.07766580451161519,0.024025239174266712,-0.04632190375634649,-0.05353804961870973,0.034050424512781396,-0.03726513701728771,0.1186906256505351,-0.0392334587999834,0.058731242736507566,0.028179736623675334,0.06311939998941268,-0.05853827736483309,-0.060749525362907696,-0.05616264838931114,0.017435623456854184,0.15266367574163991,0.15064349620087272,-0.04871483077849555,-0.07094451405683115,-0.009178837054651764,-0.059136849058299135,-0.07191075169597103,-0.035300603218071144,0.2719913803783813,0.05914886109919503,0.09648393479239784,-0.01430600813306574,-0.08799697271660982,-0.18544467847548401,0.12608302268206265,-0.06650983409152622,0.09040540020058503,-0.010560529774931176,0.022201608926395482,-0.025474749533277823,-0.016844962427599586,-0.012868849366681107,-0.03430216840854097,-0.05438221785932634,0.05234187478863182,0.015253746094991387,-0.07948229609258287,0.13435372647449884,-0.050293843062118475,-0.03495798397285367,-0.03821973919615989,-0.01232299183037631,-0.008450657530899125,0.13268030671924594,0.0577506640936141,-0.14190244229428386,-0.05122402102338374,-0.0770139460895983,-0.012102524260836658,-0.04100299608023861,-0.04470018771357188,0.000791401939938732,-0.03542233829670758,-0.09501736781285025,-0.04580243584349399,-0.0505239801353761,0.06764532814416525,-0.02472120330093174,-0.0040853101826071,-0.027878323638724535,-0.05303490704464702,-0.05321076201934295,0.001724175046379251,-0.10978002112581908,0.0017253054670235662,-0.018138262428802246,-0.019340597652448235,0.006757389168832699,-0.04196369247319087,-0.005384091376866762,-0.03890774730706236,-0.041500454818521444,-0.05431478045609015,-0.053264049444697516
4,0.00781586164572512,0.024171260252832484,-0.013194950468487341,-0.02402473648184027,1.0,0.09401249131890868,0.01696332389335967,-0.02495287674933689,-0.01080246794176142,-0.00985676797641288,0.04678484641379379,-0.021714950305287625,-0.009866137784248177,-0.030098649109660158,-0.03930629090644938,-0.00432811006402743,-0.020500742347466225,-0.06037748273171807,-0.01488796499635321,0.04977137664726719,0.004082038757350342,-0.009145649452653183,-0.04563133668662154,0.007013737194158615,-0.02180840142149287,-0.01506484721679995,-0.045127669672514234,-0.015397867491070028,-0.006287675484940734,0.038783454085382696,0.007541084412090418,0.00991323864041504,0.015906662640247315,0.024893889342868982,-0.08730625697078437,0.056905819792809585,-0.014796053580275512,0.0007885419130048476,-0.012019493324189298,-0.08695301147682105,-0.002478071826315869,-0.03047495150616634,0.007408967644673603,-0.07352403358233958,-0.053123479283704096,-0.0054556375176474815,-0.004030066892080696,0.008068145312358898,0.024797070185570626,0.004440906886902117,-0.06323204888080869,-0.019114735572300375,0.01714743060825468,0.020736552970503235,-0.04826784688057596,0.0347286523371798,0.01465228621160634,0.05491341974359232,-0.026871756861963764,-0.004851533553133278,-0.05471811366434588,-0.024172483056494064,0.018935466080136264,-0.04395440502204239,-0.0207125333887174,-0.05933104769694718,-0.04943672958560752,-0.012583996943552623,-0.0440554558268994,-0.03163186144090555,-0.03626206579315474,0.010727013650644721,0.007924698019132892,0.033658038831543634,-0.03168199717974457,0.021824768025683308,-0.021817253980057502,-0.06264600882428438,0.0005470930667192855,0.00592161609081825,-0.02573716988489261,0.0011637937452595925,-0.04852389230870145,1.6318799281943205e-05,-0.06886738768441156,-0.04235184125517592,0.03673392841520911,0.022393445773482953,-0.006151075187735816,0.014098065386497072,0.010908361584031577,-0.01622728503015034,0.018183175145619877,-0.035208017918562096,-0.030176201795532865,0.06755772963209401,-0.04809071757242172,-0.03959096613148747,-0.028847891870869866,-0.04089404402880288,0.02338554756863413,0.010587307555294271,-0.005845171341046564,0.03788928801686816,-0.04553623866851335,-0.0031983132312014767,-0.08025722422899097,0.0129766899415754,-0.010818322354262307,-0.029482416263139428,-0.01620724547568638,0.03580479354632611,0.004426096308587775,0.018558757276461564
5,-0.0023000842742039265,0.035381715292220214,-0.009969559139438493,-0.04946046742841977,0.09401249131890868,0.9999999999999998,0.03468759491285238,0.037825534489179684,0.02951819086413581,-0.008162213651676775,0.014130556670262898,0.03665000507601021,-0.04681610047147843,-0.029145273776597272,-0.0671182220158001,-0.029436489910159232,-0.05291205956203772,-0.0765774710172852,-0.01478917613572384,0.04125831287044503,0.03157232362387651,-0.02612410442561053,-0.0012651964435543468,-0.0033934637408722518,-0.01959461920688715,-0.001209158656503755,-0.15256681659019133,-0.06535435822260804,-0.01311076399098974,0.02815833165005425,0.01714385376893425,0.016769127497630952,0.03994788671676943,0.016975883984470055,-0.06900066311938745,-0.02753352647273163,-0.011226422819011811,0.06188820233910088,-0.0054300728347475465,-0.12606985887069716,-0.024035085786708096,-0.03034496233893655,0.09396409587512357,-0.032260843394129234,0.02339136573920907,-0.06016451573258523,0.021012320467696733,0.048747677577520826,0.04676847293651759,-0.015325631881133622,-0.0757297284913792,-0.09202781801637544,0.010057730285932133,-0.0022610224508775962,-0.0681895365976306,0.006079817010201412,-0.0493355149432856,-9.690183965742368e-05,-0.04202316079623974,-0.026825781273159377,-0.10785519892982393,0.0350419096509379,0.0332496375973946,-0.03918987547410227,0.02356632093008775,0.002381051950476976,-0.08661010630109131,0.06652018100694791,-0.06624035440273116,0.05612162847607169,0.01743404764159506,-0.00018612657314077526,-0.027694759173198507,-0.0072134571982921504,0.0048631927726125275,-0.0032272597419855066,-0.03411496086935663,-0.09113477756318565,0.05523420841839372,-0.001240737355381305,0.00596351888033861,0.04935731532352229,0.021512191749789317,-0.0026290972604442824,-0.09315604875811442,-0.08058221147960334,0.029637942171329753,0.021046108278899262,-0.016626960588742055,0.01422553290578519,0.005823540173441689,-0.015925352178211973,0.01576045795315628,-0.00705836979820944,0.013337294262153594,-0.018030831538340838,0.01584119464419183,-0.05494146204984356,-0.07211804049016712,-0.026009777341771293,0.020356509562217705,0.013060029509425933,0.008997716537773417,0.03470300680782094,-0.025799640894827496,0.04514347015220213,-0.033822152334471264,0.008681073468904394,0.03944706538443277,0.10380394965112044,0.013630228559645205,-0.0014300031907983326,-0.009336763840425233,0.030599864829018268
6,-0.014757586085829187,-0.015407052762396147,0.014619427025234413,-0.032695409976845766,0.01696332389335967,0.03468759491285238,1.0,-0.007694414683173732,0.010538586785284153,-0.030052806615065365,-0.0003273477736912551,-0.014311001593121358,-0.005413491694924651,-0.039091506802225034,-0.04398540875197073,-0.004959572944484817,-0.005684495797722356,-0.06022904452462188,0.018733338627605275,0.0007251112485180586,0.010460441965964016,0.0010261442871541922,-0.004632437527534651,-0.011627313761466916,0.01874975528958533,0.061691001973994714,-0.04452998990873022,-0.01836959613383203,-0.011271189325058403,0.02569244103193674,0.011399544611882369,-0.02000527636731084,-0.012116370920062873,0.012224080856659662,-0.03289771513634655,-0.012666268988503995,-0.005248923510046729,0.013082399364775333,0.021479721290824757,-0.08343994828862662,-0.0262830334719287,-0.0276932213180662,0.012523905178738519,-0.03254504528855531,-0.04048330340052971,-0.047015816380432916,0.018981382889687946,-0.01644735550603907,0.011748427836639005,-0.022301854531388138,-0.014508762521526086,-0.03384536962858026,0.020430480281803484,0.0033665800035765706,-0.03513517191360897,0.024556272570373554,-0.01737634917477999,0.02233258147868819,-0.010758303473767224,0.004728362769213385,-0.04905727014920138,0.00819680159999276,-0.02693460585414338,-0.018690726319988457,0.009187255780403745,-0.026406031983363807,-0.030353682821300243,0.007802425488540611,-0.02477074127521754,-0.001381048848650315,0.01679317565266326,0.006521122685282239,-0.0060484123849190805,-0.009712297388464254,0.03268204394984236,0.011899393274332567,-0.03485731738204038,-0.03612818609774434,0.047612447026499374,-0.019928136779339276,-0.015300337820381768,-0.02657835556964204,-0.03759804225651948,0.00918942179016604,-0.045859314829692494,-0.05403969382931564,-0.021246122177757863,-0.020497037361739433,-0.017374676314441753,-0.003730089161325555,0.006875671753476922,-0.01824469179941178,0.011564912487241969,-0.025643824398520063,0.005817474244480342,0.002908408546195375,-0.020094483146740935,-0.002349473341608681,0.04577158981462336,-0.015331973687124321,0.0014877457657300245,-0.003908697640000132,-0.023760473745187412,0.004069869018930772,-0.030948622339494514,0.03617925214766691,-0.04301694105812536,-0.02499623706680704,0.018909152050114602,-0.006186024372669545,-0.007264756415632659,0.029713117897879317,-0.02711921814169922,-0.012148333664803822
7,-0.014446605819625032,0.035559152821109836,0.035644564665781864,-0.07741713176898501,-0.02495287674933689,0.037825534489179684,-0.007694414683173732,1.0,-0.008298969290211953,-0.06588019392107129,0.015246627642507704,0.007965960353152092,-0.029260713397858722,-0.0022865153075094166,-0.012736719519122386,0.02723801201974506,-0.03768688964362288,0.0324241149703943,-0.017490460012979457,0.008141029367223437,0.026137658074182762,-0.014437875969390286,-0.021378768304316603,0.01527267264428499,-0.060014218050453844,0.010997599609188108,-0.014722188249747206,-0.06061888279127202,-0.029331467261122735,-0.02095226502654583,0.010932298172882285,0.004903481339318955,0.021182207572147307,0.0575941668425907,-0.12219181776915496,-0.03793247355649795,-0.019929995061586662,0.08493735449055421,-0.05705563322836896,-0.06737766465701939,0.009498080219388692,-0.09420234120954224,0.0268066546954598,-0.06518526228718036,0.002683732113272366,-0.025533963726794794,-0.010054492457974575,0.020096710395925584,-0.020832699158791365,-0.03684801880611853,-0.09554599969690909,-0.07784499013379763,-0.017862876606037532,0.029324027934927454,0.008592963555292078,-0.0445102273142212,0.007443266727623467,-0.016463162249061775,-0.10775875064858667,-0.03994826345400478,-0.05936537650035103,-0.018322269812837893,0.0180964927685236,0.17702107096298186,-0.03197140188703903,0.024418429100380223,-0.04941884330802194,-0.02000167033852305,-0.0014441055241188674,0.09019073984382625,-0.07670356475322801,0.0074221001139830965,0.03382473435348112,-0.0017905214686498967,-0.044748684103471686,-0.0009377745589441286,0.08131661896640137,-0.09011695847543968,0.04537029000165471,-0.013087317253221079,-0.003300698138379409,-0.050396029192254325,0.027106320011470515,-0.06705736399018634,-0.050425446257982516,0.21374063545671873,-0.03274593536591435,0.026143104223892547,-0.032844912626866764,0.0011242395756990281,0.005871436966317992,0.015897450805591136,0.011136582017237112,0.10699932614967582,0.04668543582446556,-0.014518482723249815,-0.012680275886224272,-0.02807141611631351,0.018172757069650707,0.011317197406859728,-0.0033211324530342166,0.0066983495526419445,-0.005165175013439009,0.04840422888232727,-0.024089773913119564,-0.010402979385436517,0.011664835333827655,-0.0284070796389,0.049637171842588416,-0.03678634632008108,-0.001051007812226667,-0.06344540776044798,-0.013554261228383995,0.059277319951940646
8,-0.0068074672422617525,-0.00634649801246897,-0.019986579975340514,-0.04137418849867838,-0.01080246794176142,0.02951819086413581,0.010538586785284153,-0.008298969290211953,1.0,-0.028204408030527005,0.02034143987195062,0.006886940086822978,0.0034431757845407203,-0.01934078831186147,-0.007114440509679888,-0.02171683299875619,-0.021275012950401233,-0.039521769328373015,-0.016489964670039818,0.005237537878118821,0.009897212686577369,-0.0017658011326177488,-0.014361194416734557,-0.01528052283841183,-0.017892247289204976,0.0061757527129265135,-0.031231284328978766,-0.04379336826954329,-0.01019528806640719,0.01717883222942498,-0.007023723330547858,0.010825801650248806,0.007552177317244171,0.014097154183432834,-0.06675173393862954,0.011820702716275425,0.0014633879918093927,0.010050407347555702,0.019300792282531388,-0.06078336562408157,-0.015816157459897576,-0.0293666215343759,0.014871177957297232,-0.013510296744940996,-0.030295033799805964,-0.024930560008806498,0.018077304720261585,0.005619953682596494,0.02076117860480797,-0.01756904838983798,-0.041410987668720055,-0.04078602233011646,0.01338590592965269,0.00700203419242314,-0.035801198116045284,0.00178799992426051,-0.0211527389809308,0.01711171648703927,-0.04990469279925683,-0.03437662271060164,-0.045033684792640354,0.0165669591365452,0.008588226627466083,-0.028462802308662986,0.003269117968571379,-0.036062710391140944,-0.016589323473246,-0.013401399360474756,-0.022196809445391243,-0.0007094300620161797,0.052072600665552575,0.012755470976814046,-0.0018750085541132248,-0.0006540659663437606,-0.028956262270617213,-0.029656859237864597,-0.02947515408821847,-0.05277032810478411,0.035166154260512394,0.0018328257530729935,-0.0019215553203406255,-0.021165927903372867,-0.008942565414463664,-0.031336902680540096,-0.036178982056837165,-0.05250515592682811,-0.010344550785858247,0.01566404510683637,-0.033912579607243934,-0.004696370698024895,0.0035691383623085906,-0.011607463523295248,-0.0110600468921655,-0.03772653628501234,-0.01644321199525295,0.02529249839533579,-0.02218292178372092,-0.02141190437599205,-0.03384270597444629,-0.009035071444543078,-0.01344524031923533,0.010934814015966916,-0.0014615112006118685,-0.02115508137036416,-0.02638366477347815,0.023719581630040898,-0.048473347731908804,0.0003011849399621407,0.006797026699073954,-0.0022092538124671647,-0.019402659280813892,0.056488426383119496,0.00398766876172354,0.0075003797706179156
9,-0.005722617421667942,-0.05738411982423241,-0.03562776783346005,0.016443991801207532,-0.00985676797641288,-0.008162213651676775,-0.030052806615065365,-0.0658801939210713,-0.028204408030527,1.0,0.0026211426709145764,0.013807730023706768,-0.011662945881866234,-0.030814480571062477,-0.03153569553049771,0.023636365672998465,0.0016203679508803525,-0.06464136705044828,-0.01515905301161315,-0.006243381647994475,-0.02540073832384707,0.0038428829531435764,8.731019010294435e-05,0.005680513631291256,0.025074079041000726,-0.04348912428736606,-0.034758306890596356,0.06661205387745199,0.001941168471517542,0.005631905071679251,-0.04738883818824874,0.0331159975957993,-0.0012999144950756253,-0.0423330087601391,0.15063506454312323,0.04865860141897431,-0.0283825503335264,-0.04065699691632285,-0.005429253243604671,0.014995126532678952,0.007936463299271376,0.04009107608708268,-0.04292401710593393,0.04162198938412557,-0.07034415413740207,-0.008873435544569715,-0.027409625289148313,0.008871968663039692,0.056115643525283254,0.04693048163045777,0.001085162185690978,0.03962337106300613,-0.005205786361636586,-0.046188299857039664,-0.0062674307098058765,0.0018354513308740713,-0.006614843449208668,0.036261599931279795,0.013457125078164895,0.007918116329779613,-0.0011244358559825455,-0.04878012904593769,-0.030367174739555285,-0.09694241395666613,-0.016616439308424803,0.03758652438447645,-0.004278231898712275,0.02634257673256892,0.037823065635421295,-0.04411930234496242,-0.01373571742127034,-0.018245291471471196,-0.040506434644345675,-0.000728563549804349,-0.03751973881436417,0.01611439407867575,-0.036688076119222424,0.0578025096037299,-0.05395178364269075,0.010723399384432262,-0.019098481216847426,0.026791236860443286,-0.05500012244950314,-0.01018072601485234,-0.00330965828899052,-0.063988168304869,0.0124556896648322,-0.003019284655625379,0.009922448084109779,-0.012830376881544717,-0.030401004567586477,-0.0023088832807850465,-0.011472334327411706,-0.04740376809914417,-0.02649016665838645,-0.00012151083719900228,-0.0548441863552876,0.011128181375473297,-0.03563207686227391,-0.057133082028944106,-0.009950120777579067,-0.009442232489072536,-0.03187547893439237,-0.041181528526693933,0.002783500661707299,-0.02851797732308356,0.013526481931253463,0.02123661729090706,-0.04717522070704557,0.028753971275863967,-0.032709111008520184,0.032084188140175454,0.021332776902722474,-0.04641659765764239
10,-0.02562666254269752,0.009473514306352862,-0.007621836106983503,-0.044236934127084473,0.04678484641379379,0.014130556670262896,-0.0003273477736912551,0.015246627642507704,0.020341439871950622,0.002621142670914577,0.9999999999999998,0.03452057955520746,-0.04071011529041993,-0.029143219050084653,-0.05318404707001907,0.0017224510549919538,-0.025709637162906515,-0.05808921642387704,-0.01090174136177278,-0.005459824413788649,0.01684727989556211,-0.029902475687031985,0.0447754813144025,-0.029934087595122612,-0.015508953240920453,-0.020165048417740493,-0.09342700313914129,0.008459185114890033,0.0015232549503470109,-0.01439925246384189,-0.0027118980118821527,0.0034168611720210105,0.058639348168071315,0.004783748704395783,-0.02964549994252581,-0.03448560762175662,-0.013522647614736484,0.04497094552127424,-0.030036618920288184,-0.054083351235853706,0.012739437231082949,-0.06265439176961887,0.075007597107797,0.0003929871484248372,0.008967055251683901,-0.04200080538267696,-0.011572958479954933,0.03157412427543754,0.012150195351194491,0.006846359554219263,-0.061323079649636424,-0.04194385967473663,-0.009222210038607136,-0.033345420738418154,-0.04272844378434281,-0.023929608219952502,-0.03943594594935491,0.012185257751938754,-0.03744149371585564,-0.045590929588914204,-0.07436803725076474,0.023005377229818467,0.046344738600322066,-0.04398614615394091,-0.005139380346376187,0.0107670578810484,-0.06113296308915414,0.03926163518633913,-0.021312697152400504,0.02962090802574525,-0.0050186226439442845,-0.012771688976942391,-0.0396921889041816,-0.00752085724427013,-0.018779072818465713,-0.0014856334220931776,-0.022374246535079256,-0.05712382777627314,0.021056225583272154,-0.037237075668146054,0.04213136900181178,0.042148830612785536,0.010804934235970804,-0.01935689987510033,-0.04081540141586507,-0.055909484387014693,-0.01794242674601775,-0.03134886942092244,-0.0003127499809929516,0.01737780927469685,0.0031183011248470628,-0.021930821913710864,-0.012869719808907349,-0.02698447859746767,-0.0007262259913576656,0.0008839666765034365,0.023284900565538644,-0.026621816569691908,-0.030800327060274524,-0.014940613999580292,0.017888065952354464,0.011848771288555325,0.00638684236820715,-0.021228386495223198,0.008246326449136646,-0.005793783306817483,0.012445868744551138,0.03528049423103654,0.04494232833058928,0.06532335303733294,0.01921575006960686,-0.01413724437613274,-0.014739773806549828,0.02293356637359895
11,-0.05356209767411132,-0.0037831736917946605,0.02388561707594699,-0.002823688230422178,-0.021714950305287622,0.03665000507601021,-0.014311001593121358,0.007965960353152092,0.006886940086822978,0.013807730023706766,0.03452057955520746,1.0,-0.06316645819499793,-0.01804014995386392,-0.03690116831141202,0.03685757206064072,-0.020200752651959097,-0.05286689250956058,0.009871231944555392,0.00573532887857174,0.030545677353976085,-0.00746360868928379,0.010657651528336634,-0.048472331365530426,-0.03168947445336501,-0.014335117156220862,-0.029336172702036083,-0.008242849840598278,-0.06410497156716011,-0.017967817920662838,-0.014160936440861584,0.01442693803094491,0.046334864528654665,0.011604658253060628,0.05069148342859549,-0.030495373573561545,0.009706086137070366,0.04479862405560632,-0.0660388698845572,-0.06702614849465695,0.018102270058727443,-0.05278513324877231,0.03914395095246098,-0.013029891788449122,0.002867352861802668,7.816951643621041e-05,-0.02525745089206744,0.024707582436647068,-0.00672513592071279,0.02732794413849179,-0.051307470029027656,-0.016511166029002693,-0.015480996424546794,-0.012074590169778073,-0.040641010689043994,-0.046098888355830585,-0.016620439290435895,-0.0029224780731283775,-0.03352432333057729,-0.013291121626649097,-0.039398285359189655,-0.015844506890985488,7.214382714075651e-05,-0.03600353437166089,0.0005903126290982431,0.03653835728069973,-0.01869850767436642,0.0038323197170770647,0.03955188717858551,0.03101794735927071,-0.0665006763042565,-0.01043349389441946,0.005198499839087841,0.001965534429933679,-0.05086433608827766,0.022633473755662804,-0.020768301468165454,-0.03852430863352728,0.06322418960287543,-0.029824094684426185,-0.004613312783145023,-0.012784969653727704,-0.02047847977331174,-0.028269067742546523,-0.04092850715358966,-0.0019574762585598724,-0.018781585335275252,-0.018651434660850882,0.02114552247154038,0.012379746266731809,0.014563668503567448,0.016306186996944853,0.004015945977004964,0.022937404739479538,0.02384866363142253,-0.00011299230783387684,-0.01971595146014595,-0.017298105178382633,-0.0034960592770427006,-0.01903363379522917,0.005801411082553392,-0.009275480767192,0.027472417691433687,-0.027529000110047348,0.006678050232294126,-0.006868639462712788,0.03988234943003645,0.0344804014694905,0.05069650509581217,0.020899980702571416,-0.0019207350372897763,-0.040840665224602446,-0.0012381714165648893,0.04437880004045839
12,-0.007274472057493473,-0.011618678085793397,-0.007637428575766293,0.0483565798759337,-0.009866137784248177,-0.04681610047147843,-0.005413491694924651,-0.029260713397858722,0.0034431757845407203,-0.011662945881866234,-0.04071011529041992,-0.06316645819499793,1.0,0.06638440629813469,0.01199412042252586,-0.05968114197006959,-0.02011895983515828,0.01948995350991831,-0.04182354341180563,-0.047183659318887905,-0.05028716946313238,0.005569998837310563,-0.009452156472394516,0.018769062769271084,0.030764951838659176,-0.01433642296010862,0.06185314124312163,-0.028865748656408938,-0.002954473589685525,-0.03134371451440615,-0.04607013029135802,-0.05825360696363318,-0.03860374268364338,-0.039094347896526896,-0.04534204726421571,-0.020808181922123803,-0.028607202935864932,-0.03177137791010424,0.037673446994195975,0.03009039380902504,-0.025669659063962732,0.06796806878050518,-0.040708201486556954,0.007011744073034949,0.049241672675452736,0.04955604421027283,0.022075573219859833,-0.01949958821809625,-0.03818967753133446,-0.043453054377303374,0.0348374201110579,-0.07359388766482909,-0.029389217941870938,-0.01832531570077289,0.05549667406421478,-0.0016254559289441556,-0.005909766419439551,0.04056200786526058,0.1010644801491388,0.004988514240602674,0.08071411261461271,-0.0039354099805375105,-0.046873424280620316,-0.005852094582542717,-0.0007034293540408365,-0.08749884072800733,0.02700437618082473,0.0031539536827351286,-0.027564000234416845,-0.009116566449935156,0.028699444967608467,-0.0006865855247966485,-0.011304895886585637,-0.040163921777648603,0.041708685460377384,-0.049573891290955706,-0.02487561685184492,-0.0039296835855361905,0.0367712061067248,-0.013289086041292683,-0.012911911927828179,-0.02460837974115641,-0.011817055506669689,-0.008116046556018426,-0.00452645694094194,-0.05105425407036128,-0.021703008232643095,-0.004154771379371663,-0.04537557695136026,-0.03452111465084858,-0.02335775606995317,-0.0040610805896174025,0.006689882929942999,0.041234742003373834,-0.02996373308695115,-0.012334096163077846,-0.02527757569116356,0.021089326296027652,0.03592011676969838,-0.04573949603392044,-0.0425266134324473,-0.017887529489527494,0.006756144386819239,-0.03345788512141884,-0.02026387197609747,-0.04254446552609029,-0.025482654230854933,-0.03158643037398438,-0.02956659180997281,-0.00221972399743055,-0.014794064808575882,-0.01433056139830721,-0.03623961260251928,-0.027571163964806272
13,-0.04155162121612216,-0.0011985729484725411,0.025003219139097938,0.058679900596740164,-0.030098649109660154,-0.029145273776597272,-0.03909150680222503,-0.0022865153075094166,-0.019340788311861465,-0.03081448057106248,-0.02914321905008465,-0.018040149953863924,0.06638440629813469,0.9999999999999998,-0.010428682512010033,-0.04657157007762065,-0.03882905805310605,-0.03537755371937594,-0.011313207738633714,-0.039966325931614276,-0.03889015555990422,0.06911174517906316,-0.04855705053085154,-0.032916491559573186,-0.023933021884444888,-0.002038017628243997,-0.007964194982362883,-0.007086033406423815,-0.033143266646556785,-0.03496187516198222,-0.055068630088352805,-0.03794917282452617,-0.012243345096710023,0.005125196982818799,0.08157135175951304,-0.05167354487712922,-0.03906186595536055,-0.02877424700486188,-0.015555071849964285,-0.006435481456237177,-0.011240885672831297,0.03146598186866805,-0.036011631505570456,0.02743998624810546,0.017996236922830134,0.08526760760857176,-0.004508556731127274,-0.02646646816024609,-0.05451126536785037,0.010529852262784207,0.053339395829142135,-0.01056359041843464,-0.025567235912304347,-0.003119924909066933,0.003356739026469883,-0.009851475363507943,-0.04190402484291106,-0.026587545932446416,0.12278206695160979,0.002526668082207147,0.010406983158209291,0.00026630103403457224,-0.03232218968442,-0.019968631929133084,0.01092869507669115,-0.015028967997977661,0.024978686799268842,-0.020783878026424025,-0.011448967394663459,-0.01703126107922137,-0.009993387229935306,0.017034902783545778,-0.013972180376917475,-0.027527638622440093,0.02603495059107215,-0.016480367413019188,-0.0164030065088198,-0.01223558527248422,-0.03499423486480929,-0.028606672020934344,-0.000254586195729872,-0.003432408506395746,0.0008352008721889886,0.04899741587362014,-0.02257241220874435,-0.022885988970022367,-0.03787537128983145,-0.042100316279174564,-0.028583914066778057,-0.04594912572875723,-0.0146476401647962,-0.04032995978501013,0.013021603584717727,-0.02982888708937876,-0.033540234369053394,-0.04005482298911652,0.010746122894410404,0.0056955887043048945,-0.04152299426482845,-0.010408330836742639,-0.04359645560908973,-0.03707763693526198,0.022685904055556295,-0.018628443646614687,-0.007879141990554166,-0.013811923652125224,-0.0260881294494548,-0.0004477286028211549,-0.010180027875873526,-0.014684995210435236,-0.022661717621391516,-0.04812799834235999,-0.03299647707434739,0.008844237326150453
14,0.036268475546851205,-0.010853552591357353,-0.03985251953813736,-0.0016634236826726116,-0.03930629090644938,-0.0671182220158001,-0.04398540875197074,-0.012736719519122386,-0.007114440509679889,-0.03153569553049771,-0.05318404707001908,-0.03690116831141202,0.01199412042252586,-0.010428682512010031,0.9999999999999999,-0.02642957031727965,-0.03504784858905151,0.07692790081354459,-0.039812463232262306,-0.031274505683813125,-0.05139034054051655,-0.022528151180636745,0.013749066274178087,-0.03203353508116887,0.00524652044219602,-0.04758429356716764,0.04168108830716172,-0.014479012912235188,0.02684065308683644,-0.04013683494748868,-0.02393885470440076,-0.04650939497042876,-0.05374381717659198,-0.046796506101116325,-0.026905937542780464,-0.01771151205459553,-0.0261689450793943,-0.05301840506908784,-0.01006230839804618,0.10336147237906385,-0.020227628430053112,0.015861226525153458,-0.043056604152392874,0.030726883227644105,0.003393244968889055,0.03274539966728023,-0.024257024401169742,-0.023346891999169384,-0.058102407846627305,-0.03928847729762229,0.022321085373725055,-0.031129059913065762,-0.030536706358764664,-0.03422992404869644,0.024230083294278715,-0.015965197607081212,-0.00939395183416252,-0.05761704400277642,-0.034347509517813936,-0.013922734815503959,0.0456398352172397,-0.05900865530594975,-0.027144930769472417,0.04421327786241643,-0.028090311005670304,-0.022070436564241992,0.008683136750448251,-0.012696028092898493,0.022033952577834956,-0.01688108407508784,0.0009167819824235204,-0.02228023747095538,-0.03501595102880675,-0.06326024283157958,-0.02133149318298957,-0.00993075845835791,-0.015240567315567924,0.004911426604050844,-0.06869651618825619,0.0029557434111960016,0.007487299335031588,-0.005839333675898022,-0.022459074553677783,-0.029120807273836095,0.039425689775429124,0.01283912299980539,-0.029970655755296515,0.01075433438874999,-0.027282182021480843,-0.022197649265920504,-0.04033789357692243,0.011985057224207332,-0.04267287512093206,-0.01997733165405801,-0.005966770237091143,-0.017941415049367398,-0.02812907128948657,0.033281269118861735,-0.06233629673276778,0.03646881624363265,-0.027512408623550203,-0.014348434657715974,-0.014615526753671988,-0.02780886534380288,0.015226368458809893,-0.012921731366808882,-0.003301957725828848,-0.025996705473753007,-0.04123227603045882,-0.005613420924476248,-0.04203541301835427,-0.03668430641536955,-0.030653286929987957,-0.045851603130759526
15,-0.011697114862676926,-0.025084953293714796,-0.017330887270420682,-0.07023013334325597,-0.004328110064027429,-0.029436489910159232,-0.0049595729444848165,0.02723801201974506,-0.02171683299875619,0.023636365672998462,0.0017224510549919538,0.03685757206064072,-0.05968114197006959,-0.04657157007762065,-0.02642957031727965,1.0,-0.02342688756171746,0.026294407962386673,-0.02739280547993244,-0.011536702313184351,0.027551897339162815,-0.006084566794739392,0.020197648735086508,0.003050399505124593,-0.006258735560119036,-0.010245628384832018,0.010934474750261058,0.01089205744322385,0.006831550998500398,-0.011466182226456564,-0.014508510615285384,0.03298811376648361,0.0035762621961138163,-0.027204233810767767,-0.005046705917269293,0.015029837107693723,-0.035500065053707994,0.009955172863650556,-0.03905498410478988,0.04425475655622103,0.022623592721528803,-0.06481164149435908,0.003930471237324108,-0.01046145273587421,-0.012569969112062283,0.01772773569945732,-0.05969341362743611,0.021721443079119353,0.0465756695830683,-0.006463255820376774,-0.02774560858345997,-0.051182134235464014,-0.01479974588327399,-0.059072635543055384,0.0030232693544377754,-0.02618930044091412,0.018755265912792803,0.0072741086274417666,-0.0897866020805275,-0.028101945547012057,-0.0315419527064935,-0.024089509035385957,0.0012285334251258947,0.06321425321983094,-0.044754436912907855,0.05608636051417974,0.006849727006493341,-0.006083103613731961,0.08064185224490858,0.008952570957818887,-0.038155365769033826,-0.02400285788366745,-0.022829892491551474,-0.026172043502733503,-0.051972356187477885,-0.029889597212518583,0.049560881456552304,-0.06575355044342117,0.01476966753247369,-0.012310770327096375,-0.01908012368121138,0.009405194525946273,0.003720795365623032,-0.05480378672385862,-0.001947289698783731,0.12409123504360964,0.0018054127175672677,0.05632954119943601,-0.008923297070709666,0.028416902827217743,-0.0198863151331295,0.027997111292143422,-0.018473383404648196,0.08448190338745602,0.044546964882756904,0.00805473058701272,-0.02356817206770459,0.030451095699404317,-0.014670767987170952,-0.007699826836398671,-8.72304346618488e-05,-0.025968158019017768,-0.013271444264844634,0.008728167331496115,0.03375035437269782,-0.029123946635372138,0.0909284166318855,-0.008463857347559516,0.007929481477215793,-0.009464035554078742,-0.0037104034037491623,-0.009130132651355123,-0.006779323721971369,0.005132934323295324
16,-0.03931500064514498,-0.008592903000938033,0.019243342631235675,0.01771221511874664,-0.020500742347466225,-0.05291205956203772,-0.0056844957977223555,-0.03768688964362288,-0.021275012950401233,0.0016203679508803523,-0.025709637162906515,-0.020200752651959097,-0.02011895983515828,-0.038829058053106054,-0.03504784858905151,-0.02342688756171746,0.9999999999999998,-0.004794119250251769,-0.000989885941804654,-0.03381170162942206,-0.041889494657572884,-0.02576028271954867,-0.012120821706085147,-0.01242037779233238,0.010310706591477835,-0.013506824544637992,0.022670643415458155,0.02253466620203049,-0.026834191627061073,-0.013081658850556765,-0.011590801856178019,-0.023121840588806224,-0.022991270184335333,-0.03135919094180083,0.04827044324517958,-0.03653862106826708,-0.004455302528177118,-0.030891967227245267,0.011321983481892827,0.02268203286595873,-0.010445470656825412,-0.0020612488806811785,-0.044268341018300135,0.004016980455094343,-0.027251311019500034,-0.01706732564721851,-0.021000101354480893,-0.03910773885446326,-0.05679880025857806,0.006545743747218058,0.06762962610031842,0.09957245150215263,0.008603464661501489,-0.02412625569099624,-0.0037714531863383867,0.010696280323915487,-0.012422708903878445,0.008569242682080995,0.05100033480900332,0.019535917295466436,0.02678097963333932,0.03335525758355642,-0.03894755406179385,-0.0444959892232178,0.009951123906799024,-0.018021095115062682,0.07830529936036629,-0.028290317552347462,-0.024216347879872598,-0.03774859937105084,0.008034617206590483,-0.03488192913512319,0.0063073436606830525,0.010787011255111485,0.03698446195035285,-0.004890943271418887,0.011072782144779992,0.08209495462436615,-0.034144006902103646,-0.04045488808435772,-0.013284476799855225,-0.011496686464946691,0.0071922957454310125,0.011604674430366887,0.05217045719130521,-0.014231415627420653,-0.024750774926661605,-0.018806615125053414,-0.00982633759512689,-0.01897111217977011,-0.02413782299531501,-0.024627838826668188,-0.012944607298911198,-0.023642301603337194,-0.0034612329381537212,-0.026166523993215462,0.026412000037702756,-0.0266586786658854,0.04919361997683964,-0.00028981022463633535,-0.028268663316899603,-0.024062139295049245,0.003292344967229747,0.0011696225314141398,-0.05137967454445822,-0.011989655978974945,0.01611345904167144,-0.024822545589596217,0.0030366522580900683,-0.04617320126721946,-0.007471745783854784,-0.0027092197182292045,-0.03173629192559884,-0.024741072746242588
17,0.045475218657748895,-0.03918550965037386,-0.03021425900223693,-8.213003988287395e-06,-0.06037748273171807,-0.0765774710172852,-0.06022904452462188,0.0324241149703943,-0.039521769328373015,-0.06464136705044826,-0.05808921642387703,-0.05286689250956058,0.019489953509918306,-0.03537755371937595,0.07692790081354459,0.026294407962386673,-0.004794119250251769,1.0,-0.04822078685617049,-0.035716240951029,-0.03740130785879749,-0.028633576324470625,-0.030291493087708222,0.04540626833450448,0.0005099761777676013,-0.03337775925539075,0.14592578076710172,-0.0015620834726665657,0.01397263449415366,-0.052556440543012624,-0.02637386477310942,-0.04274417118563649,-0.08488583305946483,-0.038345956280063535,-0.048378946488262284,-0.023308531818850124,-0.028882876897510203,-0.08416133958251164,-0.01930860285283505,0.1561514338550192,0.012192951971917023,0.00560797628963505,-0.09467667762277096,-0.005491363764605738,-0.022216214763937814,0.05510973806628798,-0.022010421281965935,-0.07538701534511447,-0.06504803041075558,-0.05682941365831881,0.02306613820296963,0.020368555765309115,-0.03796557789496967,-0.030467037484103184,0.07586481200804233,-0.04202217754969991,0.05932770613532076,-0.041822401751115276,-0.02005384829451754,-0.026388627450628713,0.07653288523019601,-0.050422293347482765,-0.02720871447036974,0.22480685024908523,-0.06448804563139582,-0.04095569021862844,0.07182258510007626,-0.07594836106154157,0.028617475497614852,-0.0638158034535023,-0.060792479338963416,-0.04206375313691152,0.024927395117637766,-0.042585269442846546,-0.033671204660385465,-0.032730966981260615,0.0657133428215695,0.034059195146029335,-0.06349993067245953,-0.00393106731780469,-0.02391417050556729,-0.05542385220415366,-0.01154428887466253,-0.05362934354662471,0.05627863422289105,0.25652253310095474,-0.03402416363057619,-0.00666990840887837,-0.049684588120593516,-0.045878547385611645,-0.0442930961599693,0.012827085658365841,-0.06514521400414952,0.13904983239250082,0.0038816323102129737,-0.0226295823324509,-0.022822773868192814,0.027243231290666567,0.015811485946749148,0.06585925811327678,-0.031297435283689654,-0.03420984712513513,-0.006466510833709769,-0.003378371608759423,0.024827976466146685,-0.05558443363015526,0.04492528176132563,-0.0534968373176573,-0.07393967616608059,-0.1367353739270961,-0.006077171185341001,-0.023563542155489246,-0.013603522775950208,-0.05291663576748562
18,-0.01887650949718296,0.008780457102937863,0.006787914263735629,-0.033772904924567144,-0.01488796499635321,-0.014789176135723838,0.018733338627605272,-0.017490460012979457,-0.016489964670039818,-0.015159053011613148,-0.010901741361772781,0.009871231944555392,-0.04182354341180563,-0.011313207738633714,-0.0398124632322623,-0.02739280547993244,-0.000989885941804654,-0.04822078685617049,1.0,-0.0037760231105339586,-0.0022954935181696313,-0.005129367892946905,-0.011175538158687496,-0.025199812737020582,-0.01590600646796152,0.015853313557739522,-0.02840714382441096,-0.0054179737756100115,-0.020915579962847333,-0.0007605951702370712,-0.006606018910943965,-0.02516562258175535,-0.015887408292025458,0.012105524235026054,0.03857910721387835,-0.017335586241999233,-0.0021111840337374108,-0.00032665302167551175,-0.02142842410379297,-0.04371124171580673,-0.006051888610065465,-0.03418887851622504,-0.004204148656681198,-0.013589946070021753,-0.015657645361922,-0.026612652927495897,-5.372414444705631e-05,-0.0283004173814465,-0.02614603783246259,0.010260680858441186,-0.01883967547870037,0.021407429570181387,0.0009639809980211219,0.006166877120732689,-0.017299079717658553,-0.009039832294993893,-0.013334807603624594,-0.022894231766974298,0.03628840249243506,0.020799323825693553,-0.02345898558106661,-0.009663620437308057,-0.011426379224282369,-0.02918549798264397,0.0054129823701286935,0.0316101771637293,-0.039060476848160094,-0.016306165723252414,-0.03212403568716743,-0.003965716480187237,-0.01231934891826874,0.0067159900796473345,0.006456311553282712,-0.007635466896871608,-0.007022610074178087,0.012989651824179955,-0.015796258018654617,-0.012360015806355807,0.003455045003105961,-0.014005111008687293,-0.022059639641505105,-0.001962871537892212,-0.01961255864857454,0.006678541962094912,-0.028749104612618422,-0.03569004787703995,-0.010104806506148374,-0.03521601925990756,0.010987332490067492,0.0033770956282996797,-0.012807469801432202,-0.03536267308495827,-0.016559049427420224,-0.017445231388266327,-0.007026766194369764,-0.02853015093038932,0.005672297758125329,-0.01997205477374492,0.029360578720626244,-0.03502146512018817,-0.015341096652056385,-0.02468133656534361,-0.015986990555585133,0.005731826130774985,-0.033900915049427396,0.022033059349593875,0.008329525664111026,-0.01663922980440857,0.024648284310550255,-0.014764874172777697,-0.0012878889291558808,-0.024490542720917687,0.006437903830772683,0.0005757361669911752
19,0.015631973953570865,0.026573729068996837,-0.043861357822427435,-0.05317182474714916,0.04977137664726719,0.04125831287044503,0.0007251112485180586,0.008141029367223437,0.00523753787811882,-0.006243381647994475,-0.005459824413788649,0.005735328878571741,-0.0471836593188879,-0.039966325931614276,-0.031274505683813125,-0.01153670231318435,-0.03381170162942207,-0.03571624095102901,-0.003776023110533958,1.0,0.005419192656343338,-0.03558322221644209,0.019415614195614033,-0.008809381549812164,-0.002448613559681129,-0.011064942001289869,-0.09456809218223906,-0.022716598971194907,0.008188752184805418,0.009347573201978486,1.8327774702367018e-05,0.002763436789225761,0.002743870791168391,-0.008249055062225836,-0.0532860363347959,-0.00509101949965395,-0.011530894428120664,0.016099994309350465,-0.011055301324856309,-0.05849112794989986,0.0029389665027792005,-0.046178171010838,0.05560663926051217,-0.03633250432729612,-0.022377712439467606,-0.052636445496899775,-0.0006258386589231135,0.014117441897583214,0.02386126907617139,-0.007262699333673306,-0.051846677978100816,-0.06864828982564923,0.0003388634374564993,-0.010356012008964894,-0.03321589513327327,-0.012113731068007309,-0.03015762565204462,-0.010755837181150987,-0.04159087284089075,-0.02889389489305825,-0.07553012896848656,0.06510559778020247,0.014413470418550402,-0.018946678913544415,-0.017057933634050084,-0.009301209875282717,-0.0938246495506196,0.022416566776776278,-0.05625747947699034,0.029901518964550473,0.012184534573676698,-0.006876386755241014,-0.03185481881032355,-0.020274111157194803,-0.025039686532606124,0.006319555799121771,-0.04814512378368902,-0.053060069663078926,-0.010772883703955908,-0.013046025300651885,-0.0018329652521993545,0.03800732543719089,0.0014574664967682532,-0.01242660905322635,-0.06006768258219496,-0.06607684708234406,0.014929299614842637,-0.01720974715489483,0.008457478971554857,0.03132830865977015,-7.450425144508276e-05,-0.03168016106865833,0.004662437401755829,-0.0008375832933756672,-0.007387923107647468,0.001715980558457135,0.019016552736515997,-0.013160912103278442,-0.04846119648928129,-0.0006551928364446846,0.030741214207594934,-0.003833915308378957,-0.019114675903021294,0.0049759435852977565,-0.010927114014003633,0.002463299086627883,-0.03184216639589051,0.012878171913994697,-0.0010444551698315552,0.04531137994579728,0.009038595745337477,0.009619300708342264,0.00021325991445209476,-0.021980903081410316
20,-0.009038581117131692,0.011796982462313718,0.0021115108311904663,-0.05363763452388479,0.004082038757350343,0.03157232362387651,0.010460441965964016,0.02613765807418276,0.009897212686577369,-0.025400738323847073,0.01684727989556211,0.03054567735397609,-0.05028716946313238,-0.03889015555990422,-0.05139034054051655,0.027551897339162818,-0.041889494657572884,-0.03740130785879749,-0.0022954935181696318,0.005419192656343338,1.0,0.010101664337363312,0.002461216185009889,-0.026823662336324848,-0.006646606523526696,-0.019748315075289343,-0.07313477151620128,-0.02814699200287114,-0.022315112541285913,-0.01409355808004671,0.01679410664714322,0.021173593165724057,0.023493350844339133,0.018948395914384505,-0.052402720430578566,-0.006928052012331334,0.009560416088768032,0.07755258085421915,-0.04592301754486875,-0.1161637009338453,0.003953653728431134,-0.07473667174756718,0.0799073574903043,-0.035910415858183366,0.02960640813239214,-0.02457259897917855,-0.02522548865660474,0.02146014127271011,0.0460865872919789,-0.013533524314915562,-0.06513751460456434,-0.054762928763817685,-0.005111925483254777,0.009460435125951084,-0.05739061061346008,-0.022581616513769116,-0.005095936198293198,0.027049968596673746,-0.044910204096312384,-0.03830497624659368,-0.08209021217094342,0.015266978854138137,0.003664659987451204,0.0023698442768234724,0.013793400858699977,0.03857026649587437,-0.043910295956043045,0.035604467231706134,-0.024576830373071942,0.03877972761115774,-0.040486809998818055,-0.00433484450034252,-0.007776695291232186,-0.001478843486570787,-0.034379489113636925,-0.005072848590100457,-0.017080988113295677,-0.07646765310862982,0.09034083882638082,-0.00968141818900465,0.014986809559638423,-0.018618604896976938,0.019105130658597563,-0.03750342941871914,-0.06635993006177858,-0.011186305570062637,-0.02760783954759705,0.00011459581575111722,-0.009055155810958986,0.025598409325701347,0.009306484776543394,0.03366272167106018,-0.00019782223307002582,0.046951213664514616,0.041027098981984894,-0.005068465749972434,-0.010085081347724678,-0.04506567998164551,-0.019734142547351837,0.0029740676900742425,0.023846240313858173,0.008255315515366533,0.022490064682945787,-0.01427480381480289,-0.022154816347424843,-0.008005451857472442,-0.012921745222842708,0.004722482279569779,0.06449711753747829,0.03651159583028731,0.013054288773348566,-0.013085562155748312,0.01947352398616242,0.07557532156137228
21,-0.008151988521288801,-0.007537776481990326,-0.014119350281044522,-0.03245399025852303,-0.009145649452653183,-0.02612410442561053,0.0010261442871541925,-0.014437875969390286,-0.0017658011326177488,0.003842882953143577,-0.029902475687031988,-0.00746360868928379,0.005569998837310563,0.06911174517906316,-0.022528151180636745,-0.006084566794739393,-0.025760282719548666,-0.028633576324470625,-0.005129367892946905,-0.0355832222164421,0.01010166433736331,1.0,-0.0016437284814514131,-0.01078123684037761,0.025786747749040672,0.03319395323806903,-0.04713391523436644,-0.00803358087215133,0.028321932872831294,0.0027393898954645177,-0.015323831416638666,-0.014020866981854735,0.02064388656447987,-0.01614443572655392,0.04039794467683251,0.00046514972643187937,-0.022120116468875222,-0.01913194655956423,0.020490738818063275,-0.023883928828057118,-0.026351601636067805,-0.033468341384481376,0.0021768768190523653,0.000340843937833779,-0.012776957842297576,-0.006597873109643308,0.030061429364894844,0.019745787932402295,0.0068225616570607266,-0.020646946497232394,0.07740517277374097,-0.07509390366760986,0.01797562697973532,0.015966618296594567,-0.01397883882557723,0.016974720204653026,-0.040221737124517085,0.006835396340392802,0.01573459205419306,-0.005294600478582272,-0.051034437904045445,-0.0004697753511485081,0.010489686041592386,-0.016028392212673718,-0.0014865250915894312,-0.03311475922004671,0.00790073552934218,-0.017767955547868065,-0.008286911439329052,-0.0005656508367916674,0.07634598457477004,-0.012226629883798662,-0.037844392299715666,-0.011627626530224876,0.0038361207514154383,-0.014038217551236569,-0.048949877084184856,-0.04090698184361303,-0.009331539108755131,-0.021117635298277947,-0.012808411042011428,0.007031060142081102,-0.01758215734185184,0.001534421547149256,-0.03308863892818068,-0.08162429757485576,-0.03765717878409049,-0.008687228602844321,-0.032694678439356355,0.0057091982678134584,-0.013062677193359924,-0.030397092410911337,0.02022254869592609,-0.05861161835027661,-0.016658657553396496,-0.011517274808771155,0.012469769030029111,-0.016895652891103764,-0.02297236418523968,0.013979477310324138,-0.028305531250073873,-0.02546608137233507,-0.0497560607958679,0.0046492234382111705,0.0020708629271892543,-0.0037407372727766815,-0.013565097471778118,-0.013782474774738535,-0.00023942786623705695,0.019930501115757955,-0.02205057434163265,0.011277446432968234,-0.009288907055195287,-0.008053745498465043
22,-0.030137473852079932,-0.0267441921435121,-0.004702204025824765,0.04720096231758499,-0.04563133668662154,-0.0012651964435543466,-0.004632437527534651,-0.021378768304316603,-0.014361194416734559,8.731019010294435e-05,0.0447754813144025,0.010657651528336634,-0.009452156472394517,-0.04855705053085155,0.013749066274178089,0.020197648735086508,-0.012120821706085146,-0.030291493087708222,-0.011175538158687494,0.019415614195614033,0.002461216185009889,-0.001643728481451413,1.0,-0.0009004155011606333,-0.01939700274207766,-0.029400411382107437,0.008235623799868572,-0.0097018009883956,-0.02545079423229631,-0.018953150761966207,-3.0364001348393903e-05,0.01783565045374103,0.010208268938659807,-0.004492440814546818,0.02703928493000077,0.03096759373557239,-0.004233861904336969,0.004172472322743454,-0.061738698420120655,-0.020776352455063457,-0.014791640976290666,-0.0038037029136588486,0.007876173452528779,-0.02027346207607315,-0.04698844124614578,0.027841064250955116,-0.029991334710225265,0.02055159063049074,-0.005355563681179418,-0.009664543528596099,-0.026483222684802025,-0.033794442758296246,-0.015513945018971222,-0.016458451531923504,-0.0393573844118944,-0.0233290859801703,0.03321601585315231,0.004937480739433152,-0.02461859334811087,-0.02192678782252895,0.006146353077777534,-0.058614061146936146,-0.025811027842114743,-0.050300496024352534,0.014016409087018704,-0.027788062351365984,-0.001415563341916133,-0.008381538469787647,0.04713883747205101,-0.03171822253124074,-0.0695929866474712,-0.02056628907996621,-0.0032364174683177276,0.04174142293678518,-0.06616078895668948,-0.029498196694830642,-0.04001298486906795,-0.002652413074628737,0.027077899754759823,-0.013085714560737784,-0.027656117648600573,-0.01760950979920531,-0.03964139699385627,-0.024859529480242504,-0.013280125591289323,0.002381344825040847,-0.004962794548618837,-0.016099718997784857,-0.01596071079231925,0.027651057477060616,0.011685553039626198,0.05347430868221828,-0.016651376101093844,0.004491018431826083,0.015254464866160276,0.01775790882675852,-0.0687880520286888,-0.006486381180327994,-0.035996081052717316,-0.026249112232704385,0.002361065141644686,0.006608824336007588,-0.021988671984508767,-0.032978958913627905,-0.014451152148386963,-0.005653380640748872,-0.001740332659382669,0.028717759739312846,0.012775066827273675,-0.012789486955610965,-0.0362272767560535,-0.021975148517075722,-0.022884004084838323,0.010130624819894648
23,0.10138234040411204,-0.00677734160216562,-0.038005240417774415,-0.06933185887680836,0.007013737194158615,-0.0033934637408722518,-0.011627313761466916,0.01527267264428499,-0.01528052283841183,0.005680513631291256,-0.029934087595122616,-0.04847233136553042,0.018769062769271084,-0.032916491559573186,-0.03203353508116887,0.0030503995051245933,-0.01242037779233238,0.04540626833450448,-0.025199812737020582,-0.008809381549812163,-0.026823662336324848,-0.010781236840377613,-0.0009004155011606333,1.0,0.04979950023737803,0.00398816124141374,-0.0359698144974822,-0.017664229100106406,0.0805556919276101,0.021545754742512836,-0.0055779621778363824,-0.02069931834783304,-0.04173642343760602,0.00037628106925234405,-0.10896926489356308,0.057915477194088905,-0.017266970197963458,-0.0065151640759148225,0.040743988375500674,-0.0018218967188468097,-0.007817374464023969,-0.0307666124449546,-0.028699281988861368,-0.011392144092953103,-0.002467622564220227,-0.02741256909354775,0.008332362977681907,0.012289234731884766,0.019264074879519047,-0.05313854985477954,-0.044730116695635036,-0.09322308048554755,0.022583271211980005,-0.001280699509294921,-0.01697843120991308,0.028044172985537318,0.020275796265658712,0.047315996347532245,-0.08685141385775562,-0.051358629256026175,-0.04263253743241079,0.006670294566309346,0.0025042762848472,0.08997234005810231,-0.053121188879271815,-0.02950522460882319,0.002382459840663689,0.006825679990999551,-0.05171032102265236,-0.0044614406845188085,0.028028764978481172,-0.003643176183998085,-0.025470479130460976,-0.0009394057973033548,-0.032725191040529754,-0.02296481188110133,0.002436299490744492,-0.049273431280241295,-0.002998955652685012,0.022794501453783353,0.001452797859136967,0.013880238767553307,-0.0004955759291828203,-0.0586658406365097,-0.03772258868697136,0.03134168864000835,0.045736191174483104,0.04825368837378727,-0.06032084303487094,-0.018686693795541925,-0.018377965032917526,0.007091138737649724,-0.016541554133458914,0.01342496851389232,0.0012361639816543732,0.03600117578601226,-0.01820068763623809,0.008498736713024745,-0.05261218907804554,0.0021178999718254737,-0.006834834635486791,0.007353622888071053,-0.01965113665185239,0.040016484345187696,-0.021020604889379516,0.02330009794264131,-0.022914348122448545,-0.02007593191635874,-0.03256175332767348,-0.03398536912537267,0.0032270008378184134,0.041909462667086846,-0.0012534091641615583,-0.015833089880189045
24,0.057262665568217526,-0.04871008421795317,-0.01688097537975245,-0.04210991776483332,-0.02180840142149287,-0.01959461920688715,0.018749755289585328,-0.060014218050453844,-0.017892247289204976,0.025074079041000726,-0.015508953240920453,-0.03168947445336501,0.030764951838659172,-0.023933021884444888,0.00524652044219602,-0.006258735560119035,0.010310706591477837,0.0005099761777676013,-0.01590600646796152,-0.0024486135596811284,-0.006646606523526696,0.025786747749040672,-0.019397002742077663,0.04979950023737803,1.0,0.0076236757008740445,0.040264249349363644,-0.009434571118986716,0.0957155907266016,-0.020292572895228355,-0.024055504351145784,-0.008518831762867886,-0.052620020767423496,-0.03724626918499161,-0.0649084523503517,0.04388050866197108,-0.012250372626776983,-0.03584637508355745,0.024978497713750967,0.0076257264962911585,-0.017194818835383464,0.022157125130729274,-0.010003060563459454,-0.03659087858879474,-0.043218953282711345,-0.012660468224171346,0.007269818191481714,-0.001507039414031813,0.0171832266673171,-0.030437279840367867,-0.017009929991720914,-0.0010235413591964293,0.010765111158119916,0.011635181634044688,0.001059884123466965,0.022865997686457633,0.013332953898619677,0.06592071126348559,-0.02949761894588876,-0.05104390844933023,0.00501568575355908,-0.027236700485273043,-0.03007585276328864,0.06919321375645206,-0.013096474389367136,-0.041734588074632636,-0.0030818588100987414,0.009549526952746867,-0.021606043525966054,-0.06112531747535369,0.03986997190709815,-0.013641017227766832,-0.039387478119659675,-0.019680033456219794,-0.017194801501600774,-0.05011532063121384,-0.04410491527369104,-0.006247154947956345,0.00725159217123663,-0.005204168832448492,0.001065332758319219,-0.023160032105481128,-0.05037559869631477,-0.020511920772026355,0.028266141476488524,-0.053634958127534785,0.013827620180595806,-0.01896167597017265,-0.02347265900431112,-0.00212814651575933,-0.008523246704166688,0.0017023260694963576,0.02301602443326881,-0.019518225374663353,-0.04730085580144556,-0.00855593105921042,-0.015666708120837675,-0.005438249072530059,-0.03547585835011495,-0.00885448186862812,0.00333093073806183,-0.010968833097553815,-0.005949711526089248,-0.026790144754809588,-0.023724826950326728,-0.017920579384737404,-0.043429439477257664,-0.029960334325522506,0.006279229059476149,0.02588344407147967,-0.016554405357825843,0.029257612746777597,0.0019827658798467727,-0.033437920921148556
25,0.008025742633943515,0.03382318405345445,0.0393580799988564,-0.0511945710193618,-0.01506484721679995,-0.0012091586565037551,0.061691001973994714,0.010997599609188108,0.0061757527129265135,-0.04348912428736606,-0.020165048417740493,-0.014335117156220864,-0.014336422960108623,-0.0020380176282439972,-0.04758429356716763,-0.010245628384832018,-0.013506824544637992,-0.03337775925539076,0.01585331355773952,-0.01106494200128987,-0.019748315075289347,0.03319395323806902,-0.029400411382107434,0.00398816124141374,0.007623675700874045,1.0,-0.039848501864734195,-0.04599704203207759,0.016916789279178234,0.011783750451742594,-0.008370724886609358,-0.005370469852101328,-0.0010881023410515703,0.03715246428423094,-0.07985289043065505,0.003428968621960595,-0.0007136768677680982,-0.005256527746562537,0.02158563160934081,-0.04710898846008866,-0.03260143391253813,-0.043242273689268355,-0.017066413960516762,-0.02692787669947597,0.029635612200215496,-0.04300688965804761,0.038227164511191083,-0.02868899769628211,-0.007492484377670935,-0.04799278917030778,-0.008368102202711997,-0.02813594635484171,0.018749273514110244,0.049007388823099254,-0.034882984959975195,0.013631370750766711,-0.013810086451661964,0.022898793636244873,-0.01592677640545035,-0.034893389474991245,-0.060094949142497425,0.024215905012215714,-0.019546962284818278,0.027327014966309918,-0.03901356061934999,-0.03580360184282892,-0.024534964243433828,-0.02880428404567264,-0.039994540571678595,0.0032491300786027994,0.03436707138490267,0.017612123448168846,-0.007125835291906539,-0.004501692527035081,0.03496820681595892,-0.026130902906601403,0.007835283493883904,-0.042160049038106204,-0.0270605656252921,-0.01884926289659633,-0.011839640677448573,-0.018670647638338193,0.011574417696397733,0.017798276197957593,-0.04003999648097209,-0.022040390405773515,0.01491898405220714,-0.009044661816730356,-0.04271540744061702,-0.02430193032559665,-0.004761402409233125,-0.009225768409742043,0.07111195346546906,-0.0175413448480376,-0.007841028704647467,-0.014874571692630022,-0.004499074858747144,-0.029548449949098752,0.036117574344488985,-0.016936396597059734,-0.01441875515982826,-0.02978140299794066,-0.014574380931280155,0.07498365010492954,-0.02910904855065822,0.0625050859828528,-0.052999941433808366,-0.03533377264877334,0.0019601953778853815,-0.052633758131365775,0.004818372311674512,0.006129756779465473,-0.0055255145157292514,-0.02184841722268307
26,-0.019032031755048653,-0.0507407415777917,-0.031893972205448214,0.009528451184048674,-0.045127669672514234,-0.15256681659019133,-0.04452998990873022,-0.014722188249747208,-0.031231284328978766,-0.034758306890596356,-0.09342700313914128,-0.029336172702036083,0.06185314124312163,-0.007964194982362883,0.04168108830716172,0.01093447475026106,0.022670643415458155,0.14592578076710172,-0.028407143824410962,-0.09456809218223908,-0.07313477151620126,-0.047133915234366434,0.008235623799868572,-0.0359698144974822,0.040264249349363644,-0.039848501864734195,1.0,0.020382575405770213,0.018719437420361997,-0.09517724312077458,-0.030920314752634022,-0.07250813416091342,-0.11625727853477368,-0.08929451598858486,0.05873722688790061,-0.03733877730273922,-0.06626576452750016,-0.08661400260308741,-0.02040572798399466,0.23663647128116247,-0.008419744253838096,0.07123458886132117,-0.10942852745646597,0.05084636387803622,0.021682756044164603,0.040964828969503556,-0.055692320881202795,-0.1046414056908282,-0.08422793138997477,-0.03100221141756034,0.08326931337243604,0.053361588156099225,-0.05022397520478558,-0.07370400271249113,0.13175865877147275,-0.062485991077692066,-0.015943247646326788,-0.0643757720287076,0.03544088671534182,-0.01238751403946459,0.18180410736658348,-0.049717509941930145,-0.06184435821278554,0.14352934249966365,-0.030905086992814204,0.015237720491351857,0.06181421176942278,-0.08890063975401602,0.057819623630892686,-0.029879080668506443,0.007692149013366934,-0.09614963084794291,-0.005863520684682736,-0.10249959445010985,0.0275761053036275,-0.03611057631562507,0.028287955524396464,0.07537778551326192,-0.06341146454033951,-0.01546795778347139,-0.02887938707317993,-0.008340932673107477,-0.005580006617544149,-0.02574067438750506,0.14920141250180513,0.12822774056173597,-0.06172591429362753,-0.014239415371552367,-0.019909003875297423,-0.044984826640002654,-0.08160392354775012,-0.043287961890441505,-0.07441876458045567,0.023555739100776178,-0.015987461799730276,-0.07063407247810108,0.04284562244236339,0.06231649297455833,0.053467750654742255,0.049162043020778076,-0.04206345189012039,-0.06522451291185959,-0.026064328359498803,-0.07235576527866179,0.04972441809137842,-0.04536502785377574,0.10172630661692161,-0.06147690115261438,-0.08296261573081132,-0.011454436774471959,0.0012452509885593382,-0.02226429623009672,-0.03505993367080389,-0.10329997686771901
27,-0.005887188957880026,-0.053083932823088834,-0.045078068415352085,0.03147508654605719,-0.015397867491070028,-0.06535435822260806,-0.01836959613383203,-0.06061888279127202,-0.04379336826954329,0.06661205387745199,0.008459185114890033,-0.008242849840598278,-0.028865748656408934,-0.007086033406423816,-0.014479012912235186,0.010892057443223852,0.022534666202030495,-0.0015620834726665657,-0.005417973775610011,-0.022716598971194907,-0.02814699200287114,-0.00803358087215133,-0.0097018009883956,-0.017664229100106406,-0.009434571118986716,-0.0459970420320776,0.020382575405770213,1.0,0.01113618486855277,-0.010442240607858075,-0.021887910790605907,-0.013711603746609928,-0.03708115369909008,-0.03789631769872818,0.14526017922554285,0.010831522351593785,-0.031388925817516275,-0.06447917942757661,-0.0025635181222852686,0.07639788427628932,0.006546939084252786,0.026320442113798283,-0.05279786778955741,0.027249162438854176,-0.04865325649286657,-0.01995256079906426,-0.03651126342050885,-0.04192355478355791,-0.020737937680447616,0.024580167096778988,0.02786342168833006,0.07377128386949884,0.006761954620256704,-0.04352911441957915,-0.016959155380679297,-0.007159980025430053,-0.032241029885388135,-0.022358539160822245,0.029703068251624904,0.02409078877748078,0.0252252957233146,-0.04219427540258324,0.002845145693987009,-0.07200969672420472,-0.023159334814081185,0.035628656521591785,0.018676191108892314,-0.03928575333675656,0.02880554337485824,-0.051245986826316405,-0.014183282284920978,-0.04366895863171831,-0.024522110108479142,-0.009476092834886159,-0.020933022260711958,0.01605425282236804,0.0064161401553596365,0.0524380309177937,-0.05832819640617384,0.007106865936729705,-0.037754976433028734,0.009154221066966431,-0.03366364611240749,0.009452646867864066,0.04581114856198986,-0.024807889742650368,-0.0018658583469086138,-0.02048917091075165,0.01811764731279799,-0.02402987060509182,-0.044935421997528376,-0.0425513475015201,-0.02391713891370042,-0.025074741931722884,-0.03911597493426634,-0.0028981423764263474,-0.01340130156295963,-0.013953836519064256,0.012510618501605458,-0.02325365490690392,-0.01049223345830252,-0.03939494554887352,-0.055784471231316524,-0.0366628186205153,0.008864955410690222,-0.02700050620459497,0.034413658020729654,-0.012312514122887506,-0.06380182118618002,0.001330268145150275,-0.014108544695725967,0.03650891746683573,0.004275004801629395,-0.06763835186832241
28,0.19020079936978282,-0.01109190761191126,-0.060609138193502395,-0.0909036293225166,-0.006287675484940734,-0.01311076399098974,-0.011271189325058401,-0.02933146726112273,-0.010195288066407193,0.001941168471517542,0.0015232549503470109,-0.0641049715671601,-0.002954473589685525,-0.033143266646556785,0.026840653086836436,0.006831550998500398,-0.026834191627061077,0.01397263449415366,-0.020915579962847333,0.00818875218480542,-0.02231511254128591,0.02832193287283129,-0.025450794232296306,0.0805556919276101,0.0957155907266016,0.01691678927917823,0.018719437420361997,0.01113618486855277,1.0,0.026555993027847332,-0.01887305051398296,0.02100431788415893,-0.04067333868671519,-0.010309735858412331,-0.15165056142004787,0.12223054862539683,-0.015588571023053532,-0.06550751495246224,0.049343506941608176,0.013246753114482313,-0.033622209927013,0.01982333505844104,-0.040336865410500924,-0.05505899913049141,-0.09901293922158368,-0.048029787414754235,0.00046529297821153794,0.024653791949056,0.034361174547631844,-0.06842278859809689,-0.055225847869518216,-0.05999054905645848,0.028572105932148758,-0.0011216299549756436,-0.02177183376187216,0.038890969516073216,0.004043161428044932,0.04038982121340594,-0.0985073392859198,-0.06949212013924268,-0.01626798119169741,-0.017744479935185714,-0.009057579529506594,0.07122254982720334,-0.05621306012807736,-0.06460394700124863,-0.05629067413672704,-0.03187740909512784,0.0031938068077144196,-0.046373593633434566,0.02853641924083992,-0.015692416359714922,-0.02783645508456353,0.022245256801358516,-0.0418917072376554,-0.052093255674372264,-0.013446289695339222,-0.06535026130722248,-0.05224373850065082,0.027012075201206506,-0.016557025816980896,-0.009846242185097548,-0.06419415907957751,-0.027145991326065634,-0.024518402096261774,-0.0038231295084615335,0.061059900635930704,0.024087000736508872,-0.042714636919524714,0.010654129332478394,-0.013525157144997286,0.017308368062174125,0.0025457317859558476,-0.018985161863705323,-0.059646279438787884,0.04316487035038056,-0.07280817947627281,0.016954004822941158,-0.07983786484589622,-0.020332490316594475,0.03063866793379883,0.031894979124803643,-0.04518472027662843,0.03624009724230933,-0.02775124288928793,0.006447552211601009,-0.07752315495213963,-0.02293540277382019,-0.07020863519689333,-0.022686716277024677,-0.033883378402002076,0.07359334602927113,0.03923204450044028,-0.06039745402430157
29,0.03743961139886019,0.007654772171838972,-0.03128295754699459,-0.035644718952963596,0.038783454085382696,0.028158331650054248,0.025692441031936738,-0.02095226502654583,0.01717883222942498,0.005631905071679251,-0.01439925246384189,-0.017967817920662835,-0.03134371451440615,-0.03496187516198222,-0.04013683494748868,-0.011466182226456565,-0.013081658850556765,-0.052556440543012624,-0.000760595170237071,0.009347573201978486,-0.01409355808004671,0.0027393898954645177,-0.018953150761966204,0.021545754742512836,-0.02029257289522836,0.011783750451742592,-0.0951772431207746,-0.010442240607858075,0.02655599302784733,0.9999999999999999,-0.011964422126262112,0.027443600495254915,0.027899381445561672,0.0011871209751702842,-0.05393352049210903,0.044741671168944376,-0.01687318716036614,0.0001061173061292652,0.05555817299736459,-0.05170644549235416,-0.027062292106255725,-0.03907025398650657,0.013074900449589755,-0.024086081298876495,-0.022163515173472884,-0.04320273772702813,0.035386985750093206,0.05930959008345187,0.06334720904292522,-0.023882917353301624,0.0032658163139476955,-0.049205967282085046,0.013279882930651545,-0.013919275625066148,-0.05315561890482065,0.044170868231273266,-0.04356272926792832,0.026110993354888423,-0.050067586786703464,-0.03035799369554209,-0.07229878075875863,0.020859578558811678,-0.004260300121106069,-0.0566541542550744,-0.03616017748788508,-0.04557327190397121,-0.019520619657946527,0.029534637732652646,-0.035573190930164214,-0.0037987161142565714,0.052437237552123796,0.015141017179739957,-0.04546897847360386,0.04980362339167681,0.009359405817129152,0.010456273425348403,-0.014370702561893642,-0.05146614788599526,-0.0046066906508056395,0.014496234582117592,-0.03569573299718114,0.02368806764841576,0.004742386880815633,-0.006946732901463691,-0.08157681220378071,-0.07996527746266353,0.06366861743037909,0.04120311973962826,-0.021672907722377968,0.00831595617790161,-0.0033933854524238584,-0.024451925564927975,0.03381010050452559,-0.043792347888084886,-0.018494035704307427,0.0370305367277933,-0.018947092639368505,-0.00022324326918094704,-0.03631911478268466,-0.04633723624295064,-0.010412877349201845,0.0038918070776991715,-0.004327033368251317,0.05998010767154725,-0.014536349652131866,0.04896921235960621,-0.040078206530714776,0.0008748985315358771,-0.023475165537003462,-0.002460271488091254,0.006797815988933022,0.050925033180220736,-0.0007356778955114715,-0.039594242782179184
30,-0.04253606034067069,-0.008663162787813294,-0.005167489721581801,0.027657473134594802,0.007541084412090418,0.01714385376893425,0.011399544611882369,0.010932298172882285,-0.007023723330547859,-0.04738883818824874,-0.0027118980118821527,-0.014160936440861584,-0.04607013029135802,-0.0550686300883528,-0.02393885470440076,-0.014508510615285384,-0.011590801856178017,-0.02637386477310942,-0.006606018910943965,1.8327774702367018e-05,0.01679410664714322,-0.015323831416638666,-3.0364001348393903e-05,-0.0055779621778363824,-0.024055504351145784,-0.008370724886609358,-0.03092031475263403,-0.021887910790605907,-0.018873050513982956,-0.011964422126262112,1.0,-0.016504684507580254,-0.013389400325760054,-0.008778534017723478,-0.033657321675830125,-0.02322894501185432,0.009662238995324469,0.045176993509647934,-0.04067072826174927,-0.05263783465516596,-0.0031174061697938423,-0.004813509524904962,0.014792162894008436,-0.027347643020534614,-0.0002919312227955533,-0.02376919454807074,-0.017188321938978943,0.029829507183570896,-0.0006427785271121303,-0.011990747198040276,-0.031583218377376286,-0.00476987593682559,0.0134498525651938,0.0006885699540381292,-0.04216416124278774,-0.025535758429658807,-0.008816100813397135,0.004549105739280424,-0.02043266363794906,-0.0008562692211476982,-0.0066510517253363126,3.164800762537533e-05,-0.018032731635328685,-0.04476987683719451,0.015925589696825643,-0.024851322309181956,-0.037637808161551524,-0.0023535357007998347,-0.052934069964102395,0.032020210577420896,-0.02348335666057625,-0.005747050872404163,-0.004286299374216778,0.0018387954682299364,-0.01608700122994783,-0.0046457253325368365,-0.029330445804935896,-0.019036126447569978,0.025665550152710943,-0.020239799562391407,-0.01368292198758388,-0.008945362169185591,0.01779266958131197,-0.02666782990599829,-0.020708043256749704,-0.040981279604290155,-0.027333092432397493,-0.01416341447335041,-0.0146782506662207,-0.0017764900980589832,0.007609473022355634,0.007788650043171898,-0.0021322677158086023,-0.01723263322744089,-0.014901663642259514,-0.014528946492249471,0.03827772031915577,-0.0334309082779036,0.013823598024838563,0.0118157157481897,0.004248592186366911,0.008147579279295677,0.01807595345060124,-0.011801201578703516,-0.03149105648766373,0.023222201717690436,-0.031050839555177397,-0.007955811305935246,0.013579353096384432,-0.019429148471954663,-0.010076496507322109,-0.0036061064171751694,-0.027341356080592617,0.025282612998049948
31,0.01698633027522931,-0.008092009248363329,-0.03551951074141774,-0.06027357460495825,0.009913238640415042,0.01676912749763095,-0.020005276367310844,0.004903481339318955,0.010825801650248806,0.0331159975957993,0.0034168611720210105,0.014426938030944908,-0.05825360696363319,-0.03794917282452617,-0.04650939497042876,0.03298811376648361,-0.023121840588806224,-0.04274417118563649,-0.025165622581755354,0.002763436789225761,0.021173593165724054,-0.014020866981854735,0.01783565045374103,-0.02069931834783304,-0.008518831762867886,-0.005370469852101328,-0.07250813416091341,-0.013711603746609928,0.02100431788415893,0.027443600495254915,-0.016504684507580254,1.0,0.034620675276349135,-0.01736673293205438,-0.03495200096586877,0.03322420450765217,-0.020376380776236814,-0.004853159478483856,-0.0018868772162826807,-0.054540108287170416,-0.014001744998766358,-0.02424863902460858,0.03736887295995632,-0.00024142588614424552,-0.021779677932252012,-0.03635235337756468,0.008250251602359713,0.04877920195467543,0.10731808882737515,-0.01127140742199573,-0.05046281447856551,-0.06558417356662449,0.0032752990794911105,-0.038663773976371316,-0.04263286725295778,0.0010787531364456339,-0.031782085448035235,-0.005045941877207381,-0.04924820316584763,-0.04449885920205342,-0.059909955482584876,0.028062602909166217,0.00035394531024919904,-0.04231758123126748,-0.029428805961978152,0.033626607821282774,-0.05999494954091421,0.05367523025663269,-0.013429331391665649,0.017483432795766984,0.007698601872031643,-0.027915310386862763,-0.04517687479477498,0.0005500467394053669,-0.014739998032252172,-0.012737128481234306,-0.026056999878215532,-0.059441099414281204,-0.015818523323949646,-0.008554965316538083,-0.009962422992412638,0.02715919152420645,-0.026095429406590386,-0.01953072803043633,-0.04007079889011191,-0.06862433314510383,0.021514639431485506,0.02951203940201368,0.022574926168859793,0.026552445030539388,-0.00787385979273737,-0.0211260978081199,-0.015363272951027863,0.0008975922638459909,-0.004397260995504076,0.013525348645564796,-0.0008229538325892427,0.017021691795372267,-0.05979952708009335,-0.035786190605429674,0.00313591422086233,0.032461532575081366,-0.02875380448259061,-0.006413266048397234,0.005978211285572101,-0.003643686470574876,0.012175616247864058,0.022244693897735212,-0.014486576308713351,0.06719834509461421,-0.003965781637585569,0.007711207258104612,0.012540691263015817,-0.024556303176321195
32,-0.04921005977356926,0.06668522106828757,0.01801966714476188,-0.02739687761745027,0.015906662640247315,0.03994788671676943,-0.012116370920062873,0.021182207572147307,0.007552177317244171,-0.0012999144950756253,0.05863934816807131,0.046334864528654665,-0.03860374268364338,-0.012243345096710023,-0.05374381717659198,0.0035762621961138163,-0.022991270184335333,-0.08488583305946482,-0.015887408292025458,0.0027438707911683906,0.02349335084433913,0.02064388656447987,0.010208268938659807,-0.041736423437606016,-0.052620020767423496,-0.0010881023410515703,-0.11625727853477368,-0.037081153699090076,-0.04067333868671519,0.027899381445561672,-0.013389400325760054,0.034620675276349135,1.0,0.008311077192437948,-0.0019284997502802782,-0.013147937212488785,-0.007174178857694037,0.06460929246027024,-0.030125245220089074,-0.09181641312949015,0.0024693387374706004,-0.06862515888911604,0.06275143669264809,-0.023896213785024302,0.03717644605354027,-0.019356029048806695,0.0053774678974430005,0.062115914682013586,0.044872543909639184,0.0025344181790881324,-0.05159226215333142,-0.03623716636018252,-0.016434917033193004,-0.026937291698313277,-0.07174903151357523,-0.030075906491821115,-0.05383521847026755,0.010954629026471662,-0.02148977754578212,0.002937813348737117,-0.08023279441105514,0.05370198275559995,0.02002693822936817,-0.08208265109070023,0.008677004153870259,0.005249409884476895,0.010868119033724592,0.08553570040344402,-0.0003621333220599868,0.042788659857955165,-0.020042574292964712,0.017138506837782536,-0.010456729953656863,0.03233883669869386,0.008546043742372082,0.0186606361519403,-0.01897291896230568,-0.068251256857677,0.0213149761355056,-0.04614686276300508,0.01582295941871707,-0.006608333196384607,0.007992988459349442,0.054286340905842605,-0.056531976904095546,-0.06677700000872519,-0.008918282794981138,-0.01621017711897176,-0.007008897080735708,0.02923192915259796,0.02185306251071544,-0.00011670982720673938,0.024723646343043085,-0.00826596782251896,0.024926954537903494,0.0024176022153568327,0.023025511316884663,0.006381808895906018,-0.023528765491040642,-0.022232165025599188,-0.011897259576936886,0.011778451659142231,0.02419319235591593,0.022078747320020957,-0.012114681466703095,0.03210988942196971,0.0015386947562133835,0.010310019231474581,0.07014004641722532,0.03623518876026329,0.015483461305941986,-0.00367795526751602,-0.021305791219015248,0.050261082995666034
33,-0.01304767235401056,0.06886907859651607,0.06549242004150281,-0.08147671644312822,0.02489388934286898,0.016975883984470058,0.012224080856659662,0.05759416684259071,0.014097154183432834,-0.042333008760139096,0.004783748704395783,0.01160465825306063,-0.03909434789652689,0.005125196982818799,-0.04679650610111632,-0.02720423381076777,-0.03135919094180083,-0.03834595628006354,0.012105524235026055,-0.008249055062225836,0.018948395914384505,-0.01614443572655392,-0.0044924408145468175,0.00037628106925234405,-0.03724626918499161,0.03715246428423094,-0.08929451598858486,-0.03789631769872818,-0.010309735858412331,0.0011871209751702842,-0.008778534017723478,-0.017366732932054377,0.008311077192437948,1.0,-0.08935765087204178,-0.04395911888914641,0.00557338646443951,0.043126919993537814,-0.027052777733513583,-0.06596239147038772,-0.012302883096576888,-0.07952283732713268,0.03392672214073628,-0.04183783924973981,0.02793036871470541,-0.040099488900482774,-0.003077605238510721,0.0004932316055644493,-0.005075828234501084,-0.031942742345753526,-0.06996560082658754,-0.08821435824037309,0.010690563532497071,0.013028709514647463,-0.033213376655139924,-0.03048684190910585,-0.03543742889316108,-0.010170457786230722,-0.07375904207213972,-0.044188623378263826,-0.08378295347874423,0.024075286621093737,0.03456426325428438,0.032080195042911236,-0.015987984402427685,-0.0038191942202927803,-0.06925642188929558,0.0021886956986525087,-0.04898966258365743,0.03297387832781147,-0.0034122463417222263,-0.015580041704269527,0.02703653346824167,-0.0038574621652254673,0.0011755224011159033,0.00880245949542347,0.019064234316447593,-0.09398372955360305,0.017828300178815537,-0.013573863060337494,-0.0007384378621942058,-0.00042506806523484256,0.05312905439446877,-0.025192593665745878,-0.06569050065744679,0.011098511627259292,-0.006609705513242147,0.008708287074076324,-0.025633249746475614,-0.0023259985055900053,0.014250519558228893,-0.007644037722823704,0.002415395111122561,0.02285280349403618,0.03577473485026712,-0.02868451038797956,0.02963955566358244,-0.033094229759797825,-0.022637185926667774,-0.002134773291557776,-0.007203270851729893,-0.00599426847815233,-0.0007483783842877145,0.05445445479949571,-0.014877536915244145,0.04545925704673432,-0.013984068248286081,0.007448825063995268,0.06777894405715705,0.011195349983951048,0.020250417356985347,-0.016926520461910156,0.004152948143619568,0.02428227362803145
34,-0.15848553713631705,-0.10037482947225922,0.00100529315780339,0.2751124001165326,-0.08730625697078435,-0.06900066311938745,-0.03289771513634655,-0.12219181776915496,-0.06675173393862956,0.15063506454312325,-0.029645499942525813,0.05069148342859549,-0.045342047264215715,0.08157135175951304,-0.026905937542780468,-0.005046705917269293,0.048270443245179574,-0.04837894648826228,0.03857910721387834,-0.0532860363347959,-0.052402720430578566,0.04039794467683251,0.027039284930000768,-0.1089692648935631,-0.0649084523503517,-0.07985289043065504,0.05873722688790061,0.14526017922554285,-0.15165056142004787,-0.05393352049210903,-0.033657321675830125,-0.03495200096586877,-0.001928499750280278,-0.08935765087204177,0.9999999999999999,-0.06723066768982579,-0.03980588928097369,-0.059797391825004605,-0.056514969865749116,0.05906604153189105,0.0015670924031507144,0.07684771244585618,-0.07242188126181726,0.1377001411588805,-0.02610381541032585,0.06596088367434245,-0.08363808749683668,-0.08239323567660775,-0.06726068717065002,0.137736114851886,0.12430362905212575,0.20687380278531825,-0.043410718199186245,-0.06376465153209938,-0.014565751615284025,-0.05554746200928865,-0.01343874110737955,-0.05509065704779587,0.2706526639370789,0.13357534056864112,0.08713077727724668,-0.06468098624263116,-0.09435983757891829,-0.1691599036248291,0.057534334093569915,0.04467922870081549,0.1287656007877334,-0.03543742809650947,0.13082788867926162,-0.06255673419425196,-0.06003008378504709,-0.050168996557740306,-0.004529949705176607,-0.022933947346666414,-0.021151756013906925,0.06732198177549553,-0.046682225955317125,0.1714142578681538,-0.020309305927095678,-0.031855300802876504,-0.06763070402863916,0.0061126318560933285,-0.05160112911840682,0.12229657948939318,0.0630538016368072,-0.06601975589193912,-0.075440700531468,-0.09098320822622412,0.1024111057640144,-0.05161545313785852,-0.031788077556453465,-0.0222734426564032,-0.06347570942228292,-0.11319865469649824,-0.04569214775618139,-0.0019084043872051942,0.0128409466398188,-0.03248153493267305,0.0656776616281049,-0.06331142947061838,-0.04160767573702903,-0.04450107173076345,-0.04230456071788664,-0.1308649285754179,0.011012757938917296,-0.05028508331295993,0.0658126693983695,0.005925566795958035,-0.05136465578731332,-0.025230493164042904,-0.03883541221822867,-0.035489824973080605,-0.04033102455450742,-0.03643654299021233
35,0.14193053848109835,-0.003656522943166072,-0.07866149481786475,-0.07766580451161519,0.056905819792809585,-0.02753352647273163,-0.012666268988503995,-0.03793247355649795,0.011820702716275425,0.04865860141897431,-0.03448560762175663,-0.030495373573561545,-0.020808181922123803,-0.051673544877129225,-0.01771151205459553,0.015029837107693723,-0.03653862106826708,-0.023308531818850124,-0.017335586241999237,-0.00509101949965395,-0.006928052012331334,0.00046514972643187937,0.030967593735572386,0.05791547719408891,0.043880508661971074,0.003428968621960595,-0.03733877730273922,0.010831522351593785,0.12223054862539684,0.044741671168944376,-0.02322894501185432,0.03322420450765217,-0.013147937212488785,-0.0439591188891464,-0.06723066768982579,1.0,-0.038296343105690724,-0.044101699476895004,0.08654494216064655,-0.0077066712792445416,-0.03683921481828045,0.0107025995658617,-0.011574389517128204,0.004215781107184128,-0.04785064964476114,-0.03695385957777443,0.013805892387242804,0.04126490229775046,0.0895926689747008,-0.040952193127222335,-0.026395930293182723,-0.06310391571071963,0.03187214849997859,-0.01675958289756246,-0.016617642696166498,0.045802934605958474,-0.020719866330879008,0.03582051253177769,-0.07501998705021852,-0.043789362007181046,-0.05582716384614023,0.001462896306190986,0.02720141179240225,-0.035801761221225185,-0.034086490939217735,-0.03458704237861612,-0.034054235230166215,0.012392641041546177,-0.04418785793507805,0.007630427853314177,0.09084189354912417,0.016960297524290038,-0.07926490878974694,-0.017554125679088355,-0.02984929150891957,-0.029967638902407775,-0.04816616441224271,-0.0327632255616058,-0.040325353382977706,0.029995704420710315,-0.03410372368486718,0.05171214520522649,-0.03325528422356276,-0.03060177707426811,-0.03832731311754004,-0.0954752575048102,0.06339344781636841,0.0313848958552129,-0.017422522365384583,0.028534597909674806,-0.02610523663355904,-0.019014021138324785,-0.04165189125360914,-0.06372417803574688,-0.04554697315850134,-0.0011532505394370443,-0.03843717677706399,0.031417627812644254,-0.10032273714947504,-0.025848210253313596,0.009408781017469142,0.020987244623982094,0.018672918570953462,-0.012676320078774232,0.005452970080463794,-0.028545441487088805,-0.049015547079635104,-0.005627941787879291,-0.04629463687068697,0.07508527902087773,-0.011997006264609998,0.09629519600157863,0.0391042121555284,-0.051662464729226365
36,-0.01352600000151105,0.013883472211689118,-0.011845689212090752,0.02402523917426671,-0.01479605358027551,-0.011226422819011811,-0.005248923510046729,-0.019929995061586662,0.0014633879918093924,-0.0283825503335264,-0.013522647614736486,0.009706086137070366,-0.028607202935864936,-0.03906186595536055,-0.026168945079394296,-0.035500065053707994,-0.004455302528177119,-0.028882876897510207,-0.0021111840337374108,-0.011530894428120666,0.009560416088768033,-0.02212011646887522,-0.004233861904336969,-0.017266970197963458,-0.012250372626776983,-0.0007136768677680983,-0.06626576452750016,-0.031388925817516275,-0.015588571023053532,-0.01687318716036614,0.009662238995324469,-0.020376380776236817,-0.007174178857694038,0.00557338646443951,-0.03980588928097369,-0.038296343105690724,1.0,0.026506974342898157,-0.003710938455722568,-0.07420923523843814,-0.034096765205964205,-0.0072492211273083255,0.018384208956559542,-0.026030868293029117,0.03347666554301372,-0.03551228396560789,-0.010035775877093011,-0.014149008928797356,-0.011282273176833101,-0.008262694518441362,-0.028457145896837205,0.012270402203702718,-0.006283507516657105,0.0039873105873321395,-0.03008413767853484,-0.00400861100506776,-0.029492964567691564,0.015131232285034258,0.01985272403155437,-0.03585284483800815,-0.0323843667591327,0.035935820500766505,-0.012043953071376096,-0.06117584308407175,0.03166424699485278,-0.006471295995898458,-0.023176711579275096,0.03347554335001649,-0.054424254975191724,0.010198392844821018,0.02497013637148183,-0.007139036566878374,-0.020008038624147167,0.005810920265427516,0.024558916322448002,-0.0027236820810535045,-0.05126216300313178,-0.007288469339890024,0.021590898874843806,-0.03505666278654084,0.02126151924842665,-0.0003356490716077227,0.0065433045775791475,0.014443047655230766,-0.029924920618189837,-0.07909413146853776,-0.023959738168324734,-0.013024942662254502,-0.004070020691659645,-0.012052569436935194,-0.007823206274727943,-0.010754448802655974,0.00792641382368324,-0.027656517632239076,-0.018885137955347384,-0.02509901257792458,0.040098017735636725,-0.015181359550968745,-0.03762434416396689,-0.0031661261701888713,-0.018836481607553742,-0.027946646214329823,0.004135881538859338,-0.021093403741823082,-0.012053799266918321,0.013700029212262498,-0.02017334152983541,0.01196206525943659,0.016404424299358292,0.016455242002799478,0.003274858840100385,0.0023842122027626605,-0.014008747975027297,0.004550300679715829
37,-0.058513692689066116,0.03725083965616796,0.036641886484204036,-0.04632190375634649,0.0007885419130048476,0.06188820233910088,0.013082399364775331,0.08493735449055421,0.010050407347555702,-0.04065699691632285,0.044970945521274244,0.04479862405560632,-0.03177137791010424,-0.02877424700486188,-0.05301840506908784,0.009955172863650556,-0.030891967227245267,-0.08416133958251164,-0.00032665302167551175,0.016099994309350465,0.07755258085421915,-0.01913194655956423,0.004172472322743454,-0.006515164075914823,-0.03584637508355745,-0.005256527746562538,-0.0866140026030874,-0.06447917942757661,-0.06550751495246224,0.0001061173061292652,0.04517699350964793,-0.004853159478483856,0.06460929246027024,0.04312691999353781,-0.059797391825004605,-0.044101699476895,0.026506974342898157,0.9999999999999999,-0.06519766591959777,-0.1304019156403739,0.005462570467986899,-0.080843190695056,0.10501855975719693,-0.03430253205127659,0.06221286239167707,-0.021836997168489677,0.0010274359268869291,0.035835396811840926,0.033033293760806555,3.410764226652254e-05,-0.10165880401667372,-0.06262579442567631,0.001703919812697573,0.01922066431620207,-0.079964822429132,-0.03826916482200291,0.0006729800649927588,0.05201838201887626,-0.05280969609219999,-0.027519692471295928,-0.09272120735202966,0.017258623852898117,0.01718490029716034,-0.04528776884286748,0.03411930371007747,0.013697456440156784,-0.034679848057543344,0.05818774421945763,-0.00404427061929653,0.08223065905029038,-0.06419505964363037,0.03892003893383221,0.01958582040409435,0.015285880379985604,-0.020279766462015875,-0.016090729885805094,-0.021601988477757565,-0.09274324588733243,0.1369210971782981,-0.03653323998786813,0.019681175785451397,-0.027814714251860596,0.050435066844090465,-0.023217365695224614,-0.045915571947778365,-0.021551478738831623,-0.026138058968757177,0.0038241159941044328,0.005844896467199958,0.02623731382844823,0.021308961130280045,0.04532690878024301,0.0377057735961115,0.04646292490145024,0.07119926498800341,-0.015440846546281646,-0.0004876662480782074,-0.04375118807859261,0.005794620541256582,-0.011817291282529747,0.003929916519760351,0.003761360062326309,0.06928147712056408,-0.02306244926826941,-0.02467993607791707,0.014523836718001762,-0.006562890979777531,0.0073982428283562215,0.14654489714390787,0.04347551882043298,0.0027579720334509326,-0.04634316362417636,-0.02808180776727212,0.14415915484888187
38,0.06990117180343632,-0.022039604832316134,-0.05225996994277053,-0.05353804961870973,-0.012019493324189296,-0.005430072834747547,0.021479721290824753,-0.05705563322836896,0.01930079228253139,-0.005429253243604671,-0.030036618920288184,-0.06603886988455722,0.037673446994195975,-0.015555071849964285,-0.01006230839804618,-0.03905498410478988,0.011321983481892825,-0.01930860285283505,-0.02142842410379297,-0.011055301324856309,-0.04592301754486875,0.020490738818063275,-0.06173869842012066,0.040743988375500674,0.024978497713750967,0.02158563160934081,-0.02040572798399466,-0.002563518122285269,0.04934350694160817,0.05555817299736459,-0.04067072826174927,-0.0018868772162826805,-0.030125245220089074,-0.027052777733513583,-0.05651496986574912,0.08654494216064657,-0.003710938455722568,-0.06519766591959776,1.0,-0.032756934890559836,-0.04903828913404881,0.020770251874763963,-0.05164324388651889,-0.018411763132772267,-0.061108031082632304,-0.014501971426661217,0.052627318239991845,-0.01605457720775295,0.010443562273614865,-0.05591905727631262,0.00531403294472216,-0.029839454630730892,0.037573258639785036,0.029189499358001563,-0.014419057586869384,0.18054246229450602,0.0032796193735342206,0.0098749207143179,-0.04690331052754934,-0.02331805497627668,-0.019989907494931493,0.008040675574707194,-0.018213063399578195,-0.015502803931146275,-0.02956296024066484,-0.08024327331639299,0.05684952451895611,-0.020544667860342317,-0.041908820521081885,-0.04477214152804084,0.15966562920061253,0.055591589713699485,-0.033151949145117196,0.05655258707394792,0.08389390836747042,-0.035196735345373396,-0.01728100506307962,-0.02390433433417244,-0.030063367521949106,0.025356866870802363,0.01199377372430361,-0.0373956260980819,-0.0517386444312659,-0.01047197147998462,-0.01704415486796564,-0.08027883583405943,0.04629309751668646,-0.0025606473011264086,-0.041422509639652175,-0.05079463869671223,0.010666135359568433,-0.030936460221623382,0.005475366690714738,-0.0814746247133945,-0.06676044393827787,0.05257098976383089,-0.04734791998924137,-0.013078974787295325,-0.06483424658867032,-0.03409743227751464,-0.029439453439217673,-0.01371939706530992,-0.02843649451850392,0.044825333068194834,-0.03549053793709223,0.00585279894198611,-0.09177940638112393,-0.030267136165277403,-0.07833352500836832,-0.05349018271741797,-0.0385175215182657,0.12887015923399917,0.011249872569987504,-0.06337137649056124
39,0.016381942366179267,-0.07736026032997546,-0.05283907436295028,0.0340504245127814,-0.08695301147682105,-0.12606985887069716,-0.08343994828862662,-0.0673776646570194,-0.06078336562408158,0.014995126532678954,-0.054083351235853706,-0.06702614849465695,0.03009039380902505,-0.006435481456237178,0.10336147237906385,0.04425475655622103,0.022682032865958726,0.1561514338550192,-0.04371124171580673,-0.05849112794989985,-0.1161637009338453,-0.023883928828057118,-0.020776352455063457,-0.0018218967188468097,0.007625726496291159,-0.04710898846008865,0.23663647128116247,0.07639788427628932,0.013246753114482313,-0.05170644549235416,-0.05263783465516596,-0.05454010828717042,-0.09181641312949014,-0.06596239147038772,0.05906604153189105,-0.0077066712792445416,-0.07420923523843813,-0.1304019156403739,-0.032756934890559836,1.0,0.024101565474487007,0.07798948999018444,-0.17525982616746721,0.05475982813263093,-0.048461505104166844,0.08054595394947973,-0.06816520356166647,-0.07875528308702943,-0.056257830157134474,-0.00856298928564419,0.10246023695008398,0.08674183825922493,-0.056498963681408346,-0.05435103028095736,0.09697041815744373,-0.026497002617903116,0.07776237618290038,-0.05031639518050442,0.008014908672743199,0.005275282044151674,0.18306936773515714,-0.07844003195679446,-0.049341203565851845,0.08497382823652014,-0.06959008103967582,-0.0023038965530206602,0.10727867494279134,-0.11881094997188363,0.09646705705133339,-0.10485588148686267,-0.051395765311080845,-0.049340977236627025,0.008002709639705435,-0.03530650389681676,-0.036711749527013275,-0.03425333961804408,0.0411358319318924,0.09334262106422943,-0.11167461153674468,0.005278220599955968,-0.05709706385330402,-0.04754021179427238,-0.029369909448036864,-0.024279297470067157,0.2019853197384531,0.19534195108065372,-0.02856323215209892,0.006196628564848084,-0.008254577971791879,-0.06033132184490667,-0.0640188319957046,0.04235509369308107,-0.07849832740898134,0.043716748897396046,-0.0339027623679099,-0.01773263982406392,-0.049508291767150006,0.056587592295761296,0.054601644046845296,0.030943371914171895,0.007854588608104571,-0.047248402408839,-0.032827571905979014,-0.03969273128365143,0.018075614124984745,-0.06418358105458905,0.10922738192252614,-0.06462920158652262,-0.13411708062907066,-0.1271754214073062,-0.029862362500227165,-0.011619403701404024,-0.022328895239916505,-0.09903572558740721
40,-0.04095169985855238,-0.005777219505090928,0.010807538747396673,-0.03726513701728771,-0.0024780718263158696,-0.024035085786708096,-0.0262830334719287,0.009498080219388692,-0.015816157459897576,0.007936463299271376,0.012739437231082949,0.018102270058727443,-0.025669659063962732,-0.011240885672831295,-0.020227628430053112,0.022623592721528803,-0.010445470656825414,0.012192951971917023,-0.006051888610065465,0.002938966502779201,0.003953653728431134,-0.026351601636067805,-0.014791640976290666,-0.007817374464023969,-0.017194818835383464,-0.03260143391253813,-0.008419744253838096,0.006546939084252787,-0.033622209927013,-0.027062292106255728,-0.0031174061697938423,-0.01400174499876636,0.0024693387374706004,-0.012302883096576888,0.0015670924031507144,-0.03683921481828045,-0.034096765205964205,0.005462570467986898,-0.04903828913404881,0.024101565474487004,1.0,-0.05239732230779906,-0.006674828903656208,-0.018796421996611096,0.011152475605076323,-0.011889013985974431,-0.03087472803537263,-0.015869589710478305,-0.015891005829787513,0.005595490526867545,-0.03084483091354103,-0.009214221628056378,-0.027832386250588485,-0.032422730272824093,-0.0014369760892714756,-0.052066597577466574,-0.008824311925349774,-0.009603534830931062,-0.03432812457419007,-0.010672493090491017,-0.02417567323180552,-0.011881554266089053,0.02133652603043845,0.022067874063651034,-0.008706999868285579,0.05337045527938904,0.012331010368357863,-0.013518121592280163,0.01756384690039808,-0.011065038488529527,-0.035072495570330535,-0.03197667854735863,-0.004788028682586759,-0.019687436664539714,-0.033502364107554916,-0.0006763526446957671,0.05933962551171021,-0.008714338298572983,0.0036298067686457818,-0.023948285652480177,-0.018717698532116068,-0.015330094517051918,0.002826375362813243,-0.033893347392909084,-0.0021681567489308935,0.0911147018138756,-0.03815820900008265,0.023436673897784685,0.0013453622600909684,-0.007972333573905154,-0.021426659404216983,-0.004426003901468954,-0.0006882301183520136,0.0730355155731143,0.021814168668846064,-0.04181064810824879,0.0031365375859761487,-0.011083346097800607,0.014125035126731404,0.0014694770418116083,-0.023071375536555853,-0.01370511497999878,-0.011281803106643165,-0.008067548721910808,0.01612075946747241,-0.02683834439326534,0.10028036719592756,0.0012191242489561155,0.0035472763548279915,-0.023106498869895322,0.028470739831506275,-0.034730352146105044,-0.022513947850374586,0.01637480964639691
41,0.008241762498937483,-0.060022864751387184,-0.049283342148833446,0.1186906256505351,-0.030474951506166345,-0.030344962338936552,-0.0276932213180662,-0.09420234120954224,-0.0293666215343759,0.04009107608708268,-0.06265439176961887,-0.05278513324877232,0.06796806878050518,0.031465981868668044,0.015861226525153458,-0.06481164149435908,-0.002061248880681179,0.00560797628963505,-0.03418887851622505,-0.046178171010838,-0.07473667174756718,-0.03346834138448137,-0.0038037029136588486,-0.030766612444954603,0.022157125130729274,-0.043242273689268355,0.07123458886132117,0.02632044211379828,0.01982333505844104,-0.03907025398650658,-0.004813509524904962,-0.024248639024608578,-0.06862515888911605,-0.07952283732713268,0.07684771244585618,0.010702599565861701,-0.007249221127308326,-0.080843190695056,0.020770251874763963,0.07798948999018444,-0.05239732230779906,0.9999999999999999,-0.07022785950184036,0.0546928250568525,-0.04903398248471403,0.010818671828778336,-0.03371452844781003,-0.055748433466961136,0.006272014274592192,0.00044561901338374075,0.06426125880258927,0.07372058873568368,-0.024366110901966467,-0.05407204323366587,0.030562247318098677,-0.0066491933091760436,-0.04172343888806514,-0.018181835905342968,0.10783180613913926,0.01657379281598839,0.15311474601344915,-0.01221271384383349,-0.07723783770134511,-0.14636248613679329,0.04085158450513669,-0.028720002740330267,0.01482556131897093,-0.020638380881284255,-0.00018719014804698063,-0.04405543011330003,0.017289925882599668,-0.03748553590193301,-0.05955992579930022,-0.07200293428587022,0.025842219441827446,-0.03638718057171811,-0.08997272146949141,0.11515003058454931,-0.04326816074414818,0.010175892669668656,0.018853755795367633,0.014234372505895153,-0.06068840768307355,0.02064983314922185,0.0709775198207033,-0.11404572672514923,-0.016702754573424433,-0.06203433062418889,-0.010154182500257786,-0.03959419603107241,-0.04923015661124935,-0.037641189694307985,-0.05409386057724232,-0.11298649000791257,-0.06635232107222047,-0.016428359834617497,-0.004565845044392961,0.039395501110086224,-0.03907263057802811,-0.04791237520899273,-0.0371416426065673,-0.034735829570369116,0.004401402145124648,-0.08649903277038808,0.006809754639386586,-0.027720275892968146,-0.03486494416696537,-0.015459604765856005,-0.08672489723750464,0.04481543337931981,-0.04655042621288929,0.008749751110574114,-0.004960404647881175,-0.09161262431896465
42,-0.03456856220149876,0.019347961791985915,0.010706080140462985,-0.0392334587999834,0.0074089676446736025,0.09396409587512355,0.012523905178738519,0.026806654695459804,0.014871177957297232,-0.04292401710593393,0.075007597107797,0.03914395095246098,-0.040708201486556954,-0.036011631505570456,-0.04305660415239287,0.003930471237324108,-0.044268341018300135,-0.09467667762277097,-0.004204148656681199,0.055606639260512174,0.0799073574903043,0.0021768768190523653,0.007876173452528777,-0.028699281988861368,-0.010003060563459454,-0.01706641396051676,-0.10942852745646597,-0.05279786778955742,-0.04033686541050093,0.013074900449589756,0.014792162894008434,0.03736887295995632,0.06275143669264809,0.03392672214073628,-0.07242188126181726,-0.011574389517128202,0.018384208956559542,0.10501855975719693,-0.051643243886518884,-0.17525982616746721,-0.006674828903656209,-0.07022785950184036,1.0,-0.058282395414363655,0.02192379362469407,-0.008030028333856049,0.004374340822125776,0.0966426481493811,0.07177393286148416,-0.005177280340794382,-0.10821309095108574,-0.0640888031631083,0.015308156444239815,0.0009602810822083882,-0.08482809750955037,-0.025590103394844976,-0.00808512814279273,0.029643070349277333,-0.06163187237564603,-0.039140600274292975,-0.10594624510805445,0.0032290063352733945,0.055356583654571585,-0.055762482552278496,0.03862121980028488,0.0179346639341524,-0.08393980164508182,0.09309509832306037,-0.03164132454140474,0.03604079269846926,-0.0438830928912948,0.01272862384180176,-0.006178933838795598,0.051137371128628394,-0.043045383599082665,-0.020044709066150572,-0.04488450331690079,-0.10653445459809624,0.1091429878514583,-0.04741610128256918,0.018470159668340057,-0.010809060371010131,0.015120410419073168,-0.002944860920468788,-0.08279110711914296,-0.061380538561061154,-0.014458135891089336,-0.029702234985288716,0.007392015410372539,0.09009604953521343,0.02811742107843613,0.02638417805538282,0.01854828220840752,0.010483032986343514,0.03976216297673285,0.010847809736437118,-0.02157076742643097,-0.054317185092100095,-0.0346791456053621,-0.02997923622737097,0.03003140868707107,0.012330931585897832,0.04851625649589604,-0.013757157165021882,-0.016913476709190096,0.014899993563087516,-0.07723825216795437,0.018015270702920153,0.11232595190242545,0.21666464187156914,-0.019437801483357376,-0.004510834119833727,-0.030243671933605054,0.10926709634494274
43,-0.01528024195365528,-0.05244360628836856,-0.0073711055771940965,0.058731242736507566,-0.07352403358233958,-0.03226084339412923,-0.03254504528855531,-0.06518526228718036,-0.013510296744940996,0.04162198938412557,0.0003929871484248372,-0.013029891788449122,0.007011744073034949,0.027439986248105463,0.0307268832276441,-0.01046145273587421,0.004016980455094343,-0.005491363764605738,-0.013589946070021751,-0.03633250432729612,-0.035910415858183366,0.000340843937833779,-0.020273462076073147,-0.011392144092953103,-0.036590878588794735,-0.02692787669947597,0.05084636387803621,0.027249162438854172,-0.05505899913049141,-0.024086081298876495,-0.02734764302053461,-0.0002414258861442455,-0.023896213785024302,-0.04183783924973981,0.13770014115888046,0.004215781107184128,-0.026030868293029117,-0.034302532051276584,-0.018411763132772267,0.05475982813263093,-0.0187964219966111,0.05469282505685251,-0.058282395414363655,1.0,-0.04345894451915473,0.0569893731525226,-0.016866809740689704,-0.03856958706739628,-0.028892713384895026,0.02514196457085847,0.01636733379502999,0.024642118640027074,-0.05890023844377438,-0.0017049842927314952,-0.022195952113427807,-0.017369490607001725,0.025546028550960456,-0.05266229670196236,0.04891078100855773,0.024163265992328837,0.05875516503399343,-0.038264620362015216,-0.03547641893312785,-0.09690236488615588,0.013763845902498292,-0.07870586954627258,0.0541105793855907,-0.03579466411956715,0.08106263881715434,-0.04307736230524915,-0.041207427348548764,0.009993096724797089,-0.007290327406573507,-0.012444992765304391,-0.021389879642994866,-0.018673795272522237,-0.0554286630957799,0.08355160164573346,-0.013789518457241154,0.020667653946632072,-0.01811190881473324,-0.040846919624469964,0.017870431525220307,0.02039726224715063,0.0444824726277565,-0.05857375391945366,-0.021618649942334638,-0.011275600748655067,0.0017523414982099747,-0.05470128488567026,-0.0025779000862428017,0.025491315359044184,-0.03023570301275106,-0.07473825373861086,-0.02771876079479552,0.03225319401769792,-0.03323821976310402,0.004650195507705359,-0.04915296924783053,-0.05928769264325314,-0.017064210993504806,-0.018644255931091074,-0.017743531462624158,-0.05931142334404198,0.028619838288185824,-0.029562998332096347,-0.02479645863839891,0.031104539084500737,-0.03993487254224673,-0.028316347863478798,-0.06196436595226838,-0.03230874258428596,-0.016909341933821723,-0.03268846850044355
44,-0.08078018187945345,0.04083070581275313,0.11058035931041289,0.02817973662367533,-0.053123479283704096,0.02339136573920907,-0.04048330340052971,0.0026837321132723666,-0.030295033799805967,-0.07034415413740207,0.0089670552516839,0.0028673528618026675,0.049241672675452736,0.017996236922830134,0.003393244968889055,-0.012569969112062283,-0.02725131101950003,-0.02221621476393781,-0.015657645361922,-0.022377712439467606,0.02960640813239214,-0.012776957842297574,-0.04698844124614578,-0.0024676225642202274,-0.043218953282711345,0.029635612200215492,0.0216827560441646,-0.04865325649286657,-0.09901293922158368,-0.022163515173472884,-0.0002919312227955533,-0.021779677932252016,0.03717644605354027,0.02793036871470541,-0.02610381541032585,-0.047850649644761135,0.03347666554301372,0.062212862391677066,-0.06110803108263231,-0.04846150510416685,0.011152475605076323,-0.04903398248471402,0.02192379362469407,-0.04345894451915473,1.0,0.03054380943211718,-0.018817290384288164,0.004062130167037251,-0.02674808003381326,-0.018158551475379193,-0.01463545655794595,-0.005952501794941043,-0.0309763905800719,0.05481518976682942,-0.022418193874004302,-0.03225243161215605,0.025631581879894692,-0.002307287279937658,0.000603223838246607,-0.0141929191066985,-0.020160438697717366,-0.01001425115546545,-0.0035282163493967566,0.012632529394538477,0.000551246212710166,-0.02546934682609704,0.04904212875147232,-0.012175837212220465,-0.005163020466167603,-0.009188054765502173,-0.07795824026399502,0.020933145670992175,0.035668211980643405,0.020179872800636402,0.007769856946761303,-0.0038928314948663088,0.015188974615195694,-0.04649865220397768,0.07567349597698568,-0.0453214437672153,-0.0003394974422588972,-0.08755809499625009,0.08086666529034021,-0.035129648976476094,-0.0030244698476057023,0.04487224059156278,-0.04806431134511618,-0.0014345152524973864,-0.027343303123652407,-0.034085625510250774,0.014869387679867908,0.06295813632531139,0.025029390460964328,0.010172606641712061,0.018681721076008812,-0.021188667768630515,-0.0026478016340115234,-0.01579708757979231,0.06897922553644105,0.013895744799720382,-0.025498891271820406,-0.020399253370698256,0.0727970240032883,0.01071906607402999,-0.014777019296459722,-0.0005244075399192483,-0.05745268685544983,-0.0192029012189029,0.08397990402571262,-0.052777317138650845,0.000578722240975198,-0.055955718007822654,-0.027496586614200742,0.0838692748494436
45,-0.07035483704731338,-0.012899899315119364,-0.012311169684224334,0.06311939998941268,-0.0054556375176474815,-0.06016451573258522,-0.04701581638043292,-0.025533963726794794,-0.024930560008806498,-0.008873435544569715,-0.04200080538267696,7.816951643621041e-05,0.04955604421027283,0.08526760760857176,0.03274539966728023,0.01772773569945732,-0.01706732564721851,0.05510973806628798,-0.026612652927495897,-0.05263644549689978,-0.024572598979178545,-0.006597873109643308,0.027841064250955113,-0.027412569093547754,-0.012660468224171346,-0.04300688965804761,0.04096482896950356,-0.01995256079906426,-0.048029787414754235,-0.04320273772702814,-0.023769194548070742,-0.03635235337756468,-0.019356029048806695,-0.040099488900482774,0.06596088367434247,-0.036953859577774424,-0.0355122839656079,-0.021836997168489677,-0.01450197142666122,0.08054595394947973,-0.011889013985974431,0.010818671828778336,-0.008030028333856049,0.0569893731525226,0.030543809432117177,0.9999999999999998,-0.047419794268179875,-0.01822125857911775,-0.052559535126438205,-0.01236421416306829,0.055389434116519205,-0.05062618699553858,-0.03937463096374854,-0.05741559407965554,0.033359595638552404,-0.004262623866736051,0.0058792442981384875,-0.05225760937401858,0.02963580502638087,-0.008942487158616655,0.04657902621178506,-0.014368173478505566,-0.025746913813149443,-0.020571728826718857,0.022468253231419627,-0.018608412265975798,0.0703068727291891,0.01071700455377109,0.06752134248175766,-0.00014322439628166757,-0.014448421476426677,-0.006627590605401243,-0.07160464188120122,-0.056539350871333265,0.0167956956283281,-0.025126667554463106,-0.0016944010258207406,0.009672592537070406,-0.026971139125755536,-0.024687375461956415,-0.008288653379117219,-0.01656519097134441,0.01201786306408146,-0.01549397926825954,0.03152050683270096,0.00874874685572788,-0.024596353933735653,-0.007407686980837279,-0.030527925440436438,-0.010159564365173348,-0.03063544222804757,0.02675410092073036,-0.03885306264675451,-0.06564011511504075,-0.009203725388867108,-0.043783953792833986,0.0170620071217902,0.02974919846631954,-0.07688915924387982,-0.010352598371279168,-0.03436023799537656,-0.04687937703561204,0.009667896045655077,-0.047361494704057254,0.04430071209643106,-0.019899532137551867,0.04007745666692667,-0.018917127435001634,-0.023696653597970685,-0.002186065149565924,-0.020917841540419837,-0.05002754612128968,-0.030760595850746024,0.0018819467038858801
46,0.020691184098677137,0.0007763816025191225,0.0020027711214043353,-0.05853827736483309,-0.004030066892080697,0.021012320467696733,0.01898138288968795,-0.010054492457974573,0.018077304720261582,-0.027409625289148313,-0.011572958479954933,-0.02525745089206744,0.022075573219859833,-0.004508556731127274,-0.024257024401169742,-0.05969341362743612,-0.021000101354480893,-0.022010421281965935,-5.372414444705631e-05,-0.0006258386589231135,-0.02522548865660474,0.030061429364894848,-0.029991334710225265,0.008332362977681907,0.007269818191481715,0.03822716451119109,-0.055692320881202795,-0.036511263420508845,0.000465292978211538,0.035386985750093206,-0.017188321938978943,0.008250251602359713,0.005377467897443,-0.003077605238510721,-0.08363808749683668,0.013805892387242804,-0.01003577587709301,0.0010274359268869291,0.052627318239991845,-0.06816520356166647,-0.03087472803537263,-0.03371452844781003,0.004374340822125776,-0.016866809740689704,-0.018817290384288164,-0.047419794268179875,1.0,0.01463045931854885,0.013952543665249827,-0.03421697047998101,-0.013007922398385004,-0.06416302829151393,-0.001027500655776938,0.040119428556879895,-0.03603525353289539,0.045901084286134236,-0.019703128994911886,-0.017999133941969128,-0.029138431072397927,-0.030238593427472187,-0.056748228366801434,0.003712843950912292,0.0065629512637922684,-0.023757001172152434,-0.02228858469943241,-0.04071346050608374,-0.017505591211865183,0.0368561066665565,-0.048874954121871525,-0.006865844261999844,0.04203343437541653,0.04204761625524412,-0.03923893823491948,0.024879763672331405,0.03571862306761652,-0.015485343532733,-0.033196795986973705,-0.04647462966133912,-0.002891421525018258,-0.014488160261674588,-0.010912432544013079,0.00015413324989404457,0.01136641183955568,-0.001525163171322639,-0.0673372567654193,-0.07160095501853361,0.04656244473673608,-0.013811954605204941,-0.021777150265558088,-0.005062595152040275,0.007649427920936682,-0.0326718448656447,0.01603788634286835,-0.04685272764086734,-0.02901642353380783,-0.003041526705871083,0.008195934745207498,0.0014126364261517826,-0.02310857718141395,-0.007901973341446442,-0.029603421965799064,-0.003951352901906395,-0.008070390215522064,0.03425473721786266,-0.025754295531451456,0.02847091738459024,-0.04813699919255897,-0.016107621728024112,-0.0023600236841243042,-0.0013238059973637699,-0.008686475045279194,0.021444381567736256,-0.008240256256712203,-0.00824657792227518
47,0.02577127933524504,-0.000802647633220447,-0.024876667545543178,-0.060749525362907696,0.008068145312358896,0.04874767757752082,-0.01644735550603907,0.020096710395925588,0.005619953682596494,0.008871968663039692,0.03157412427543754,0.024707582436647068,-0.01949958821809625,-0.02646646816024609,-0.023346891999169384,0.021721443079119357,-0.03910773885446325,-0.07538701534511445,-0.028300417381446497,0.014117441897583216,0.02146014127271011,0.019745787932402295,0.02055159063049074,0.012289234731884766,-0.001507039414031813,-0.028688997696282106,-0.10464140569082821,-0.041923554783557915,0.024653791949056,0.05930959008345187,0.029829507183570893,0.04877920195467543,0.06211591468201358,0.0004932316055644492,-0.08239323567660775,0.041264902297750455,-0.014149008928797356,0.03583539681184092,-0.01605457720775295,-0.07875528308702943,-0.015869589710478305,-0.055748433466961136,0.0966426481493811,-0.03856958706739628,0.004062130167037251,-0.01822125857911775,0.014630459318548852,0.9999999999999999,0.07236483443809202,-0.007570285067256436,-0.06507966472513871,-0.06598734763192467,-0.02201357718397006,-0.0073840350810530815,-0.05819399095426434,0.001314247124793546,-0.02959850004414703,0.006864636571650673,-0.07857952992933194,-0.03071443889515279,-0.08259965688346749,-0.003922368870808804,0.03212986699241234,-0.053030516740937936,-0.01041746597724928,0.009293553917391948,-0.03305148101966637,0.05459684872162134,-0.04090388543478281,0.03348728766053894,-0.009933432676689856,0.018203826385525,-0.039976456801801105,0.014742309791677457,-0.028867684915974936,-0.019441408571007075,-0.03129334546195637,-0.06775809302339604,0.0195731972446651,-0.00037965200764980767,0.00694716153421879,0.05044910956943072,-0.00010271008916616753,-0.021211168905403078,-0.05359870210682313,-0.0587000283060611,0.03612353701831285,0.032649742116103865,-0.004692136815887121,0.0569394323919225,-0.005065504993574831,0.02106712723347015,0.024412081862887142,-0.008157854566428256,-0.014805736753254702,0.039927447127637815,-0.03188853884683417,0.012119329941155922,-0.04799677225734484,-0.03901744423950188,0.009486882411360377,0.032728798659842635,0.006760345695175314,0.010081439137172899,0.004830278047575145,-0.007085977160542724,-0.03923072899833839,-0.0015494580021820287,0.03677096089381634,0.07041498136872601,-0.007009520237964477,-0.006960928884708971,-0.008189653687750095,0.05102194056905411
48,0.05748688370216876,-0.01809724734797139,-0.039192816560291006,-0.05616264838931114,0.024797070185570626,0.04676847293651759,0.011748427836639005,-0.020832699158791365,0.02076117860480797,0.056115643525283254,0.012150195351194493,-0.00672513592071279,-0.038189677531334454,-0.05451126536785036,-0.0581024078466273,0.0465756695830683,-0.05679880025857806,-0.06504803041075558,-0.02614603783246259,0.023861269076171386,0.0460865872919789,0.0068225616570607266,-0.005355563681179418,0.019264074879519047,0.017183226667317104,-0.007492484377670934,-0.08422793138997475,-0.020737937680447616,0.034361174547631844,0.06334720904292522,-0.0006427785271121303,0.10731808882737516,0.044872543909639184,-0.005075828234501084,-0.06726068717065004,0.08959266897470079,-0.011282273176833101,0.033033293760806555,0.010443562273614865,-0.056257830157134474,-0.015891005829787513,0.006272014274592192,0.07177393286148416,-0.028892713384895023,-0.02674808003381326,-0.052559535126438205,0.013952543665249827,0.07236483443809202,1.0,-0.007399032518620904,-0.07592678352524086,-0.06998168126080809,0.03903228531656385,-0.011269400205550659,-0.07614376490766046,0.03415722950559851,-0.0004736109867108434,0.08873018829410224,-0.10383830514861406,-0.04704403302013705,-0.08076170166627042,0.008898825532750029,0.0071374535727937605,-0.056810456164204035,-0.008844900880598326,-0.022513588020200377,-0.03838986113188481,0.07223556387038962,-0.02184886738766749,0.0016653563087403837,0.005230741220105823,0.01299211364731197,-0.04073250881294555,0.036812085776031636,-0.036961363243834214,-0.03648319228996154,-0.05960298456644195,-0.10594445941514831,0.04235332139795527,0.010554691938817582,0.00777115928036629,0.0036697732201508948,-0.03032911266857832,-0.028250961187546636,-0.050404668727927975,-0.10394405011347606,0.0459386375521224,0.005219633170513702,-0.009428198514153779,0.054552133014881835,0.006524114768916692,0.03742087383168999,0.0043736546857777395,-0.02156744015521536,-0.019494905064209513,0.049678631706327636,-0.04472225641875518,0.008021024110732395,-0.06537608707877626,-0.04411769936132346,0.02650945550457098,0.011730545679564141,0.01066133153791955,0.0030447480859149634,0.0010163554943478051,0.008016296111159213,-0.06876265713074314,0.02336457679508072,0.017655743033950153,0.09456791893085302,0.005117229113799604,0.05442923176147821,0.047376124642076155,0.025699313602699735
49,-0.06902731385177037,-0.03311451482427602,-0.009465736923612689,0.017435623456854184,0.0044409068869021165,-0.01532563188113362,-0.022301854531388138,-0.03684801880611853,-0.01756904838983798,0.04693048163045777,0.006846359554219264,0.02732794413849179,-0.04345305437730337,0.010529852262784207,-0.03928847729762229,-0.006463255820376774,0.006545743747218058,-0.056829413658318804,0.010260680858441186,-0.007262699333673306,-0.013533524314915562,-0.02064694649723239,-0.009664543528596097,-0.05313854985477954,-0.030437279840367867,-0.04799278917030778,-0.031002211417560342,0.02458016709677899,-0.06842278859809689,-0.023882917353301624,-0.011990747198040276,-0.01127140742199573,0.002534418179088132,-0.031942742345753526,0.137736114851886,-0.040952193127222335,-0.00826269451844136,3.410764226652254e-05,-0.05591905727631261,-0.008562989285644192,0.005595490526867545,0.00044561901338374075,-0.005177280340794381,0.025141964570858474,-0.018158551475379193,-0.01236421416306829,-0.03421697047998101,-0.007570285067256435,-0.007399032518620903,1.0,-0.001868230928275271,0.08899569403640002,-0.026986922564278804,-0.03287518309496252,-0.02027990936943075,-0.05380438371683195,-0.019965968849068295,-0.010861680071788926,0.05789166381368432,0.03361825046004478,0.002364701939253634,-0.0273892377658771,-0.03114406980883189,-0.11057171936503467,0.008021380366331439,0.06222306731416736,-0.005439037283126567,0.007475832017633537,-0.00066456133205029,-0.006831174127666856,-0.033634725266728616,-0.03900085827617981,-0.013808607919389936,-0.016930020700223307,-0.030248703801450443,0.03033638823641947,-0.04397140216207466,0.04388491493081704,-0.009452468678704995,-0.024593743093850883,-0.017572075046072836,0.02062957332778295,-0.01991485198412167,0.011984391719253052,0.022667366654856712,-0.06397457633163772,-0.02585736808280057,-0.04587818045456141,0.059979266250508693,0.004084751473215862,-0.01813720127435504,-0.03047459673599961,-0.02377417327706679,-0.022504782859295993,-0.020891640121100844,-0.024491951849161486,0.0027727114763497285,-0.027665054639404437,0.0018597746372444896,-0.025951235952478897,0.026279211062700054,-0.01649343659477773,-0.014602074919098372,-0.0558454161498483,-0.009506362275105065,-0.033369399407759785,0.00823125969747415,0.04224688048679124,-0.008386090767647248,0.019314749752499943,-0.0031001139056168613,-0.037777808285677394,-0.025245895560489708,-0.00936433488841467
50,-0.06930447752874538,-0.060995476208848175,0.003693474289937671,0.15266367574163994,-0.06323204888080869,-0.0757297284913792,-0.014508762521526088,-0.09554599969690909,-0.041410987668720055,0.001085162185690978,-0.061323079649636424,-0.051307470029027656,0.0348374201110579,0.05333939582914213,0.022321085373725055,-0.02774560858345997,0.06762962610031842,0.023066138202969627,-0.018839675478700375,-0.051846677978100816,-0.06513751460456435,0.07740517277374097,-0.02648322268480203,-0.044730116695635036,-0.017009929991720914,-0.008368102202711997,0.08326931337243604,0.02786342168833006,-0.055225847869518216,0.0032658163139476955,-0.031583218377376286,-0.050462814478565515,-0.05159226215333142,-0.06996560082658755,0.12430362905212576,-0.02639593029318272,-0.028457145896837205,-0.10165880401667372,0.0053140329447221605,0.10246023695008398,-0.03084483091354103,0.06426125880258927,-0.10821309095108574,0.01636733379502999,-0.014635456557945951,0.05538943411651921,-0.013007922398385005,-0.06507966472513871,-0.07592678352524086,-0.0018682309282752711,1.0,0.13173107356691183,-0.014532418962192076,-0.04481723665480795,0.0326310376968582,0.014712759208514928,0.03722719335013433,-0.030016798965933244,0.16263952855013528,0.04029471006676597,0.09045563735586856,0.002131303550388161,-0.07006966235563902,-0.07408128255209395,0.05668026635020954,-0.04186626248142865,0.1352244157764588,-0.06538566562082125,-0.0025808289066795776,-0.08911945331210941,0.025802802709980987,-0.006749867395708078,0.004278832676068424,-0.023375728387523876,0.04688293268569179,-0.022576401190078234,-0.0011553203695680585,0.10299059913687554,-0.06499709155562017,-0.009236458587232217,-0.06838835497812601,-0.04923900013452418,-0.030721675940727153,0.07892039778314551,0.077309751332518,-0.03689282186810726,-0.033009340230737504,-0.027803965510916892,-0.02358646594215304,-0.05889813742520901,-0.03668995864072476,-0.03217826776522533,0.04030679198895769,-0.08265089448562381,-0.07652312391131344,-0.01989820627136818,-0.01763008401932915,-0.016854222050706733,0.07870220051448205,-0.0037239295357741706,-0.05821879555633836,-0.05363038343913979,0.02537769065861701,-0.017022157730302023,-0.023153748726116676,-0.00746147808336396,-0.0021563155873647764,-0.050482325666906455,-0.06895112083466275,-0.10424809381380915,-0.050910818785228414,-0.021701512017590317,-0.03764062909235663,-0.0666222437126151
51,-0.08975716264734014,-0.07237906961936857,-0.007858270445155337,0.15064349620087272,-0.019114735572300375,-0.09202781801637544,-0.03384536962858026,-0.07784499013379763,-0.04078602233011646,0.039623371063006126,-0.04194385967473662,-0.016511166029002693,-0.0735938876648291,-0.010563590418434642,-0.031129059913065762,-0.051182134235464014,0.09957245150215263,0.020368555765309115,0.021407429570181383,-0.06864828982564922,-0.054762928763817685,-0.07509390366760985,-0.033794442758296246,-0.09322308048554753,-0.0010235413591964293,-0.028135946354841707,0.05336158815609923,0.07377128386949885,-0.05999054905645848,-0.049205967282085046,-0.00476987593682559,-0.06558417356662449,-0.03623716636018252,-0.08821435824037309,0.20687380278531825,-0.06310391571071963,0.012270402203702718,-0.0626257944256763,-0.02983945463073089,0.08674183825922492,-0.009214221628056376,0.07372058873568367,-0.0640888031631083,0.02464211864002707,-0.005952501794941044,-0.050626186995538586,-0.06416302829151393,-0.06598734763192467,-0.06998168126080809,0.08899569403640002,0.13173107356691183,1.0,-0.008395173555375833,-0.054249452719773335,0.058321703922882225,-0.04316054589308961,-0.048707110412157945,-0.03303669103345563,0.1450745517089683,0.07529674985670952,0.09878602106547207,-0.016902180953234414,-0.04835408864332446,-0.10074131175345807,0.04558151358665099,0.0722641535417857,0.11395864114291475,-0.04438913926884888,-0.04848117916475562,-0.05119781560673185,0.011635670838047337,-0.07035880985272862,0.010626460492037748,-0.04649947750293382,0.0333338307031508,0.040017850881378575,-0.007648971680198882,0.27681879039808244,-0.09979166616276662,-0.03853736493481733,-0.02599243119442617,0.02150871122556837,-0.03694714422816098,0.10085550545632206,0.1429430770560761,-0.016004644255133888,-0.0457162210053214,-0.07744258469950602,0.06046945827790304,-0.062025960338135074,-0.0629963145007381,-0.0875516858808058,-0.030194193808030505,-0.05642951444626234,-0.04605061375435873,-0.08401332196770248,0.07973739072174547,-0.047349758251674444,0.153019761029533,0.04062019210397159,-0.048195569064020186,-0.07755108308448778,-0.04039912799243738,-0.08318411978434476,-0.04467518107440719,-0.025762924252378815,0.044497565764666215,-0.007054700836693255,-0.05736958369337552,-0.03796179234034096,-0.025270992010508874,-0.012756590440636201,-0.05132846606611079,-0.08563777271936694
52,0.03656002815953339,-0.0007547448766866724,-0.017887705020949423,-0.04871483077849555,0.01714743060825468,0.010057730285932135,0.020430480281803488,-0.017862876606037532,0.01338590592965269,-0.005205786361636586,-0.009222210038607136,-0.015480996424546792,-0.029389217941870938,-0.025567235912304347,-0.030536706358764664,-0.014799745883273988,0.008603464661501489,-0.03796557789496967,0.0009639809980211218,0.0003388634374564993,-0.005111925483254777,0.01797562697973532,-0.01551394501897122,0.022583271211980005,0.010765111158119914,0.018749273514110244,-0.05022397520478558,0.006761954620256704,0.028572105932148758,0.013279882930651543,0.0134498525651938,0.0032752990794911105,-0.016434917033193004,0.01069056353249707,-0.04341071819918624,0.03187214849997859,-0.006283507516657105,0.001703919812697573,0.037573258639785036,-0.05649896368140835,-0.027832386250588485,-0.024366110901966467,0.015308156444239815,-0.058900238443774386,-0.030976390580071903,-0.03937463096374853,-0.001027500655776938,-0.022013577183970057,0.03903228531656385,-0.026986922564278804,-0.014532418962192074,-0.008395173555375831,1.0,-0.011013375246681936,-0.044416049544534965,0.019051185452976963,-0.004297328527641829,0.05132642911320718,-0.041762193395607446,-0.026221476556924785,-0.05248392649736158,0.01908697359010265,-0.030221073819475575,-0.03145251402888707,-0.01660914559918389,-0.034399118295803464,-0.046963217505756855,0.0053415842587353456,-0.04778084507315858,-0.002824423371525828,0.030096783792689128,-0.029905662970198543,-0.01764277919657447,0.034843509056957045,0.00031993773084627126,-0.022845561232239617,-0.03180256324229471,-0.048597683553428715,0.00020676236926245916,-0.0033561444495735105,0.022813051988199697,0.01000858039531395,-0.018771471824154284,-0.011724840519752524,-0.024425322047128724,-0.0656099523540428,0.03266828213412295,-0.03375541900202885,0.0006627646669435228,-0.014375853816007181,-0.007460283569287127,-0.024062120702789278,0.01021927927717972,-0.02570532023044384,-0.02051924189544523,-0.008911210853634157,-0.014379330119951773,-0.04045645374976556,-0.0034258870299995023,-0.01750043657297067,0.000636228624135532,-0.002168120416815618,-0.0032293029601189295,0.03719658046965832,-0.03311772774757469,0.041857001256458574,-0.05752816555376713,0.014400881673851002,0.01074442852547779,0.0009796494918232063,-0.013357121897980086,0.043619985054434714,0.01774870680217044,0.019923854851196483
53,0.01228111149959437,0.03033510591938385,0.002208459099724788,-0.07094451405683114,0.020736552970503235,-0.002261022450877596,0.00336658000357657,0.02932402793492745,0.00700203419242314,-0.046188299857039664,-0.033345420738418154,-0.012074590169778075,-0.01832531570077289,-0.003119924909066933,-0.03422992404869644,-0.059072635543055384,-0.02412625569099624,-0.030467037484103187,0.00616687712073269,-0.010356012008964894,0.009460435125951084,0.015966618296594567,-0.016458451531923504,-0.001280699509294921,0.01163518163404469,0.049007388823099254,-0.07370400271249113,-0.04352911441957915,-0.0011216299549756438,-0.01391927562506615,0.0006885699540381292,-0.038663773976371316,-0.026937291698313277,0.013028709514647463,-0.06376465153209938,-0.01675958289756246,0.0039873105873321395,0.01922066431620207,0.029189499358001563,-0.05435103028095736,-0.032422730272824093,-0.05407204323366587,0.0009602810822083881,-0.001704984292731495,0.05481518976682942,-0.057415594079655546,0.040119428556879895,-0.0073840350810530815,-0.011269400205550659,-0.03287518309496252,-0.04481723665480795,-0.05424945271977334,-0.011013375246681936,1.0,-0.02177219466944155,0.022488716685388155,-0.04497866752460613,-0.009723473616730635,-0.016212990213420753,-0.0344735092408441,-0.07196498543071918,0.0345431154229846,0.011394837067398326,0.03708131011408633,-0.034235193843035194,-0.0196526304055765,-0.050140465736518335,-0.019577065222728555,-0.06670639912840821,0.014775997005802333,0.03813230068146265,0.010690692986280536,-0.043691875082656415,-0.023469155144245444,0.04109588085038255,-0.017026721709113717,-0.031334699438774774,-0.031898499545645165,-0.001879667354823485,-0.011512122947781783,0.015304158932781455,-0.002297684758974572,0.02465820544515851,-0.007965936186774825,-0.05460577979856708,-0.06333578309772218,-0.009830920514854012,-0.0019906970204264913,-0.030904096821778828,-0.02084207572484436,-0.002230740813852154,-0.02994300745698962,0.022131438958510014,-0.03777268252293991,0.0025057810341061176,-0.02769081787250248,0.021302513648873797,-0.013173795013922972,-0.005717079353668788,0.0019679858373568317,-0.014875314503574462,-0.016846069613583512,-0.020845138043681297,0.015502243952968125,-0.01417708720262605,-0.0020177336225782583,-0.03792170394266905,-0.016359846154106353,0.023920509567491047,0.011248294748915342,-0.009969929066704143,-0.007381782164219742,-0.01533399628964919,0.02509917039933767
54,-0.016313359469130966,-0.03974236580378415,-0.03266651558886237,-0.009178837054651764,-0.04826784688057597,-0.06818953659763062,-0.03513517191360897,0.008592963555292078,-0.035801198116045284,-0.006267430709805876,-0.04272844378434281,-0.04064101068904399,0.05549667406421478,0.0033567390264698824,0.024230083294278715,0.0030232693544377754,-0.0037714531863383867,0.07586481200804233,-0.017299079717658553,-0.03321589513327328,-0.05739061061346009,-0.01397883882557723,-0.039357384411894396,-0.01697843120991308,0.001059884123466965,-0.034882984959975195,0.13175865877147275,-0.0169591553806793,-0.021771833761872156,-0.05315561890482065,-0.04216416124278774,-0.04263286725295778,-0.07174903151357523,-0.03321337665513992,-0.014565751615284025,-0.016617642696166494,-0.03008413767853484,-0.079964822429132,-0.014419057586869385,0.09697041815744374,-0.0014369760892714756,0.030562247318098673,-0.08482809750955037,-0.022195952113427807,-0.022418193874004306,0.03335959563855241,-0.03603525353289539,-0.05819399095426434,-0.07614376490766046,-0.02027990936943075,0.0326310376968582,0.05832170392288222,-0.044416049544534965,-0.02177219466944155,1.0,-0.05246665739229399,0.024087570141079564,-0.04957854167711925,-0.01403082833520591,-0.014664166855535867,0.09918569705139821,-0.05742085756104137,-0.02250799696485505,0.1274902117111829,-0.035040875634770846,-0.0012081101219616319,0.030583158259353226,-0.062349272471725434,0.01570770484540716,-0.056740209426979035,-0.03202972660644547,-0.039239640587700825,0.01837526917581505,-0.04800135246908784,-0.010961066817137271,-0.04002903632439673,0.02615388794061094,0.053942785963255975,-0.06424449278659027,-0.005978443052797585,-0.04063700454683366,-0.03419279908778647,-0.0291485328378806,-0.05051714231908221,0.05738279178447571,0.13372780986036048,-0.028103528894901433,-0.03377341593777481,-0.030726526944535617,-0.059133198170110424,-0.02888834034846126,-0.021243497451858696,-0.050032957095154006,0.001386110335027525,-0.02255365434353509,-0.030847462191459344,-0.020644990552649213,0.01924457398506582,0.01683452397754141,0.035612670086263405,-0.037806767276837856,-0.038770153630052685,-0.05006381195382796,-0.018659401425597542,0.0021304976439894853,-0.056719719219359095,0.006767995456182554,-0.04789301825554175,-0.08096364566584098,-0.07047193854417341,-0.014924428174403898,-0.03458756684689617,-0.0169321999317447,-0.06899873605507173
55,0.05431921629746984,0.006731358708094413,-0.030334984598379196,-0.05913684905829913,0.03472865233717979,0.006079817010201412,0.024556272570373554,-0.0445102273142212,0.0017879999242605097,0.0018354513308740713,-0.0239296082199525,-0.04609888835583059,-0.0016254559289441556,-0.009851475363507943,-0.015965197607081212,-0.026189300440914123,0.010696280323915487,-0.04202217754969991,-0.009039832294993893,-0.012113731068007309,-0.022581616513769116,0.016974720204653022,-0.023329085980170295,0.028044172985537318,0.02286599768645763,0.013631370750766711,-0.06248599107769207,-0.007159980025430051,0.038890969516073216,0.04417086823127327,-0.025535758429658804,0.0010787531364456339,-0.030075906491821115,-0.030486841909105854,-0.05554746200928865,0.045802934605958474,-0.004008611005067759,-0.03826916482200291,0.18054246229450602,-0.026497002617903116,-0.052066597577466574,-0.0066491933091760436,-0.025590103394844976,-0.017369490607001725,-0.03225243161215605,-0.00426262386673605,0.045901084286134236,0.0013142471247935459,0.03415722950559851,-0.05380438371683196,0.01471275920851493,-0.04316054589308961,0.019051185452976963,0.022488716685388155,-0.05246665739229399,1.0,-0.013093082183220067,0.008831914784419637,-0.03177817879384182,-0.028998221707917042,-0.050534760853812914,0.034824632654706415,0.013337405360413283,-0.042269100177569914,-0.025322094232988413,-0.05620614824156358,-0.001757490390119849,-0.006482424803643868,-0.05830498420149032,-0.019897012036341935,0.11603094536736316,0.008688529448130448,-0.058766340869553985,0.040362800359611206,0.033426431190116845,-0.020515386441420452,-0.03993462931172343,-0.028792157096302052,-0.03825722429473742,0.01989409439119911,0.01769877341440589,-0.022972372509918425,-0.025166515262963596,-0.009421000496199955,-0.050270568782753315,-0.08931610205815929,0.03739890047675567,0.010077259363911321,-0.04099443094814508,-0.020510720997976857,-0.01251717119474495,-0.03480501626437783,0.00020724666927318214,-0.06838299913524953,-0.04099205733745191,0.02890782049643134,-0.02569618327308177,0.007334146512469412,-0.044081771741398754,-0.030327477669672382,-0.028271485071521944,-0.0055709855385658626,-0.02182083744053346,0.03587371589952605,-0.02369111231777273,0.012431027554980975,-0.0651180698780768,-0.011800359363372885,-0.026339895443269375,-0.017828513501209807,-0.014082714956266245,0.08269454917363865,0.007405128398187093,-0.02873127389353842
56,0.02457117568147653,-0.008401502757613904,-0.052183812269178294,-0.07191075169597103,0.014652286211606342,-0.0493355149432856,-0.01737634917477999,0.007443266727623467,-0.021152738980930796,-0.006614843449208668,-0.03943594594935491,-0.016620439290435895,-0.00590976641943955,-0.04190402484291106,-0.00939395183416252,0.018755265912792803,-0.012422708903878445,0.05932770613532077,-0.013334807603624592,-0.030157625652044617,-0.005095936198293199,-0.040221737124517085,0.03321601585315231,0.020275796265658712,0.013332953898619677,-0.013810086451661962,-0.015943247646326788,-0.032241029885388135,0.004043161428044932,-0.04356272926792831,-0.008816100813397135,-0.031782085448035235,-0.05383521847026755,-0.03543742889316108,-0.013438741107379549,-0.020719866330879008,-0.02949296456769156,0.0006729800649927588,0.00327961937353422,0.07776237618290037,-0.008824311925349774,-0.04172343888806514,-0.00808512814279273,0.025546028550960456,0.025631581879894692,0.005879244298138487,-0.019703128994911882,-0.02959850004414703,-0.0004736109867108434,-0.019965968849068295,0.03722719335013432,-0.048707110412157945,-0.004297328527641829,-0.04497866752460613,0.024087570141079564,-0.013093082183220067,1.0,-0.012742982542413872,-0.042054642250496065,-0.05087580931626618,-0.016733149204988272,-0.0044199296558732355,-0.011801897386059737,0.06726887709381371,-0.03630423151080172,0.002859995459373748,-0.004904389980831615,-0.005129660201503573,-0.003997362653808478,0.010091227434050507,0.01106461516821639,-0.04625929905441481,-0.03423919079528805,-0.02728074402094576,-0.012251560171481315,-0.035291396190200476,0.029362576302295662,-0.01010187176211949,-0.0076987452340645515,-0.0026964193474056414,-0.023402617030887942,-0.006815019406661489,0.034122171437101834,-0.0343819592485599,0.043196812011888956,0.07653181342200098,0.0002731810582344365,0.011710486726433718,-0.006715125917261579,-0.005993431802587222,-0.048029569732873444,-0.01864769731988337,-0.04017260594156893,0.06577785509537726,0.015127288357315286,-0.0500403537184319,0.001121859694325438,0.004459041545671325,0.013987837627465756,0.02617096138025779,-0.007475252236233016,-0.023437555938493712,0.006318364785977428,-0.030137075494795912,0.031105035376935132,-0.03856139501326519,0.04480558134028309,-0.014076424041307378,-0.021810394393047175,0.0006796657944937482,0.023093834068430193,-0.026738616645857173,-0.02634337392055886,-0.007994866826321168
57,0.029759097598162507,0.00237452192157171,-0.009247039129358038,-0.035300603218071144,0.054913419743592325,-9.690183965742368e-05,0.02233258147868819,-0.016463162249061775,0.01711171648703927,0.036261599931279795,0.012185257751938754,-0.002922478073128377,0.04056200786526058,-0.026587545932446416,-0.057617044002776424,0.007274108627441767,0.008569242682080994,-0.041822401751115276,-0.022894231766974298,-0.010755837181150987,0.027049968596673746,0.006835396340392802,0.004937480739433152,0.04731599634753224,0.06592071126348559,0.022898793636244877,-0.0643757720287076,-0.022358539160822245,0.040389821213405945,0.026110993354888423,0.0045491057392804245,-0.005045941877207381,0.010954629026471662,-0.010170457786230722,-0.055090657047795866,0.03582051253177769,0.01513123228503426,0.05201838201887626,0.0098749207143179,-0.050316395180504424,-0.00960353483093106,-0.018181835905342968,0.02964307034927733,-0.05266229670196236,-0.002307287279937658,-0.05225760937401858,-0.017999133941969128,0.006864636571650674,0.08873018829410224,-0.010861680071788926,-0.030016798965933244,-0.03303669103345562,0.05132642911320718,-0.009723473616730635,-0.04957854167711925,0.008831914784419637,-0.012742982542413874,0.9999999999999998,-0.039378333527726385,-0.03948391937638285,-0.07075349681817691,0.030041515726527395,-0.006331721930626425,-0.04633954932159842,0.01346067187790334,-0.03830461969866722,0.007470296447171725,0.036571442287669,-0.0597408802213811,-0.007787484483582602,0.0548547489424931,-0.013697865108195335,-0.026145664091693138,0.013876428014305107,0.024776282825555995,-0.006305645473293148,-0.019601980726544843,-0.08265748182463434,0.059554721110205835,-0.01480610240137984,0.011404493216151192,0.013263999157857677,0.008258953152352767,-0.02047173754186456,-0.04326708034743677,-0.06748333603628444,0.027444783886335394,0.0036494008610180348,-0.0220602876990117,-0.011482220743959284,-0.009294153581024596,0.010375382602049905,0.030694949694189975,0.028917015976737615,-0.003821676644372853,-0.05103372444827968,0.006952283999293906,-0.07363383570540841,0.006532398592658747,-0.005560796023159906,-0.0030307543434431156,-0.0394819805511019,0.025534062458131987,0.03560411578369189,-0.055248210848318546,0.04002795388111005,-0.0036176054150059826,0.004594734879394438,0.041329176399037264,0.04841460074393365,-0.0025529226320542505,0.0961476502173495,-0.013850481813016239,0.034559896543947644
58,-0.10864997896520198,-0.028937228693605415,0.0684795168683162,0.2719913803783812,-0.026871756861963768,-0.04202316079623974,-0.010758303473767224,-0.10775875064858667,-0.04990469279925682,0.013457125078164893,-0.03744149371585564,-0.03352432333057729,0.1010644801491388,0.1227820669516098,-0.034347509517813936,-0.08978660208052751,0.05100033480900331,-0.020053848294517545,0.036288402492435055,-0.04159087284089075,-0.044910204096312384,0.01573459205419306,-0.02461859334811087,-0.0868514138577556,-0.02949761894588876,-0.01592677640545035,0.03544088671534182,0.029703068251624904,-0.09850733928591979,-0.050067586786703464,-0.020432663637949055,-0.04924820316584763,-0.021489777545782116,-0.07375904207213971,0.27065266393707893,-0.07501998705021852,0.01985272403155437,-0.05280969609219998,-0.04690331052754934,0.008014908672743199,-0.03432812457419007,0.10783180613913924,-0.06163187237564603,0.04891078100855773,0.000603223838246607,0.029635805026380874,-0.02913843107239793,-0.07857952992933194,-0.10383830514861406,0.05789166381368432,0.16263952855013528,0.14507455170896832,-0.041762193395607446,-0.016212990213420753,-0.014030828335205912,-0.03177817879384182,-0.042054642250496065,-0.039378333527726385,1.0,0.12629866533237596,0.07629711232700394,-0.00947540850164173,-0.09859906867735214,-0.15510375908623153,0.022772880998843406,-0.01114045536984792,0.06641466037517187,-0.03617987326933827,-0.0014374642124827452,-0.06868889311696907,-0.007370745747769166,-0.007639386251818597,-0.010569430945634976,-0.039744166398210955,0.13053565877038728,0.03790404844791903,-0.0801102617310436,0.14329189366202152,-0.03990488154665691,-0.03783471223128877,-0.04350264403104339,-0.0409712426025763,-0.049339492404978286,0.14102710911773275,-0.004607306258125435,-0.11856080294001684,-0.06635987827932299,-0.09834419469419628,0.03376380987356962,-0.07238723734752563,-0.018474340176555852,-0.05122324802932595,0.01664697497402426,-0.09956240465645796,-0.0656233194539524,-0.031525907529038506,0.02010234694897413,-0.03521620808943738,0.11652294516339422,-0.09966720548699907,-0.04913556718217612,-0.041611151772009566,0.016670997139764818,-0.09926434823543166,-0.041987684371408734,-0.013127671376369247,-0.0432798397694432,-0.014699288245109654,-0.022975407378917238,-0.07651322123345695,-0.060933830026936094,-0.05111834496579247,-0.04712266443350405,-0.023080761372246628
59,-0.07597875975379659,-0.030718878150867997,-0.012198285615703023,0.05914886109919503,-0.004851533553133278,-0.02682578127315938,0.004728362769213385,-0.03994826345400478,-0.034376622710601636,0.007918116329779611,-0.0455909295889142,-0.013291121626649095,0.004988514240602675,0.002526668082207147,-0.013922734815503959,-0.028101945547012053,0.01953591729546644,-0.02638862745062871,0.020799323825693553,-0.028893894893058252,-0.03830497624659369,-0.005294600478582271,-0.02192678782252895,-0.051358629256026175,-0.05104390844933023,-0.03489338947499124,-0.012387514039464587,0.02409078877748078,-0.06949212013924268,-0.030357993695542086,-0.0008562692211476983,-0.044498859202053424,0.002937813348737117,-0.044188623378263826,0.13357534056864112,-0.043789362007181046,-0.03585284483800815,-0.027519692471295924,-0.02331805497627668,0.005275282044151674,-0.010672493090491017,0.016573792815988385,-0.039140600274292975,0.024163265992328833,-0.014192919106698499,-0.008942487158616655,-0.030238593427472184,-0.03071443889515279,-0.04704403302013705,0.03361825046004479,0.04029471006676598,0.0752967498567095,-0.026221476556924785,-0.0344735092408441,-0.014664166855535867,-0.028998221707917042,-0.050875809316266174,-0.03948391937638285,0.126298665332376,1.0,0.01463474132473663,-0.03961243669926891,-0.03776876249262063,-0.0949537201217206,0.028091254168890054,0.013579390186291588,0.025581219558826137,-0.025026287513251755,-0.014737396931711659,-0.00800535531398655,-0.0002807576503877866,-0.0010639450403526869,0.020743438280292514,-0.03846668270296622,0.0038636013558168156,0.018161788876324456,0.0016470145007364868,0.09590592069372711,-0.031719374459764096,-0.02982561939925529,-0.0072482085884080305,0.0064401328613219455,0.004089272315288946,0.04566515489518774,0.020910699365617746,-0.057412329636325914,-0.017123935551511937,-0.031960493368634,0.043817363260165706,-0.0299524927036891,-0.02092344342071464,-0.04303145390139584,-0.02124559182100337,-0.045995708200150955,-0.015061739854924892,-0.03887998725712916,0.016130654229438855,-0.029640105193624224,0.08955676536213286,-0.03228685955811521,-0.02042167484164507,-0.031529120784095685,-0.021041852304422376,-0.04682574957413076,-0.018101747908250514,-0.03910049885471073,0.008725775962716634,-0.01814578331212057,-0.03599184643383352,-0.032419099487803804,-0.01561218938819598,-0.0355481578724749,-0.02902348449104892,-0.03334466788794645
60,-0.055005487448615394,-0.07005586903019514,-0.04613292420938433,0.09648393479239785,-0.05471811366434589,-0.10785519892982391,-0.04905727014920138,-0.05936537650035103,-0.04503368479264035,-0.0011244358559825455,-0.07436803725076474,-0.039398285359189655,0.08071411261461271,0.01040698315820929,0.0456398352172397,-0.0315419527064935,0.02678097963333932,0.07653288523019601,-0.02345898558106661,-0.07553012896848657,-0.08209021217094341,-0.05103443790404545,0.006146353077777535,-0.042632537432410786,0.0050156857535590795,-0.06009494914249743,0.18180410736658345,0.0252252957233146,-0.01626798119169741,-0.07229878075875862,-0.0066510517253363126,-0.059909955482584876,-0.08023279441105514,-0.08378295347874423,0.08713077727724668,-0.05582716384614023,-0.032384366759132706,-0.09272120735202966,-0.019989907494931493,0.18306936773515714,-0.02417567323180552,0.15311474601344915,-0.10594624510805443,0.05875516503399344,-0.020160438697717362,0.04657902621178506,-0.056748228366801434,-0.08259965688346747,-0.08076170166627042,0.002364701939253634,0.09045563735586855,0.09878602106547206,-0.05248392649736159,-0.07196498543071918,0.09918569705139821,-0.05053476085381292,-0.016733149204988272,-0.07075349681817691,0.07629711232700394,0.014634741324736631,1.0,-0.053067862022018956,-0.07190966087981081,-0.031188245873450916,0.011300469276873403,-0.00017509410116076814,0.06656106438073345,-0.07887622657261113,0.038363164581384473,-0.00809127107811074,0.0032892841366225175,-0.07175771116161196,-0.03242551819595501,-0.08259489212582877,0.026956877324404608,-0.02548042893739834,-0.03596996512675088,0.13413821008653048,-0.07049319493111214,-0.025870109310095302,-0.03888460230018371,-0.005151757176613882,-0.03399847254461764,-0.004674951622422789,0.1394663754194824,0.012376832337228895,-0.04188464552902713,-0.042326068871169076,0.007204087150967898,-0.05386106999986667,-0.056031488178124755,-0.020930740406537085,-0.06576762245442824,-0.04461080899847728,-0.04020537057695799,-0.053721286638214925,0.005470893780613399,0.044629145895962764,-0.008397690511377197,0.010215745032134668,-0.05645723046164458,-0.04796214186268415,-0.019503844982858034,-0.08386741067985454,0.017922682037778276,-0.07476519078432455,0.03566157587118146,-0.03480458264509746,-0.09060195035472092,-0.029621168299233534,-0.022742527116661665,-0.03250816308542053,-0.03373589164158553,-0.09556312388579456
61,-0.0027750356677795946,0.021366070110462383,0.01447764812296628,-0.014306008133065738,-0.024172483056494064,0.0350419096509379,0.00819680159999276,-0.018322269812837896,0.0165669591365452,-0.04878012904593769,0.023005377229818463,-0.015844506890985488,-0.0039354099805375105,0.0002663010340345723,-0.05900865530594975,-0.024089509035385957,0.03335525758355642,-0.050422293347482765,-0.009663620437308057,0.06510559778020246,0.015266978854138137,-0.00046977535114850813,-0.058614061146936146,0.006670294566309345,-0.027236700485273043,0.02421590501221571,-0.049717509941930145,-0.04219427540258324,-0.017744479935185714,0.020859578558811678,3.164800762537534e-05,0.028062602909166217,0.05370198275559996,0.024075286621093737,-0.06468098624263116,0.001462896306190986,0.035935820500766505,0.017258623852898117,0.008040675574707194,-0.07844003195679446,-0.01188155426608905,-0.01221271384383349,0.0032290063352733945,-0.038264620362015216,-0.01001425115546545,-0.014368173478505566,0.003712843950912293,-0.003922368870808803,0.00889882553275003,-0.027389237765877105,0.002131303550388161,-0.016902180953234414,0.01908697359010265,0.0345431154229846,-0.05742085756104137,0.034824632654706415,-0.0044199296558732355,0.03004151572652739,-0.00947540850164173,-0.03961243669926891,-0.053067862022018956,1.0,0.0033043379727234453,-0.04333555591641179,0.009717718275178838,-0.035429940567525874,0.002124030728896238,0.008216325360300024,-0.035781674786307574,-0.01928010942820147,-0.003173470145113442,0.04567331054864936,0.01899237202810569,0.03222982128686609,0.04148582391276817,-0.01958367763606912,-0.038389267075505065,-0.028482402312625242,0.009421979071251882,-0.009428467718020946,0.010691815194091335,-0.0516657274289769,0.010682355711768017,0.026445572723226358,-0.05367361798873666,-0.05781264979763669,-0.0145339969541461,-0.02801357391549037,-0.03716920370556087,-0.010092164042410246,0.013355582685749684,-0.011410165620405664,0.011780543501677279,-0.03567902057979249,-0.010663507382478656,0.016947765633761765,0.00722641634152546,-0.026560070847893195,-0.0023937352573569944,-0.022208840069605055,-0.01816699921887363,-0.015462348748096575,0.05594892968925777,0.04203318856099921,-0.060770242987752104,0.013873153232195705,-0.05888322949272762,-0.018379075116186035,0.014111205035865243,-0.04718116658957473,0.00888345311984875,-0.0153415487661172,-0.010546400620419527,0.09220301288058494
62,0.024132741837564677,0.027094590549320778,-0.005155448721055313,-0.08799697271660982,0.018935466080136264,0.0332496375973946,-0.026934605854143385,0.0180964927685236,0.008588226627466083,-0.030367174739555282,0.046344738600322066,7.214382714075653e-05,-0.046873424280620316,-0.03232218968442,-0.027144930769472417,0.0012285334251258947,-0.03894755406179385,-0.02720871447036974,-0.011426379224282367,0.014413470418550402,0.003664659987451204,0.010489686041592384,-0.02581102784211474,0.0025042762848472,-0.03007585276328864,-0.01954696228481828,-0.061844358212785534,0.002845145693987009,-0.009057579529506594,-0.004260300121106069,-0.018032731635328685,0.00035394531024919904,0.02002693822936817,0.03456426325428438,-0.0943598375789183,0.027201411792402246,-0.012043953071376094,0.01718490029716034,-0.01821306339957819,-0.049341203565851845,0.02133652603043845,-0.07723783770134511,0.05535658365457158,-0.03547641893312785,-0.003528216349396756,-0.025746913813149443,0.006562951263792268,0.03212986699241233,0.007137453572793761,-0.031144069808831894,-0.07006966235563902,-0.04835408864332446,-0.030221073819475575,0.011394837067398326,-0.02250799696485505,0.013337405360413281,-0.011801897386059735,-0.006331721930626426,-0.09859906867735214,-0.03776876249262062,-0.07190966087981081,0.003304337972723445,0.9999999999999998,0.07453475997482485,-0.034328497275239456,0.007178902160643784,-0.050364660645253446,0.0017127435035563486,-0.017179777324404656,-0.0027544669784240142,-0.02905101333514652,0.024468703671300288,-0.0105512994611287,0.013814131645640677,-0.02955627145387164,-0.008706716076467757,0.016540287463793053,-0.05731822839202203,0.014823261472146925,-0.00473211408249785,-0.001340877573781655,-0.02417931994009531,0.004929891405297695,-0.04321659572415015,-0.06294878860404896,0.04963120644634845,-0.002674909335874633,0.02303026160402473,-0.02536646256679212,0.005391071313299068,0.006786837543141779,0.0015732182059544314,0.0031859197564348078,0.0187306867496767,0.015272372296065794,0.0026440919838066827,-0.03549533573190301,-0.014535139355066142,-0.048340180078314025,-0.005104471243167927,0.0030213073627119186,0.005087605698717652,-0.004869412721146569,0.03302909000359245,-0.01170956164494568,-0.012426940267728111,-0.027094941308905777,-0.012788011976307826,0.031906573047105515,0.008547933947155455,-0.008067212410103287,-0.002945369722334308,-0.000867000870859449,0.01990352957217625
63,0.09453527073150383,0.04776916730221149,0.020049659595668748,-0.18544467847548404,-0.04395440502204239,-0.03918987547410227,-0.018690726319988457,0.17702107096298184,-0.028462802308662983,-0.09694241395666613,-0.04398614615394092,-0.036003534371660886,-0.005852094582542717,-0.019968631929133084,0.04421327786241643,0.06321425321983094,-0.044495989223217805,0.22480685024908525,-0.029185497982643974,-0.018946678913544415,0.0023698442768234724,-0.016028392212673718,-0.05030049602435254,0.0899723400581023,0.06919321375645206,0.02732701496630992,0.14352934249966365,-0.07200969672420472,0.07122254982720334,-0.056654154255074404,-0.04476987683719451,-0.04231758123126748,-0.08208265109070023,0.032080195042911236,-0.1691599036248291,-0.035801761221225185,-0.06117584308407175,-0.04528776884286748,-0.015502803931146274,0.08497382823652014,0.022067874063651037,-0.14636248613679329,-0.055762482552278496,-0.09690236488615589,0.012632529394538478,-0.020571728826718857,-0.023757001172152434,-0.053030516740937936,-0.056810456164204035,-0.11057171936503468,-0.07408128255209397,-0.10074131175345807,-0.03145251402888706,0.03708131011408633,0.1274902117111829,-0.042269100177569914,0.06726887709381371,-0.04633954932159843,-0.15510375908623153,-0.09495372012172061,-0.031188245873450916,-0.04333555591641179,0.07453475997482485,0.9999999999999998,-0.15757969797569732,0.07641313356407767,-0.08153210731410253,-0.09998400571814661,-0.00898570046308986,-0.027456117777826933,-0.059241025766860404,-0.046889977572016024,0.0757157075437495,-0.04550784718738416,-0.061455184178033515,-0.032036762791664626,0.19227650196880247,-0.09751411719069972,-0.054152939346562866,0.013380365025658094,-0.037363091921939186,-0.04310602979932763,0.016932684189403156,-0.13205708274079328,-0.00865455176301983,0.5247730153574992,-0.030069259644611837,0.0705861273174483,-0.07404062445876461,-0.014327921590953765,-0.0464195707462092,-0.028938288241587253,-0.03479939555492594,0.24246110383566602,0.07750223825658878,-0.04358580433410024,-0.022542148084877103,0.016827565223583328,0.029165308642696695,0.11301348049037395,-0.009142665752481391,-0.0189214199015899,-0.09500903615337906,0.115868528482293,0.005210735657385591,-0.05596238822013532,0.07973282701984971,-0.06873015702155953,-0.043382002442478876,-0.11545900071717853,0.02041114971488666,-0.059505993335706615,0.006377831676622152,-0.04276624772377572
64,-0.08013445530312928,-0.02979515171994498,-0.007315616539760736,0.12608302268206262,-0.0207125333887174,0.02356632093008775,0.009187255780403745,-0.031971401887039036,0.003269117968571379,-0.016616439308424807,-0.005139380346376186,0.0005903126290982431,-0.0007034293540408366,0.01092869507669115,-0.0280903110056703,-0.044754436912907855,0.009951123906799024,-0.06448804563139582,0.0054129823701286935,-0.017057933634050084,0.013793400858699977,-0.0014865250915894312,0.014016409087018705,-0.053121188879271815,-0.013096474389367136,-0.03901356061934999,-0.030905086992814208,-0.023159334814081185,-0.056213060128077356,-0.03616017748788509,0.015925589696825643,-0.029428805961978152,0.008677004153870259,-0.015987984402427685,0.057534334093569915,-0.03408649093921773,0.03166424699485278,0.03411930371007747,-0.02956296024066484,-0.06959008103967582,-0.008706999868285579,0.040851584505136686,0.03862121980028488,0.013763845902498292,0.000551246212710166,0.022468253231419627,-0.02228858469943241,-0.01041746597724928,-0.008844900880598326,0.008021380366331439,0.056680266350209535,0.04558151358665099,-0.016609145599183892,-0.034235193843035194,-0.035040875634770846,-0.025322094232988413,-0.03630423151080171,0.013460671877903342,0.022772880998843406,0.028091254168890054,0.011300469276873401,0.009717718275178837,-0.034328497275239456,-0.15757969797569735,0.9999999999999998,-0.015225044661223203,0.008312539971989249,0.007445382595836433,-0.020260059444562443,0.013434192046004384,0.002792271323570292,-0.007611839546692134,-0.016874311071091743,-0.00382273773764702,-0.011054786193101967,-0.02794942287745856,-0.06863198262756834,0.02540694119227456,0.06301632942952284,-0.038255080107197324,0.000968951955156497,-0.025804371865665674,-0.009906107799029085,0.05122865109741347,0.020528593770717665,-0.11513379883489003,-0.036072633410242125,-0.030767847196192986,0.01138719425796321,0.019206786561325837,0.003887330601352207,0.0026448265812595395,0.005483267305211322,-0.040657280254323164,-0.0015432387418199546,-0.04502369303014856,-0.008002578426361468,-0.056413934177391684,-0.016293265545484232,-0.017791235133937978,-0.013317958481468778,-0.02506319162917084,0.04084332130738743,-0.0630760446820216,-0.016790656005224523,-0.0028313468734204243,-0.03676972402361393,-0.011302164771560763,0.046333637284110864,0.035883979857002646,-0.01634418191524998,-0.025221800889932845,-0.02770637843965013,0.039731379044739695
65,-0.0521351356797002,-0.01914573603659718,0.0031471073719383513,-0.06650983409152621,-0.05933104769694718,0.002381051950476976,-0.026406031983363804,0.02441842910038022,-0.036062710391140944,0.037586524384476454,0.010767057881048397,0.03653835728069973,-0.08749884072800733,-0.01502896799797766,-0.022070436564241996,0.056086360514179735,-0.01802109511506268,-0.040955690218628445,0.0316101771637293,-0.009301209875282717,0.03857026649587437,-0.03311475922004671,-0.027788062351365984,-0.02950522460882319,-0.041734588074632636,-0.03580360184282892,0.015237720491351855,0.035628656521591785,-0.06460394700124863,-0.04557327190397121,-0.024851322309181953,0.033626607821282774,0.005249409884476896,-0.0038191942202927803,0.04467922870081548,-0.03458704237861612,-0.006471295995898457,0.013697456440156784,-0.08024327331639299,-0.0023038965530206602,0.05337045527938904,-0.028720002740330267,0.017934663934152405,-0.07870586954627258,-0.02546934682609704,-0.018608412265975798,-0.04071346050608374,0.009293553917391948,-0.022513588020200377,0.062223067314167366,-0.04186626248142865,0.07226415354178568,-0.034399118295803464,-0.019652630405576504,-0.0012081101219616319,-0.05620614824156357,0.002859995459373748,-0.03830461969866722,-0.011140455369847918,0.013579390186291588,-0.00017509410116076814,-0.035429940567525874,0.007178902160643784,0.07641313356407765,-0.015225044661223203,1.0,-0.02872634772092928,-0.012923336174144333,0.02724691509555441,-0.018046166607556716,-0.08827657218768682,-0.034576575320669885,0.00452592132438782,-0.014351807173409222,-0.06490850358866139,0.021850115036234526,0.03599477490251783,0.005994800075697871,0.01724819975043945,-0.0008262633694459095,-0.021670973216205074,-0.008008510033368627,-0.026702710995246317,-0.04539668545737303,0.011595582791793117,0.13384349661820658,-0.05878628467040131,-0.003917540940846274,0.04894684208863477,0.018444656351099504,-0.009534956391952051,0.003794312972258922,-0.012945543268440851,0.03025680641638342,0.006933040372060877,-0.021121060629297306,-0.04075151163662786,-0.017141004553004723,0.0032484391856041693,-0.004962533724819489,0.00479259066078468,-0.004659163203111946,0.004004874531077083,-0.039571014072759786,0.0008060730815916912,-0.033968192474136336,0.06447805135456001,-0.025004070124245707,0.0016397581191489533,-0.02685774514155958,-0.019786507308078793,-0.059468569980431985,0.009408360286588095,0.022988427831106037
66,-0.06091932729116588,-0.032331965165317236,-0.012320397094964923,0.09040540020058503,-0.049436729585607526,-0.08661010630109131,-0.030353682821300246,-0.049418843308021945,-0.016589323473246,-0.004278231898712275,-0.06113296308915415,-0.01869850767436642,0.02700437618082473,0.024978686799268842,0.008683136750448251,0.006849727006493341,0.07830529936036629,0.07182258510007627,-0.039060476848160094,-0.09382464955061963,-0.043910295956043045,0.00790073552934218,-0.001415563341916133,0.0023824598406636884,-0.003081858810098742,-0.024534964243433828,0.06181421176942278,0.018676191108892314,-0.05629067413672704,-0.019520619657946527,-0.03763780816155152,-0.05999494954091421,0.010868119033724592,-0.06925642188929557,0.12876560078773341,-0.034054235230166215,-0.023176711579275096,-0.034679848057543344,0.056849524518956106,0.10727867494279134,0.012331010368357863,0.014825561318970932,-0.08393980164508182,0.05411057938559069,0.04904212875147231,0.0703068727291891,-0.017505591211865183,-0.03305148101966637,-0.038389861131884806,-0.005439037283126566,0.1352244157764588,0.11395864114291476,-0.046963217505756855,-0.050140465736518335,0.030583158259353222,-0.001757490390119849,-0.004904389980831615,0.007470296447171725,0.06641466037517187,0.025581219558826137,0.06656106438073345,0.0021240307288962383,-0.05036466064525345,-0.08153210731410253,0.008312539971989249,-0.028726347720929277,0.9999999999999998,-0.038213798370852814,0.020717569094154755,-0.03732541775744938,0.0717206508400171,-0.015226132995026316,0.0010014526873499963,-0.030197264147619918,0.10434700325866421,0.0006203093952493077,0.01650585986856939,0.10418106721297316,-0.044383514389782976,-0.04941508172789607,-0.052486025573349436,-0.04360670222474878,0.04542374317442966,0.00919296420961753,0.0958525951887452,0.0012024519169753173,-0.028454315509608995,0.014341634609134365,-0.023892424937577754,-0.06860084176313949,-0.06769876344871546,0.0025980184277835,-0.04473726231601201,-0.04701543250873827,-0.004773050223293723,-0.056797148230836335,0.04930748445030234,-0.004605469432686466,0.06829649965238577,0.08876103005556443,-0.07057390912208489,-0.07127713247607118,0.02988479618966246,-0.04040178045590611,0.03230364708630581,-0.024866287845735233,0.05038115519278193,-0.0249869595125407,-0.04334180337351897,-0.08113619204123772,-0.023516613656355535,-0.0009531569588852139,-0.05713035934645739,-0.0038483411702110435
67,0.01019061480961604,-0.009503040448238314,0.0024632774381230043,-0.010560529774931176,-0.012583996943552623,0.06652018100694791,0.00780242548854061,-0.02000167033852305,-0.013401399360474756,0.026342576732568925,0.03926163518633913,0.0038323197170770642,0.0031539536827351286,-0.02078387802642403,-0.012696028092898493,-0.0060831036137319605,-0.028290317552347465,-0.07594836106154157,-0.016306165723252414,0.022416566776776278,0.035604467231706134,-0.017767955547868065,-0.008381538469787647,0.006825679990999551,0.009549526952746867,-0.02880428404567264,-0.08890063975401602,-0.03928575333675656,-0.03187740909512784,0.029534637732652642,-0.0023535357007998343,0.0536752302566327,0.08553570040344402,0.0021886956986525087,-0.03543742809650947,0.012392641041546177,0.0334755433500165,0.05818774421945763,-0.020544667860342317,-0.11881094997188363,-0.013518121592280163,-0.020638380881284252,0.09309509832306036,-0.03579466411956715,-0.012175837212220465,0.01071700455377109,0.0368561066665565,0.054596848721621336,0.07223556387038962,0.007475832017633537,-0.06538566562082125,-0.04438913926884888,0.0053415842587353456,-0.019577065222728555,-0.062349272471725434,-0.006482424803643868,-0.005129660201503573,0.036571442287669,-0.03617987326933827,-0.025026287513251755,-0.07887622657261112,0.008216325360300024,0.0017127435035563486,-0.09998400571814661,0.007445382595836433,-0.012923336174144333,-0.038213798370852814,1.0,-0.01566718800735192,0.030147423182750804,-0.028122865354032283,0.014860394360659172,-0.002403239271885021,0.02420289802626751,-0.032716593512267245,0.0066820426668277545,-0.056424476269400246,-0.060349570650616004,0.048301765663639,-0.035287429626530774,0.008700863600544716,0.006944541288239926,-0.027629470688618058,0.014607434349704549,-0.06929852985543965,-0.10798120471843782,0.0017692833785661404,-0.03107361836282296,-0.006754079051867399,0.03339423521691781,0.014723586013795677,0.0039863177885488986,0.024758153567143254,0.006953515060651056,-0.014439494993372536,0.021954031678057602,-0.01754040571086435,0.0418618885070812,-0.054979671294774005,-0.047783397544697216,-0.02528851578703637,0.019617141836971923,0.03091975510532434,-0.01680231478626675,-0.021240396781380483,0.025938872822939555,-0.05333885836273083,0.033475947464073036,0.04109006467240902,0.10222467450931956,-0.02644651190437869,0.003538523288203827,-0.016334325431716094,0.041871041634108756
68,-0.026625633642311745,-0.03174503533432717,-0.014263751329846176,0.022201608926395482,-0.044055455826899396,-0.06624035440273116,-0.02477074127521754,-0.0014441055241188672,-0.022196809445391243,0.037823065635421295,-0.021312697152400504,0.03955188717858551,-0.02756400023441685,-0.011448967394663457,0.022033952577834956,0.08064185224490858,-0.024216347879872598,0.028617475497614852,-0.03212403568716743,-0.056257479476990335,-0.024576830373071946,-0.008286911439329053,0.04713883747205101,-0.051710321022652356,-0.021606043525966054,-0.039994540571678595,0.05781962363089269,0.02880554337485824,0.0031938068077144196,-0.03557319093016421,-0.052934069964102395,-0.013429331391665649,-0.00036213332205998686,-0.04898966258365743,0.1308278886792616,-0.044187857935078054,-0.05442425497519173,-0.00404427061929653,-0.041908820521081885,0.0964670570513334,0.01756384690039808,-0.0001871901480469806,-0.03164132454140474,0.08106263881715434,-0.005163020466167602,0.06752134248175765,-0.048874954121871525,-0.04090388543478281,-0.02184886738766749,-0.00066456133205029,-0.002580828906679577,-0.04848117916475562,-0.04778084507315857,-0.06670639912840821,0.01570770484540716,-0.058304984201490315,-0.003997362653808478,-0.05974088022138109,-0.0014374642124827452,-0.014737396931711657,0.03836316458138448,-0.035781674786307574,-0.017179777324404656,-0.00898570046308986,-0.020260059444562443,0.027246915095554415,0.020717569094154755,-0.01566718800735192,1.0,0.014918337942997266,-0.04474806274850344,-0.03953395567162067,-0.04941031388083264,-0.05071724601896464,-0.031281175486015285,-0.015199970644085339,0.01768323126446768,0.009188397826676322,0.000676051589330056,0.00399386093336112,-0.0029828666841862413,-0.011396204829173666,-0.007618579369062677,-0.017215339779927577,0.04666303450689157,0.03759105236895778,-0.035795862714971,0.008145073810072671,-0.014368085236185324,-0.012088274511488886,-0.028582291572686144,0.08296642779914656,-0.0501750506782433,-0.02219460169119683,0.03465759508275787,-0.018268099691921138,-0.009611956956936393,0.07305070354087646,-0.04819601752239204,-0.005859237286810652,-0.021948751542742017,0.0012371032888607995,-0.020002512686961262,-0.07637757905247103,0.08289236016500923,-0.05391861617980804,0.08750614327311541,-0.0011325507522253239,-0.02299357517072035,0.005046759942080804,-0.02287621806412196,-0.0747909605173115,0.003523696985127298,-0.0173324816634679
69,-0.031864703539642214,0.005116012093198252,0.012972645833349295,-0.025474749533277823,-0.03163186144090555,0.056121628476071696,-0.001381048848650315,0.09019073984382624,-0.0007094300620161797,-0.04411930234496242,0.029620908025745254,0.031017947359270708,-0.009116566449935155,-0.017031261079221375,-0.01688108407508784,0.008952570957818887,-0.037748599371050844,-0.0638158034535023,-0.003965716480187237,0.029901518964550473,0.038779727611157735,-0.0005656508367916674,-0.03171822253124074,-0.0044614406845188085,-0.06112531747535369,0.0032491300786027994,-0.029879080668506447,-0.051245986826316405,-0.046373593633434566,-0.0037987161142565714,0.0320202105774209,0.017483432795766984,0.042788659857955165,0.03297387832781147,-0.06255673419425196,0.007630427853314176,0.010198392844821018,0.08223065905029038,-0.04477214152804085,-0.10485588148686267,-0.011065038488529527,-0.04405543011330003,0.03604079269846926,-0.04307736230524915,-0.009188054765502173,-0.00014322439628166757,-0.006865844261999843,0.03348728766053894,0.0016653563087403837,-0.006831174127666856,-0.08911945331210941,-0.05119781560673185,-0.0028244233715258274,0.014775997005802333,-0.05674020942697903,-0.019897012036341935,0.010091227434050507,-0.007787484483582602,-0.06868889311696907,-0.00800535531398655,-0.00809127107811074,-0.01928010942820147,-0.0027544669784240142,-0.027456117777826933,0.013434192046004384,-0.018046166607556716,-0.03732541775744938,0.030147423182750807,0.014918337942997266,0.9999999999999999,-0.08180966844825438,0.039495650818265726,0.017840364008721132,0.024412308444090314,-0.050935068809200054,-0.03376918103843741,-0.021070063409008247,-0.07144253693819971,0.07558398725917813,-0.013868666554460856,0.01363191814583775,-0.0263044994254783,-0.015041137486475844,-0.024791957798228605,-0.053925137851295574,-0.010991993118766271,-0.023475956118896565,-0.007288952086555539,-0.01785186849333328,0.012720383282354645,0.03868723343590962,0.03492622028687766,0.03492151826905523,0.010799411872918026,0.01440985859345243,0.033098187139749415,-0.01354096954601031,-0.03383530907116086,-0.005683266050066421,-0.02178098195391006,0.005506330586287653,0.02574416394932952,0.045109565758615244,0.0024489471921691503,-0.02948171555797131,0.00853655079771702,-0.05280673295184,-0.012658267014361986,0.05146384993915883,-0.03601916662116784,-0.027377202525645364,-0.029316493763371657,-0.006699245816929346,0.08212888816885264
70,0.044373046807526566,-0.04068525983183808,-0.04588484977715322,-0.016844962427599586,-0.03626206579315474,0.017434047641595056,0.016793175652663257,-0.07670356475322801,0.05207260066555257,-0.01373571742127034,-0.005018622643944284,-0.0665006763042565,0.028699444967608474,-0.009993387229935305,0.0009167819824235203,-0.03815536576903382,0.008034617206590485,-0.06079247933896342,-0.01231934891826874,0.012184534573676698,-0.04048680999881805,0.07634598457477004,-0.0695929866474712,0.028028764978481176,0.03986997190709816,0.03436707138490267,0.007692149013366935,-0.014183282284920978,0.02853641924083992,0.052437237552123796,-0.02348335666057625,0.007698601872031643,-0.020042574292964715,-0.0034122463417222268,-0.06003008378504708,0.09084189354912417,0.024970136371481832,-0.06419505964363036,0.15966562920061253,-0.05139576531108085,-0.035072495570330535,0.017289925882599668,-0.0438830928912948,-0.04120742734854877,-0.07795824026399502,-0.014448421476426677,0.04203343437541653,-0.009933432676689856,0.005230741220105822,-0.033634725266728616,0.025802802709980987,0.011635670838047337,0.030096783792689128,0.03813230068146266,-0.03202972660644547,0.11603094536736316,0.01106461516821639,0.05485474894249309,-0.007370745747769167,-0.0002807576503877866,0.003289284136622518,-0.0031734701451134424,-0.029051013335146515,-0.05924102576686041,0.0027922713235702915,-0.08827657218768682,0.0717206508400171,-0.028122865354032283,-0.044748062748503445,-0.08180966844825438,1.0,0.03737893786951965,-0.007629882959049359,0.06677249247990656,0.025720396843594905,-0.04361192873347093,-0.03976912525549056,-0.015618857066034062,-0.006098436166609236,0.0006455490015969845,-0.022395532909321034,-0.06590998284393436,-0.052659365615190946,0.00907674648534837,-0.029601934244024984,-0.0984334685080275,0.029255985599393654,-0.011038411626136372,-0.04176888771446611,-0.038932124137931526,0.026968286367177068,-0.007195176590437056,0.004772147710137667,-0.09257771662179438,-0.07101047493429327,0.0457663190101648,-0.059831599062226785,-0.041573752746108174,-0.0353214327510909,-0.025604277658358432,-0.02022918754066262,-0.011317444531280422,-0.021875855001801198,0.011284742186773413,-0.0690365975042014,0.033038875434068846,-0.10665796623402067,-0.045188434220519234,-0.03715804637419326,-0.07197753068352059,-0.048180849924347006,0.10547870161145416,0.029048864437675785,-0.022503214830596155
71,0.0012937707353337575,0.018116481599631824,0.003006901936149932,-0.012868849366681109,0.01072701365064472,-0.00018612657314077526,0.006521122685282239,0.0074221001139830965,0.012755470976814044,-0.018245291471471196,-0.012771688976942391,-0.01043349389441946,-0.0006865855247966486,0.017034902783545774,-0.02228023747095538,-0.02400285788366745,-0.03488192913512319,-0.04206375313691152,0.0067159900796473345,-0.006876386755241014,-0.004334844500342521,-0.012226629883798662,-0.02056628907996621,-0.0036431761839980856,-0.01364101722776683,0.017612123448168846,-0.0961496308479429,-0.0436689586317183,-0.015692416359714922,0.015141017179739955,-0.005747050872404163,-0.027915310386862766,0.017138506837782536,-0.015580041704269527,-0.05016899655774031,0.016960297524290034,-0.007139036566878373,0.03892003893383221,0.05559158971369948,-0.04934097723662703,-0.03197667854735863,-0.03748553590193301,0.01272862384180176,0.009993096724797089,0.02093314567099218,-0.006627590605401244,0.04204761625524412,0.018203826385525,0.01299211364731197,-0.03900085827617981,-0.006749867395708078,-0.07035880985272862,-0.029905662970198543,0.010690692986280535,-0.039239640587700825,0.008688529448130448,-0.04625929905441482,-0.013697865108195336,-0.007639386251818597,-0.001063945040352687,-0.07175771116161196,0.04567331054864936,0.024468703671300288,-0.046889977572016024,-0.007611839546692133,-0.03457657532066989,-0.015226132995026316,0.014860394360659172,-0.039533955671620664,0.03949565081826572,0.03737893786951965,0.9999999999999998,-0.04475468039441683,-0.02249361271312213,0.05044457728510748,-0.006501166447144855,-0.03140454938377931,-0.03366804481528846,0.010153460744628588,-0.018146691333109918,0.003774262268928584,-0.00931333305032706,0.013338654488508659,-0.007159239148985121,-0.053857151185968496,-0.07896279821284934,0.01692633246915761,0.006356907690532783,-0.02899123849067409,-0.011109235406304969,-0.0009525636866194945,-0.012747912838209002,-0.0012712849654943556,-0.04566370494157686,-0.01600387631281823,-0.01266940192936991,0.014629528472034158,-0.010298419271043312,-0.047219055679529345,-0.015467853640855601,-0.03524930604509193,-0.011003256318797738,-0.0010554078815024417,-0.004641975661838214,-0.012720149774218408,0.02091624447132889,-0.03262912878943079,-0.0049076929963381005,0.01123752343164974,0.014913737182281896,-0.0038875834785343,-0.010018125038341,-0.013497196397280135,0.02138336220515994
72,-0.048693358199648894,0.011534959389699081,-0.0031265149663020656,-0.03430216840854098,0.007924698019132892,-0.027694759173198507,-0.0060484123849190805,0.03382473435348112,-0.0018750085541132245,-0.04050643464434567,-0.0396921889041816,0.005198499839087841,-0.011304895886585637,-0.013972180376917474,-0.03501595102880675,-0.022829892491551478,0.0063073436606830525,0.02492739511763777,0.0064563115532827115,-0.03185481881032356,-0.007776695291232187,-0.037844392299715666,-0.003236417468317728,-0.025470479130460976,-0.039387478119659675,-0.007125835291906539,-0.005863520684682736,-0.02452211010847914,-0.02783645508456353,-0.04546897847360386,-0.004286299374216778,-0.04517687479477498,-0.010456729953656863,0.02703653346824167,-0.004529949705176607,-0.07926490878974693,-0.020008038624147167,0.01958582040409435,-0.033151949145117196,0.008002709639705435,-0.00478802868258676,-0.05955992579930022,-0.006178933838795597,-0.007290327406573507,0.035668211980643405,-0.07160464188120123,-0.03923893823491948,-0.039976456801801105,-0.04073250881294555,-0.013808607919389938,0.004278832676068424,0.010626460492037746,-0.01764277919657447,-0.043691875082656415,0.01837526917581505,-0.05876634086955398,-0.03423919079528805,-0.02614566409169314,-0.010569430945634978,0.020743438280292514,-0.03242551819595501,0.01899237202810569,-0.0105512994611287,0.0757157075437495,-0.01687431107109174,0.00452592132438782,0.0010014526873499963,-0.002403239271885021,-0.04941031388083263,0.017840364008721132,-0.007629882959049359,-0.04475468039441683,1.0,-0.04042700783877937,-0.011696874106697864,0.009582783683482672,0.07260755231721377,0.0033573255951233802,-0.02145602049987006,-0.036879337417181655,-0.020984605169081127,-0.001085268981017903,0.05479441310171106,-0.013177087467819775,0.007920607336185345,0.06610659233784962,-0.04101649295897242,0.014727843890304071,0.003125576765336851,-0.018148648625984715,-0.026284623084930455,-0.028478255117687677,-0.03692633422071092,0.09569038706381691,0.03833622386691628,-0.07400615250117729,0.05829034914128639,-0.034712215002708276,0.14204327181414222,0.02670702041701047,-0.015579605968008644,-0.038097552142937426,-0.02280794405768523,0.010803378734461497,-0.02232274244283728,0.0004983686815098459,0.061513718152435615,-0.013433121794629016,-0.004788019522331073,0.012645089827100983,0.0338215407792003,-0.058790487335687085,-0.048062272946626336,-0.01114003786527847
73,0.027551714618332973,0.018050034005924045,-0.012035287526890035,-0.05438221785932634,0.033658038831543634,-0.00721345719829215,-0.009712297388464254,-0.0017905214686498967,-0.0006540659663437606,-0.000728563549804349,-0.007520857244270131,0.0019655344299336795,-0.040163921777648603,-0.02752763862244009,-0.06326024283157958,-0.026172043502733503,0.010787011255111485,-0.042585269442846546,-0.007635466896871607,-0.020274111157194803,-0.0014788434865707872,-0.011627626530224876,0.04174142293678518,-0.0009394057973033548,-0.019680033456219794,-0.00450169252703508,-0.10249959445010984,-0.009476092834886159,0.022245256801358516,0.04980362339167681,0.0018387954682299362,0.000550046739405367,0.032338836698693856,-0.0038574621652254673,-0.022933947346666414,-0.017554125679088355,0.005810920265427515,0.015285880379985604,0.05655258707394792,-0.03530650389681676,-0.019687436664539714,-0.07200293428587022,0.051137371128628394,-0.012444992765304393,0.020179872800636402,-0.056539350871333265,0.02487976367233141,0.014742309791677457,0.03681208577603164,-0.01693002070022331,-0.02337572838752388,-0.046499477502933824,0.034843509056957045,-0.02346915514424544,-0.04800135246908784,0.04036280035961121,-0.02728074402094576,0.013876428014305107,-0.039744166398210955,-0.03846668270296622,-0.08259489212582877,0.03222982128686609,0.013814131645640678,-0.04550784718738416,-0.00382273773764702,-0.014351807173409222,-0.03019726414761992,0.02420289802626751,-0.05071724601896464,0.024412308444090314,0.06677249247990656,-0.022493612713122134,-0.04042700783877937,0.9999999999999998,0.015256904268918334,0.025702224281642278,0.002906843847146251,-0.062390975300383,-0.0026987094065905838,-0.02839975436512734,-0.0107543469607395,0.021186859774896503,0.050672020401204484,0.000264734770821342,-0.0578256404390116,-0.07877802502305187,0.0308637069334454,-0.0030541738270265188,-0.01983683550845375,0.012059229982196506,-0.017018604334740513,-0.03137607998654164,-0.01400722229699157,-0.017083695455681322,-0.00521474897596335,0.0026020947379327406,0.024576609475829837,-0.023978278005323764,-0.02468047576435599,-0.005124485590306165,-0.011898040357910445,-0.009138011765627427,-0.020761265661825668,0.05032016762062641,-0.022190695015132413,-0.012789283508667057,-0.019161467786052988,0.01542721230869513,0.022264225723987705,0.048887529929618576,0.025206987775150024,0.033874428607887,-0.0015929747694067207,-0.014508540082660039
74,-0.026845020269391777,0.049290956010412126,0.020607191042940485,0.05234187478863182,-0.03168199717974458,0.004863192772612528,0.03268204394984236,-0.044748684103471686,-0.02895626227061721,-0.03751973881436418,-0.018779072818465713,-0.05086433608827766,0.041708685460377384,0.02603495059107215,-0.02133149318298957,-0.051972356187477885,0.03698446195035285,-0.033671204660385465,-0.007022610074178086,-0.025039686532606124,-0.034379489113636925,0.0038361207514154387,-0.06616078895668948,-0.032725191040529754,-0.017194801501600777,0.03496820681595892,0.0275761053036275,-0.020933022260711958,-0.04189170723765541,0.009359405817129152,-0.01608700122994783,-0.014739998032252172,0.008546043742372082,0.0011755224011159035,-0.021151756013906925,-0.02984929150891957,0.024558916322448002,-0.020279766462015875,0.08389390836747042,-0.036711749527013275,-0.03350236410755491,0.025842219441827446,-0.04304538359908266,-0.021389879642994866,0.0077698569467613025,0.016795695628328097,0.03571862306761652,-0.028867684915974936,-0.036961363243834214,-0.030248703801450443,0.04688293268569179,0.0333338307031508,0.0003199377308462712,0.04109588085038255,-0.01096106681713727,0.03342643119011685,-0.012251560171481313,0.024776282825555995,0.13053565877038728,0.003863601355816816,0.026956877324404608,0.04148582391276817,-0.02955627145387164,-0.061455184178033515,-0.011054786193101967,-0.06490850358866139,0.10434700325866422,-0.032716593512267245,-0.031281175486015285,-0.050935068809200054,0.02572039684359491,0.05044457728510748,-0.011696874106697864,0.015256904268918334,1.0,-0.019630523008872223,-0.01406129781680431,0.019172663203998283,-0.038808643749010725,-0.03822120396292048,0.012022423098040013,-0.06595449159563209,0.007694831584784285,0.08970795172396981,-0.007818924178972656,-0.05678688301287885,-0.03808520641747695,-0.036359251055221406,-0.03516304872064599,-0.05280531628269523,-0.003051838740126074,-0.03856674141882205,0.02557320353213902,-0.06012622145667915,-0.04280228590613088,0.0028853567061428585,0.02372677993763535,-0.028456652769633595,0.019905514068989834,-0.0388308700659233,-0.04932641932236361,-0.03275648682236673,0.0004703630769054278,0.02898025356749483,-0.055333725524191975,0.02893763148868981,-0.07038041716849512,-0.03258719780496687,0.009872511229782558,-0.09035224204779083,-0.04192353534328801,0.0006310134563836009,-0.021711525776087915,0.03682437810924144
75,-0.04161392161080253,-0.0009260183611934514,0.010051781213249894,0.015253746094991387,0.02182476802568331,-0.0032272597419855066,0.011899393274332565,-0.0009377745589441287,-0.029656859237864593,0.01611439407867575,-0.0014856334220931776,0.022633473755662804,-0.049573891290955706,-0.016480367413019188,-0.009930758458357912,-0.02988959721251858,-0.004890943271418887,-0.032730966981260615,0.012989651824179955,0.00631955579912177,-0.005072848590100458,-0.014038217551236567,-0.02949819669483065,-0.02296481188110133,-0.05011532063121384,-0.0261309029066014,-0.03611057631562507,0.01605425282236804,-0.05209325567437226,0.010456273425348403,-0.0046457253325368365,-0.012737128481234304,0.0186606361519403,0.00880245949542347,0.06732198177549553,-0.02996763890240778,-0.0027236820810535045,-0.016090729885805094,-0.035196735345373396,-0.03425333961804409,-0.0006763526446957672,-0.036387180571718115,-0.020044709066150575,-0.018673795272522237,-0.0038928314948663088,-0.025126667554463106,-0.015485343532732999,-0.019441408571007075,-0.03648319228996154,0.03033638823641947,-0.02257640119007823,0.040017850881378575,-0.022845561232239617,-0.017026721709113717,-0.04002903632439673,-0.02051538644142045,-0.03529139619020047,-0.006305645473293148,0.03790404844791903,0.01816178887632446,-0.02548042893739834,-0.01958367763606912,-0.008706716076467759,-0.03203676279166462,-0.027949422877458562,0.021850115036234526,0.0006203093952493077,0.0066820426668277545,-0.015199970644085337,-0.03376918103843741,-0.043611928733470924,-0.006501166447144855,0.009582783683482672,0.025702224281642278,-0.019630523008872223,1.0,0.015239725093055028,0.005752511103743363,-0.01449060979213586,-0.020455304470943212,-0.026709021518298914,0.003881310302232151,-0.00879354250909024,0.009374824491442314,-0.03608521034231627,0.007438882454690788,-0.011242967355611894,-0.008114915222638842,0.03581817562851428,-0.018915829077551613,0.002611525467369837,-0.02754675664798556,0.005646330216029568,0.004578839693223548,-0.025093710915118004,-0.006686638887968633,-0.014122204905529422,-0.024754534720254472,0.02538758218084702,-0.004711941724372467,-0.032037409076290845,-0.006092210135350878,-0.01651820119479278,0.014240670275746386,-0.0389341787978026,-0.02465985981890471,0.004234901262706282,0.019907227074603937,0.0003626654120789094,-0.027503052011550438,0.020368599110807555,-0.02083161185843304,-0.02537149805375401,-0.01320601773247216
76,-0.0220732973610769,0.015243974488253586,0.010575051664359332,-0.07948229609258287,-0.0218172539800575,-0.034114960869356635,-0.03485731738204037,0.08131661896640137,-0.02947515408821847,-0.036688076119222424,-0.022374246535079256,-0.020768301468165454,-0.02487561685184492,-0.0164030065088198,-0.015240567315567924,0.04956088145655231,0.011072782144779992,0.06571334282156951,-0.015796258018654617,-0.04814512378368902,-0.017080988113295677,-0.04894987708418486,-0.040012984869067944,0.002436299490744492,-0.044104915273691044,0.007835283493883904,0.028287955524396467,0.006416140155359637,-0.013446289695339224,-0.014370702561893642,-0.029330445804935896,-0.026056999878215536,-0.01897291896230568,0.019064234316447593,-0.046682225955317125,-0.04816616441224271,-0.051262163003131786,-0.021601988477757565,-0.017281005063079623,0.0411358319318924,0.05933962551171021,-0.0899727214694914,-0.04488450331690078,-0.0554286630957799,0.015188974615195696,-0.0016944010258207408,-0.033196795986973705,-0.03129334546195637,-0.05960298456644195,-0.04397140216207466,-0.0011553203695680583,-0.007648971680198881,-0.03180256324229471,-0.03133469943877478,0.026153887940610944,-0.03993462931172344,0.029362576302295666,-0.01960198072654484,-0.0801102617310436,0.001647014500736487,-0.03596996512675088,-0.03838926707550506,0.016540287463793053,0.19227650196880247,-0.06863198262756834,0.03599477490251784,0.01650585986856939,-0.056424476269400246,0.017683231264467685,-0.021070063409008244,-0.03976912525549056,-0.03140454938377931,0.07260755231721377,0.0029068438471462504,-0.01406129781680431,0.015239725093055026,1.0,-0.033669231783799713,-0.04035237329059593,-0.011958127890128081,-0.040084639194947175,-0.03126186820774357,0.03870359531229928,-0.05839377820142745,0.011320017390904753,0.3008514796667489,0.0024406571050907327,0.0498888938116174,-0.02720252396593569,-0.015206985893740865,-0.01426811190753812,-0.008309373886206912,-0.002065177776934341,0.15475071427469336,0.04719712613077482,-0.04239696576993657,-0.016905508535635317,-0.01978131153206932,0.08040116517125141,0.021765827489877546,-0.023316676132810316,-0.020401128386034435,-0.028583835354828117,0.05555349336331906,-0.001050554437112393,-0.03498733444163418,0.11109926949773354,-0.04044088178165044,-0.016573348268567344,-0.0720598450584711,0.05157756473988397,-0.06047743565277091,-0.01796291395398007,-0.005765540472778425
77,-0.04269662140971335,-0.07803124271823803,-0.018453494701879902,0.13435372647449884,-0.0626460088242844,-0.09113477756318566,-0.03612818609774434,-0.09011695847543968,-0.0527703281047841,0.0578025096037299,-0.05712382777627314,-0.03852430863352728,-0.0039296835855361905,-0.012235585272484221,0.004911426604050844,-0.06575355044342117,0.08209495462436614,0.034059195146029335,-0.012360015806355807,-0.053060069663078926,-0.07646765310862982,-0.04090698184361303,-0.002652413074628737,-0.04927343128024129,-0.006247154947956346,-0.042160049038106204,0.07537778551326192,0.0524380309177937,-0.06535026130722248,-0.05146614788599526,-0.01903612644756998,-0.059441099414281204,-0.06825125685767701,-0.09398372955360305,0.17141425786815379,-0.0327632255616058,-0.007288469339890023,-0.09274324588733243,-0.023904334334172442,0.09334262106422943,-0.008714338298572983,0.11515003058454931,-0.10653445459809625,0.08355160164573346,-0.046498652203977676,0.009672592537070406,-0.046474629661339126,-0.06775809302339604,-0.1059444594151483,0.04388491493081703,0.10299059913687554,0.2768187903980824,-0.048597683553428715,-0.031898499545645165,0.053942785963255975,-0.028792157096302052,-0.01010187176211949,-0.08265748182463435,0.14329189366202152,0.09590592069372711,0.13413821008653048,-0.028482402312625242,-0.05731822839202203,-0.0975141171906997,0.02540694119227456,0.005994800075697871,0.10418106721297317,-0.060349570650616004,0.009188397826676322,-0.07144253693819971,-0.015618857066034062,-0.03366804481528846,0.00335732559512338,-0.062390975300383,0.019172663203998283,0.005752511103743363,-0.033669231783799713,1.0,-0.08872788377736524,-0.015451800898984664,-0.038705178547251785,-0.017675973924690874,-0.050918611959453554,0.05482904532364728,0.11432179295425711,-0.032363047034827605,-0.041933408344561024,-0.055800892113192925,0.02185979767591997,-0.06687414962857091,-0.05195572909515406,-0.050758688009724336,-0.05847199057603183,-0.09451324681340424,-0.04260912069316765,-0.029024376202841512,0.0008858464319862313,-0.002101259903427016,0.07193417491958597,-0.010235912740453372,-0.03437350302295332,-0.044065838662023286,-0.03253035555977177,-0.08943887547646764,-0.011591810271333531,-0.059601160628023744,0.002226984732078144,-0.02514967821830994,-0.08067420773569586,-0.06307052742617911,-0.046502622071249555,-0.04549228596638345,-0.0422647017234862,-0.09647386698367734
78,-0.04641973704553313,0.014243642448024415,0.007269160223548803,-0.050293843062118475,0.0005470930667192855,0.05523420841839372,0.04761244702649937,0.04537029000165471,0.035166154260512394,-0.053951783642690744,0.021056225583272154,0.06322418960287543,0.0367712061067248,-0.03499423486480929,-0.06869651618825619,0.014769667532473689,-0.034144006902103646,-0.06349993067245953,0.0034550450031059607,-0.010772883703955908,0.09034083882638082,-0.009331539108755131,0.027077899754759823,-0.002998955652685012,0.00725159217123663,-0.027060565625292105,-0.06341146454033951,-0.05832819640617384,-0.052243738500650824,-0.0046066906508056395,0.025665550152710943,-0.015818523323949646,0.0213149761355056,0.017828300178815537,-0.020309305927095678,-0.040325353382977706,0.021590898874843806,0.1369210971782981,-0.030063367521949106,-0.11167461153674468,0.0036298067686457818,-0.04326816074414818,0.10914298785145829,-0.013789518457241152,0.07567349597698567,-0.026971139125755533,-0.0028914215250182584,0.019573197244665098,0.04235332139795527,-0.009452468678704995,-0.06499709155562017,-0.09979166616276662,0.00020676236926245916,-0.0018796673548234853,-0.06424449278659027,-0.03825722429473742,-0.007698745234064552,0.05955472111020583,-0.03990488154665691,-0.03171937445976409,-0.07049319493111214,0.00942197907125188,0.014823261472146926,-0.05415293934656288,0.06301632942952286,0.017248199750439452,-0.04438351438978298,0.048301765663638994,0.000676051589330056,0.07558398725917813,-0.006098436166609235,0.010153460744628588,-0.02145602049987006,-0.0026987094065905838,-0.038808643749010725,-0.014490609792135858,-0.04035237329059593,-0.08872788377736525,0.9999999999999999,-0.04336374809657456,0.01916856236892218,-0.019549130334758538,0.04334078183304355,-0.051221794114879156,-0.049263635252212425,-0.06050970176054892,-0.04805877602432496,0.006870754589333673,0.0018714337630608676,0.02996233531250141,0.02877252708718106,0.03164237225480102,0.019498930930941516,0.03184605710669724,0.06311913698865097,-0.012327642409945567,0.014269602689881731,-0.047351695073477945,0.03455516443390075,-0.022449255400439846,0.013800695392284098,-0.009986454959702616,0.07779266897976021,-0.040930934362439365,-0.00471020255625113,0.020095881450141854,0.002932936676464925,0.002336872589388967,0.11757308171162557,0.08232411079247853,-0.011934564249423288,-0.018745297772006574,-0.019904330347845844,0.1257543490571429
79,0.042249372653700636,-0.019368598726603396,-0.032013552901143966,-0.03495798397285367,0.00592161609081825,-0.001240737355381305,-0.01992813677933928,-0.013087317253221079,0.0018328257530729935,0.010723399384432262,-0.037237075668146054,-0.029824094684426188,-0.013289086041292681,-0.028606672020934348,0.002955743411196001,-0.012310770327096375,-0.04045488808435772,-0.003931067317804689,-0.014005111008687293,-0.013046025300651886,-0.009681418189004651,-0.021117635298277943,-0.013085714560737784,0.022794501453783356,-0.0052041688324484916,-0.018849262896596327,-0.015467957783471391,0.007106865936729705,0.02701207520120651,0.014496234582117592,-0.02023979956239141,-0.008554965316538083,-0.04614686276300508,-0.013573863060337494,-0.031855300802876504,0.02999570442071032,-0.03505666278654085,-0.03653323998786813,0.025356866870802366,0.005278220599955969,-0.023948285652480174,0.010175892669668658,-0.04741610128256918,0.020667653946632072,-0.04532144376721531,-0.024687375461956415,-0.01448816026167459,-0.00037965200764980767,0.01055469193881758,-0.02459374309385088,-0.009236458587232217,-0.03853736493481733,-0.0033561444495735105,-0.011512122947781782,-0.005978443052797585,0.019894094391199112,-0.002696419347405641,-0.01480610240137984,-0.03783471223128877,-0.029825619399255293,-0.0258701093100953,-0.009428467718020946,-0.00473211408249785,0.013380365025658094,-0.03825508010719733,-0.0008262633694459095,-0.04941508172789607,-0.035287429626530774,0.00399386093336112,-0.013868666554460856,0.0006455490015969845,-0.018146691333109918,-0.036879337417181655,-0.028399754365127344,-0.03822120396292049,-0.020455304470943212,-0.011958127890128081,-0.015451800898984664,-0.04336374809657456,1.0,-0.02803167363035712,0.00034868422566246916,-0.02526674935943995,-0.030770555417630772,-0.033506664198624525,-0.009312961152880056,0.03307921060543528,0.01888192077100619,-0.01924585122176374,-0.008062695496572748,-0.018216389023305413,-0.03045908683115133,-0.04032857965410761,-0.01787896956425916,-0.029445291840919985,0.01879579317246972,-0.034834475053747885,-0.009070012122485337,-0.0547640866618726,-0.021052376299591273,-0.010951570745758548,-0.009448933733409767,-0.035042816973551646,0.004291357085540261,0.014295199241757593,-0.01685891159035816,-0.015225296609754406,-0.02445037362328375,-0.04409314503538222,0.0022684035068101607,-0.0011567033080056252,0.015431874925909746,0.017727792794751295,-0.04758238011624421
80,-0.007410005580579604,-0.008941900063147224,0.005127246263736481,-0.03821973919615989,-0.025737169884892604,0.00596351888033861,-0.015300337820381768,-0.003300698138379409,-0.0019215553203406253,-0.019098481216847422,0.04213136900181178,-0.004613312783145023,-0.012911911927828179,-0.00025458619572987193,0.007487299335031588,-0.019080123681211376,-0.013284476799855225,-0.023914170505567288,-0.022059639641505105,-0.0018329652521993543,0.014986809559638423,-0.01280841104201143,-0.027656117648600573,0.001452797859136967,0.001065332758319219,-0.011839640677448573,-0.028879387073179927,-0.03775497643302873,-0.016557025816980896,-0.03569573299718114,-0.01368292198758388,-0.009962422992412638,0.01582295941871707,-0.0007384378621942058,-0.06763070402863916,-0.03410372368486717,0.02126151924842665,0.019681175785451394,0.01199377372430361,-0.05709706385330402,-0.018717698532116068,0.018853755795367636,0.01847015966834006,-0.01811190881473324,-0.0003394974422588972,-0.008288653379117219,-0.010912432544013079,0.006947161534218792,0.00777115928036629,-0.017572075046072833,-0.068388354978126,-0.02599243119442617,0.0228130519881997,0.015304158932781455,-0.04063700454683366,0.01769877341440589,-0.023402617030887942,0.011404493216151194,-0.04350264403104339,-0.0072482085884080305,-0.03888460230018371,0.010691815194091335,-0.001340877573781655,-0.03736309192193918,0.000968951955156497,-0.021670973216205074,-0.052486025573349436,0.008700863600544718,-0.0029828666841862413,0.01363191814583775,-0.022395532909321038,0.003774262268928584,-0.02098460516908113,-0.0107543469607395,0.012022423098040013,-0.026709021518298917,-0.040084639194947175,-0.038705178547251785,0.01916856236892218,-0.028031673630357117,1.0,-0.008903436814880714,-0.00535737071223162,-0.017488213940539576,0.0256557238845866,-0.052516702364215344,-0.022088906408597946,-0.0574501740653082,-0.014263072902462563,0.0011713947652133064,-0.006452475887071528,0.039001308539285746,0.006026123392998368,-0.028509882465022143,-0.013016947250525846,-0.004484135858724784,-0.0002701196140366137,0.0015980026608056897,-0.04300190034140491,-0.02531459973263783,0.029857006045417973,0.010080379917520399,0.004676637957930156,-0.010600666127949044,-0.016280710032479537,-0.0019357322629822231,-0.04327211318630283,-0.006907060873482147,0.03348729385718393,0.014088262796876984,-0.03391585614341805,-0.00795940964212419,-0.007961630612976542,0.014598418215823824
81,0.010408429591283684,-0.03014302481474762,-0.011815888253456523,-0.01232299183037631,0.0011637937452595925,0.04935731532352229,-0.02657835556964204,-0.050396029192254325,-0.021165927903372864,0.026791236860443286,0.042148830612785536,-0.012784969653727704,-0.02460837974115641,-0.0034324085063957457,-0.005839333675898022,0.009405194525946273,-0.011496686464946693,-0.05542385220415366,-0.001962871537892212,0.03800732543719089,-0.018618604896976938,0.0070310601420811025,-0.017609509799205305,0.013880238767553307,-0.023160032105481124,-0.018670647638338197,-0.008340932673107477,0.009154221066966431,-0.009846242185097548,0.02368806764841576,-0.00894536216918559,0.027159191524206452,-0.006608333196384607,-0.00042506806523484256,0.0061126318560933285,0.05171214520522649,-0.0003356490716077227,-0.0278147142518606,-0.03739562609808189,-0.04754021179427238,-0.015330094517051918,0.014234372505895153,-0.010809060371010133,-0.040846919624469964,-0.08755809499625009,-0.016565190971344408,0.0001541332498940446,0.05044910956943071,0.003669773220150895,0.020629573327782945,-0.04923900013452418,0.021508711225568366,0.01000858039531395,-0.002297684758974572,-0.03419279908778647,-0.022972372509918425,-0.006815019406661489,0.013263999157857677,-0.0409712426025763,0.006440132861321945,-0.005151757176613881,-0.051665727428976904,-0.024179319940095305,-0.04310602979932763,-0.025804371865665674,-0.008008510033368626,-0.04360670222474877,0.006944541288239926,-0.011396204829173666,-0.0263044994254783,-0.06590998284393436,-0.00931333305032706,-0.0010852689810179029,0.021186859774896507,-0.06595449159563209,0.0038813103022321506,-0.03126186820774357,-0.017675973924690877,-0.019549130334758538,0.0003486842256624691,-0.008903436814880714,1.0,-0.06910785854850594,-0.0029518230684630834,-0.038734725729502956,-0.03005244957365609,0.02074524837868943,-0.01789462912501357,0.010787922610109782,0.013912970287831236,0.00596386055077651,-0.010282863790391585,-0.004004502098254442,-0.022106939820337575,-0.027962759952144343,0.03074055647725533,-0.043172858680268135,-0.0024792861215646883,-0.01992331254508837,-0.0474349083169964,0.028792509411483508,0.01568722515272709,-0.014317812084230136,-0.01149399502328918,-0.03767695079127066,-0.016654992789215412,-0.038992046866747496,0.010852650404610961,-0.03100600171053177,-0.01470923958170376,-0.030212046502513138,0.024396739977396376,-0.00519234778557983,-0.0033206652354034367
82,-0.010586464904283771,0.01754112175039176,0.04232379733495624,-0.008450657530899125,-0.04852389230870145,0.021512191749789314,-0.037598042256519484,0.027106320011470512,-0.008942565414463664,-0.055000122449503135,0.010804934235970804,-0.020478479773311742,-0.011817055506669689,0.0008352008721889885,-0.022459074553677783,0.003720795365623032,0.0071922957454310125,-0.01154428887466253,-0.01961255864857454,0.0014574664967682532,0.01910513065859756,-0.01758215734185184,-0.03964139699385627,-0.0004955759291828204,-0.05037559869631477,0.011574417696397733,-0.005580006617544148,-0.03366364611240749,-0.06419415907957751,0.004742386880815632,0.01779266958131197,-0.026095429406590386,0.007992988459349442,0.05312905439446878,-0.05160112911840683,-0.03325528422356276,0.006543304577579146,0.05043506684409046,-0.0517386444312659,-0.029369909448036864,0.0028263753628132433,-0.06068840768307355,0.015120410419073168,0.01787043152522031,0.08086666529034021,0.012017863064081463,0.01136641183955568,-0.00010271008916616753,-0.03032911266857832,-0.019914851984121674,-0.030721675940727153,-0.03694714422816098,-0.018771471824154284,0.02465820544515851,-0.0291485328378806,-0.025166515262963596,0.03412217143710183,0.008258953152352767,-0.04933949240497829,0.004089272315288946,-0.033998472544617644,0.010682355711768017,0.004929891405297695,0.016932684189403156,-0.009906107799029083,-0.026702710995246317,0.04542374317442966,-0.027629470688618058,-0.007618579369062677,-0.015041137486475845,-0.052659365615190946,0.013338654488508659,0.05479441310171106,0.050672020401204484,0.007694831584784284,-0.00879354250909024,0.03870359531229928,-0.05091861195945355,0.04334078183304355,-0.025266749359439955,-0.005357370712231619,-0.06910785854850596,1.0,-0.01994347939837363,-0.005860823811780324,0.06004353511196802,-0.025584565922025865,-0.007916048995886257,-0.03320315219948125,-0.027081908315209197,0.0037209686667383497,0.03430034558053258,0.010246529244784155,-0.010763201916316849,0.019209644744632937,-0.00679970815040415,-0.008389705724494668,-0.03595358270783742,0.024314657904359955,-0.00971865262008183,-0.01624401535222811,-0.0059296961673390375,0.04506394002425573,0.036119955394249954,-0.023341266715033195,0.019826816542879547,-0.035744259806427016,-0.02316319599859107,0.052881442399109246,-0.06090593234525331,-0.018510580599404112,-0.036378710893580905,-0.02550648219781093,0.06870310535047426
83,-0.05353416327567917,-0.024546629628842513,0.014530416899238608,0.13268030671924594,1.6318799281943205e-05,-0.0026290972604442824,0.009189421790166038,-0.06705736399018634,-0.031336902680540096,-0.01018072601485234,-0.019356899875100326,-0.02826906774254652,-0.008116046556018424,0.04899741587362013,-0.02912080727383609,-0.05480378672385862,0.011604674430366887,-0.0536293435466247,0.006678541962094912,-0.01242660905322635,-0.03750342941871914,0.0015344215471492562,-0.0248595294802425,-0.0586658406365097,-0.02051192077202636,0.017798276197957597,-0.02574067438750506,0.009452646867864066,-0.027145991326065634,-0.00694673290146369,-0.026667829905998294,-0.01953072803043633,0.054286340905842605,-0.02519259366574588,0.12229657948939318,-0.030601777074268106,0.014443047655230766,-0.023217365695224618,-0.01047197147998462,-0.024279297470067157,-0.033893347392909084,0.02064983314922185,-0.002944860920468788,0.02039726224715063,-0.03512964897647609,-0.015493979268259541,-0.001525163171322639,-0.021211168905403078,-0.028250961187546633,0.011984391719253052,0.07892039778314551,0.10085550545632206,-0.011724840519752523,-0.007965936186774825,-0.05051714231908221,-0.009421000496199955,-0.0343819592485599,-0.02047173754186456,0.14102710911773272,0.04566515489518774,-0.004674951622422789,0.02644557272322636,-0.04321659572415015,-0.1320570827407933,0.05122865109741348,-0.04539668545737302,0.00919296420961753,0.014607434349704547,-0.01721533977992758,-0.024791957798228605,0.00907674648534837,-0.0071592391489851215,-0.013177087467819775,0.00026473477082134206,0.08970795172396981,0.009374824491442316,-0.05839377820142746,0.054829045323647276,-0.05122179411487915,-0.03077055541763077,-0.01748821394053958,-0.002951823068463084,-0.019943479398373633,1.0,-0.0014512467728255401,-0.11487182355867598,-0.028499115391539685,-0.06068573579223566,0.0024791310084873314,-0.02668176804285257,-0.01589705735628723,-0.04355984140985051,0.01747572898335184,-0.08041908395479416,-0.027613028095392327,-0.011819449950659337,0.009169030940821103,-0.048400144682487004,0.04999628356767254,-0.042229701115021175,-0.02975941908335525,-0.03103196826573712,-0.040517120519308954,-0.028538187381652425,-0.039726336137662216,0.03916407335380903,-0.04244837006218638,-0.00800764388592961,0.010693202447825945,-0.006231309539345071,-0.023004929720692218,-0.011451956440528197,-0.034950975296037745,-0.03272044560845205
84,-0.059388910532765,-0.05671212556247709,-0.018693490385307383,0.0577506640936141,-0.06886738768441154,-0.09315604875811444,-0.045859314829692494,-0.050425446257982516,-0.036178982056837165,-0.00330965828899052,-0.04081540141586507,-0.04092850715358965,-0.0045264569409419406,-0.02257241220874435,0.039425689775429124,-0.0019472896987837308,0.052170457191305204,0.05627863422289104,-0.028749104612618422,-0.06006768258219496,-0.0663599300617786,-0.03308863892818069,-0.013280125591289325,-0.03772258868697136,0.028266141476488524,-0.04003999648097209,0.14920141250180513,0.04581114856198986,-0.024518402096261778,-0.08157681220378071,-0.020708043256749704,-0.04007079889011191,-0.05653197690409555,-0.06569050065744679,0.0630538016368072,-0.038327313117540035,-0.02992492061818984,-0.045915571947778365,-0.01704415486796564,0.20198531973845313,-0.0021681567489308935,0.07097751982070331,-0.08279110711914296,0.04448247262775651,-0.0030244698476057023,0.03152050683270096,-0.06733725676541931,-0.05359870210682313,-0.05040466872792798,0.022667366654856712,0.07730975133251801,0.14294307705607612,-0.024425322047128724,-0.05460577979856708,0.0573827917844757,-0.05027056878275332,0.043196812011888956,-0.04326708034743677,-0.004607306258125435,0.020910699365617742,0.1394663754194824,-0.05367361798873667,-0.06294878860404896,-0.00865455176301983,0.020528593770717665,0.011595582791793117,0.0958525951887452,-0.06929852985543963,0.04666303450689157,-0.053925137851295574,-0.029601934244024984,-0.053857151185968496,0.007920607336185343,-0.057825640439011596,-0.007818924178972654,-0.03608521034231627,0.011320017390904755,0.11432179295425711,-0.04926363525221243,-0.033506664198624525,0.0256557238845866,-0.038734725729502956,-0.005860823811780324,-0.0014512467728255401,1.0,0.04324067227782041,-0.046080603952483874,-0.030298147536922983,0.01152293425818169,-0.05758534151101869,-0.05393105497879224,0.010509536464122969,-0.05688442623795645,-0.0036628065904314687,-0.01896997152936792,-0.047940339140069434,0.0343848876583986,-0.016566697001040735,0.061408732475228614,0.03813701772663476,-0.021992436242172706,-0.035430308905013676,0.013376744942613398,-0.0642477561014981,-0.00997242536766535,-0.04868227339371818,0.04556097026622663,-0.03250451694647707,-0.05229058022470861,-0.05584437145538373,-0.03456161827832921,-0.03581452407698736,-0.036491388817259,-0.04729825843515383
85,-0.01556857138432849,0.02818905115366826,0.003145395733188806,-0.14190244229428384,-0.04235184125517592,-0.08058221147960333,-0.05403969382931563,0.21374063545671876,-0.052505155926828105,-0.063988168304869,-0.055909484387014693,-0.001957476258559872,-0.05105425407036129,-0.022885988970022364,0.01283912299980539,0.12409123504360964,-0.014231415627420651,0.2565225331009548,-0.03569004787703995,-0.06607684708234406,-0.011186305570062635,-0.08162429757485577,0.002381344825040847,0.03134168864000835,-0.053634958127534785,-0.022040390405773515,0.12822774056173594,-0.02480788974265037,-0.0038231295084615335,-0.07996527746266352,-0.040981279604290155,-0.06862433314510383,-0.06677700000872519,0.011098511627259292,-0.06601975589193913,-0.0954752575048102,-0.07909413146853776,-0.02155147873883162,-0.08027883583405943,0.19534195108065372,0.0911147018138756,-0.11404572672514923,-0.06138053856106115,-0.058573753919453665,0.04487224059156278,0.00874874685572788,-0.07160095501853363,-0.058700028306061094,-0.10394405011347606,-0.06397457633163774,-0.03689282186810726,-0.016004644255133888,-0.0656099523540428,-0.06333578309772218,0.13372780986036048,-0.08931610205815929,0.07653181342200098,-0.06748333603628444,-0.11856080294001684,-0.057412329636325914,0.012376832337228895,-0.05781264979763669,0.04963120644634845,0.5247730153574992,-0.11513379883489003,0.1338434966182066,0.0012024519169753173,-0.10798120471843782,0.03759105236895778,-0.010991993118766271,-0.0984334685080275,-0.07896279821284934,0.06610659233784962,-0.07877802502305187,-0.05678688301287885,0.007438882454690788,0.30085147966674886,-0.032363047034827605,-0.06050970176054892,-0.009312961152880054,-0.05251670236421535,-0.030052449573656093,0.06004353511196801,-0.11487182355867598,0.043240672277820406,1.0,-0.053376183846325635,0.12545645175683318,-0.05048567753463106,-0.037237626532387644,-0.062339674917016044,-0.0007708940589686739,-0.06420593646318966,0.319666777631855,0.11343429864273107,-0.10842981676416741,0.003394198565132958,-0.006319629489403026,0.08981940832128323,0.11389181490158053,-0.04012577436100126,-0.04380481316102559,-0.06374652533950426,0.05101986447462281,0.03835105023515195,-0.0891264888015159,0.24082409987074221,-0.04841005468020818,-0.03525809164933209,-0.11367721621586074,0.046920232857826996,-0.09809495869804646,-0.023730328308148335,-0.019752418920016536
86,0.05447495428702297,-0.024157465023854484,-0.046822755764656804,-0.051224021023383734,0.03673392841520911,0.029637942171329756,-0.021246122177757863,-0.032745935365914344,-0.01034455078585825,0.012455689664832202,-0.01794242674601775,-0.018781585335275252,-0.0217030082326431,-0.037875371289831455,-0.029970655755296515,0.0018054127175672677,-0.024750774926661605,-0.0340241636305762,-0.010104806506148374,0.014929299614842635,-0.02760783954759705,-0.03765717878409049,-0.0049627945486188365,0.045736191174483104,0.013827620180595806,0.01491898405220714,-0.06172591429362753,-0.0018658583469086138,0.061059900635930704,0.06366861743037909,-0.027333092432397496,0.021514639431485506,-0.008918282794981138,-0.006609705513242148,-0.075440700531468,0.06339344781636841,-0.023959738168324734,-0.02613805896875718,0.04629309751668646,-0.02856323215209892,-0.03815820900008265,-0.016702754573424437,-0.014458135891089338,-0.021618649942334638,-0.04806431134511618,-0.024596353933735656,0.04656244473673608,0.03612353701831285,0.0459386375521224,-0.02585736808280057,-0.033009340230737504,-0.0457162210053214,0.03266828213412295,-0.009830920514854012,-0.028103528894901437,0.03739890047675567,0.0002731810582344364,0.02744478388633539,-0.06635987827932299,-0.01712393555151194,-0.041884645529027126,-0.0145339969541461,-0.002674909335874633,-0.030069259644611837,-0.036072633410242125,-0.05878628467040132,-0.02845431550960899,0.00176928337856614,-0.035795862714971,-0.023475956118896565,0.029255985599393658,0.01692633246915761,-0.04101649295897242,0.0308637069334454,-0.03808520641747695,-0.011242967355611895,0.0024406571050907327,-0.04193340834456103,-0.048058776024324956,0.03307921060543529,-0.022088906408597946,0.020745248378689435,-0.025584565922025865,-0.028499115391539688,-0.04608060395248388,-0.053376183846325635,1.0,0.028003071578723355,-0.018079334315258478,0.005196525385769383,-0.0020127325181918724,-0.02092553780623532,0.012297506385384387,-0.021562807864764066,-0.052977373911980416,0.041594783256690686,-0.046572137148238636,-0.0033004211540220243,-0.062263094770758226,-0.03772067417720452,0.0209032739720086,0.01081128848939098,-0.03564985849333154,0.026262076990621098,-0.011633219379428355,-0.01644065539960254,-0.05159163235324802,0.0052730504454940146,-0.04278837665903129,-0.004525877616792639,-0.020590327682235215,0.039797908881735976,0.011278798386285361,-0.03189181755832404
87,0.021978001235180372,0.0017866017268562487,-0.029802077105362482,-0.07701394608959831,0.022393445773482953,0.021046108278899266,-0.020497037361739433,0.026143104223892547,0.01566404510683637,-0.0030192846556253788,-0.03134886942092244,-0.01865143466085088,-0.004154771379371663,-0.04210031627917456,0.01075433438874999,0.05632954119943601,-0.018806615125053414,-0.00666990840887837,-0.03521601925990756,-0.01720974715489483,0.00011459581575111722,-0.008687228602844321,-0.016099718997784857,0.04825368837378727,-0.018961675970172655,-0.009044661816730356,-0.014239415371552367,-0.02048917091075165,0.024087000736508872,0.04120311973962826,-0.01416341447335041,0.02951203940201368,-0.01621017711897176,0.008708287074076324,-0.09098320822622413,0.0313848958552129,-0.013024942662254504,0.0038241159941044328,-0.0025606473011264086,0.006196628564848083,0.023436673897784685,-0.06203433062418889,-0.029702234985288716,-0.011275600748655067,-0.0014345152524973864,-0.007407686980837279,-0.013811954605204943,0.032649742116103865,0.005219633170513702,-0.04587818045456141,-0.027803965510916892,-0.07744258469950602,-0.03375541900202885,-0.0019906970204264913,-0.03377341593777482,0.010077259363911321,0.011710486726433718,0.0036494008610180348,-0.09834419469419628,-0.031960493368634,-0.042326068871169076,-0.028013573915490367,0.023030261604024726,0.0705861273174483,-0.030767847196192983,-0.003917540940846274,0.014341634609134367,-0.031073618362822956,0.00814507381007267,-0.007288952086555539,-0.011038411626136373,0.006356907690532784,0.014727843890304073,-0.0030541738270265188,-0.036359251055221406,-0.008114915222638842,0.049888893811617395,-0.055800892113192925,0.006870754589333673,0.01888192077100619,-0.0574501740653082,-0.01789462912501357,-0.007916048995886256,-0.06068573579223565,-0.030298147536922986,0.12545645175683318,0.02800307157872336,0.9999999999999999,-0.05074350635341825,-0.02088030404410117,-0.010674807245592069,0.08447829943574042,-0.0021526759285672055,0.0599187594768978,0.03853426011459789,0.023171800421875176,-0.04585531585470687,0.001658048780295772,0.005111576628720852,-0.008448269096817626,-0.00683247307929911,0.0015873012708533013,-0.0042209975221086955,0.03444836513811198,0.0011621356028726898,-0.01754125587101334,0.03736983250641886,-0.005132601603010845,-0.007362725331424482,-0.06827006907006093,-0.004107472356923815,-0.022032254680920717,-0.0017017581423264044,0.011280449928241584
88,-0.05003648779925239,-0.01606244971830845,-0.029853867977868674,-0.012102524260836658,-0.006151075187735816,-0.016626960588742055,-0.017374676314441753,-0.03284491262686677,-0.033912579607243934,0.009922448084109777,-0.0003127499809929516,0.02114552247154038,-0.04537557695136026,-0.028583914066778057,-0.02728218202148084,-0.008923297070709666,-0.00982633759512689,-0.049684588120593516,0.010987332490067492,0.008457478971554857,-0.009055155810958986,-0.03269467843935636,-0.01596071079231925,-0.06032084303487094,-0.023472659004311117,-0.04271540744061702,-0.019909003875297423,0.018117647312797986,-0.042714636919524714,-0.02167290772237797,-0.0146782506662207,0.022574926168859793,-0.007008897080735708,-0.025633249746475614,0.1024111057640144,-0.017422522365384583,-0.004070020691659645,0.005844896467199959,-0.041422509639652175,-0.00825457797179188,0.0013453622600909684,-0.010154182500257786,0.00739201541037254,0.0017523414982099747,-0.027343303123652407,-0.030527925440436438,-0.02177715026555809,-0.004692136815887121,-0.009428198514153779,0.0599792662505087,-0.02358646594215304,0.06046945827790303,0.0006627646669435228,-0.030904096821778828,-0.030726526944535617,-0.04099443094814508,-0.00671512591726158,-0.0220602876990117,0.03376380987356962,0.043817363260165706,0.0072040871509678975,-0.03716920370556087,-0.025366462566792116,-0.07404062445876461,0.01138719425796321,0.04894684208863477,-0.02389242493757775,-0.006754079051867399,-0.014368085236185322,-0.01785186849333328,-0.04176888771446611,-0.028991238490674094,0.003125576765336851,-0.01983683550845375,-0.03516304872064599,0.03581817562851428,-0.027202523965935685,0.021859797675919973,0.0018714337630608678,-0.01924585122176374,-0.014263072902462561,0.010787922610109784,-0.03320315219948125,0.002479131008487331,0.01152293425818169,-0.05048567753463106,-0.018079334315258475,-0.05074350635341825,1.0,0.0053522517025751245,-0.00900615560830399,-0.027998387186486597,-0.022474044851895057,-0.002592831795780336,-0.01781221083677446,-0.021564387117637744,-0.011318625580678969,-0.013551479965634336,0.014839223562115627,-0.03533347779264518,0.003244243153052379,0.008159510214787512,-0.012958401363008194,-0.047894038767692076,-0.02233478672362608,-0.01715022305362226,-0.0004870203407013583,-0.008090516267092653,0.002989513337248925,0.01771541588437533,0.0022492958965542403,-0.025127464676628977,0.007310815309514026,-0.012874158880835887
89,0.00045421958044503856,-0.004357554556116163,-0.016617880072984266,-0.04100299608023861,0.014098065386497072,0.01422553290578519,-0.003730089161325556,0.0011242395756990281,-0.004696370698024895,-0.012830376881544717,0.01737780927469685,0.01237974626673181,-0.03452111465084858,-0.04594912572875723,-0.022197649265920504,0.028416902827217747,-0.01897111217977011,-0.045878547385611645,0.00337709562829968,0.03132830865977015,0.025598409325701347,0.0057091982678134584,0.027651057477060613,-0.01868669379554192,-0.00212814651575933,-0.02430193032559665,-0.04498482664000266,-0.02402987060509182,0.010654129332478394,0.008315956177901608,-0.001776490098058983,0.026552445030539388,0.02923192915259796,-0.0023259985055900058,-0.05161545313785852,0.028534597909674803,-0.012052569436935194,0.026237313828448232,-0.05079463869671223,-0.060331321844906666,-0.007972333573905152,-0.03959419603107241,0.09009604953521343,-0.05470128488567027,-0.034085625510250774,-0.010159564365173348,-0.005062595152040275,0.05693943239192249,0.054552133014881835,0.004084751473215862,-0.05889813742520901,-0.06202596033813507,-0.014375853816007181,-0.02084207572484436,-0.059133198170110424,-0.02051072099797686,-0.005993431802587223,-0.011482220743959284,-0.07238723734752563,-0.0299524927036891,-0.053861069999866666,-0.010092164042410246,0.005391071313299068,-0.014327921590953764,0.019206786561325837,0.018444656351099504,-0.06860084176313949,0.03339423521691781,-0.012088274511488886,0.012720383282354647,-0.038932124137931526,-0.011109235406304967,-0.018148648625984715,0.012059229982196506,-0.05280531628269523,-0.018915829077551613,-0.015206985893740865,-0.06687414962857091,0.02996233531250141,-0.008062695496572748,0.0011713947652133064,0.013912970287831236,-0.027081908315209197,-0.02668176804285257,-0.05758534151101869,-0.037237626532387644,0.005196525385769383,-0.020880304044101173,0.0053522517025751245,1.0,0.004283743087227074,0.00720506323193155,-0.009729438804926273,0.040102743277135304,-0.001351640533220005,0.02550016409210281,-0.04227789224334702,0.0094820531338516,-0.04006275674517189,-0.015786242181382575,0.01865749573034768,0.0218507973527103,-0.0033591767799408014,-0.02140995728849906,0.005917701766106343,-0.012603997026531755,-0.00808947773061028,0.001051289379198393,0.02211212993016669,0.058310177369122335,-0.004125778678385591,-0.01984270727714431,-0.013765289845918313,0.015410911751595608
90,-0.015502390909106054,0.017896961913454336,-0.013186071119912922,-0.04470018771357188,0.010908361584031578,0.00582354017344169,0.006875671753476923,0.0058714369663179925,0.0035691383623085906,-0.030401004567586477,0.0031183011248470628,0.014563668503567447,-0.02335775606995317,-0.0146476401647962,-0.04033789357692243,-0.0198863151331295,-0.024137822995315014,-0.0442930961599693,-0.0128074698014322,-7.450425144508276e-05,0.009306484776543394,-0.013062677193359924,0.0116855530396262,-0.018377965032917526,-0.008523246704166688,-0.004761402409233125,-0.08160392354775012,-0.044935421997528376,-0.013525157144997288,-0.0033933854524238584,0.007609473022355635,-0.007873859792737367,0.021853062510715438,0.014250519558228895,-0.031788077556453465,-0.026105236633559036,-0.007823206274727941,0.02130896113028004,0.010666135359568433,-0.06401883199570461,-0.021426659404216983,-0.049230156611249354,0.028117421078436133,-0.0025779000862428017,0.01486938767986791,-0.03063544222804757,0.007649427920936682,-0.005065504993574832,0.006524114768916691,-0.01813720127435504,-0.03668995864072475,-0.06299631450073812,-0.007460283569287128,-0.002230740813852154,-0.02888834034846126,-0.01251717119474495,-0.04802956973287344,-0.009294153581024596,-0.018474340176555852,-0.020923443420714644,-0.056031488178124755,0.013355582685749686,0.006786837543141778,-0.04641957074620919,0.003887330601352207,-0.009534956391952051,-0.06769876344871546,0.014723586013795677,-0.028582291572686144,0.03868723343590963,0.026968286367177068,-0.0009525636866194945,-0.02628462308493046,-0.017018604334740513,-0.0030518387401260736,0.002611525467369837,-0.01426811190753812,-0.05195572909515406,0.028772527087181064,-0.018216389023305413,-0.006452475887071528,0.00596386055077651,0.0037209686667383497,-0.015897057356287235,-0.05393105497879224,-0.062339674917016044,-0.0020127325181918724,-0.010674807245592069,-0.00900615560830399,0.004283743087227074,1.0,-0.0240894218161523,0.006846495159669848,-0.02099635394401765,0.005207698641778698,-0.02511920561958776,0.015643132972700816,-0.017248526123268736,-0.03676254491397193,0.00032653262207444744,-0.020709346468098244,-0.015194547866297812,-0.012455600814923475,0.005007488052925975,-0.0032342334249213594,-0.00610485164880131,-0.028288178036633447,0.0007601542014140191,0.00690272835829636,0.0355284085531272,0.001397444797240342,-0.004521591279066983,-0.028941348166625965,0.0018508786509631179
91,-0.010957942268103382,-0.021169994591445716,-0.03007874478063417,0.000791401939938732,-0.01622728503015034,-0.015925352178211973,-0.01824469179941178,0.01589745080559114,-0.011607463523295248,-0.0023088832807850465,-0.021930821913710864,0.016306186996944857,-0.0040610805896174025,-0.04032995978501013,0.011985057224207332,0.027997111292143422,-0.024627838826668188,0.01282708565836584,-0.03536267308495826,-0.03168016106865832,0.03366272167106017,-0.030397092410911333,0.05347430868221828,0.007091138737649724,0.0017023260694963576,-0.009225768409742041,-0.043287961890441505,-0.0425513475015201,0.01730836806217412,-0.024451925564927972,0.007788650043171898,-0.0211260978081199,-0.00011670982720673938,-0.007644037722823704,-0.0222734426564032,-0.019014021138324785,-0.010754448802655974,0.04532690878024301,-0.030936460221623385,0.04235509369308106,-0.004426003901468955,-0.037641189694307985,0.02638417805538282,0.02549131535904418,0.06295813632531139,0.02675410092073036,-0.0326718448656447,0.02106712723347015,0.03742087383168998,-0.030474596735999615,-0.03217826776522533,-0.08755168588080578,-0.024062120702789274,-0.02994300745698962,-0.021243497451858696,-0.03480501626437783,-0.01864769731988337,0.010375382602049905,-0.05122324802932595,-0.04303145390139584,-0.02093074040653709,-0.011410165620405664,0.0015732182059544314,-0.028938288241587253,0.0026448265812595395,0.0037943129722589224,0.0025980184277835,0.0039863177885488986,0.08296642779914658,0.03492622028687766,-0.007195176590437056,-0.012747912838209002,-0.028478255117687677,-0.03137607998654164,-0.03856674141882205,-0.027546756647985563,-0.008309373886206912,-0.05075868800972433,0.03164237225480102,-0.03045908683115133,0.039001308539285746,-0.010282863790391585,0.03430034558053258,-0.04355984140985051,0.010509536464122969,-0.0007708940589686739,-0.02092553780623532,0.08447829943574042,-0.027998387186486593,0.00720506323193155,-0.024089421816152302,1.0,-0.005390370169815513,0.0022317804416410133,0.029365214982409935,-0.015307305062411307,-0.01770723792750932,0.01568407518318621,-0.06391312622347999,0.0023125816616341747,-0.013914194429276647,-0.004152385521665458,0.020205073726572688,-0.03828041074986293,0.048801373255485905,-0.0357553054708407,0.026621105265990767,0.007020584915564975,0.03524338229739454,0.04193958920454752,-0.009704949931142355,-0.03804672048504473,-0.02498484282406982,0.043481356466037985
92,-0.034618447362289397,0.000742776197436682,0.04511285723591882,-0.03542233829670758,0.018183175145619877,0.01576045795315628,0.011564912487241969,0.011136582017237112,-0.0110600468921655,-0.011472334327411706,-0.012869719808907347,0.004015945977004964,0.006689882929942999,0.013021603584717727,-0.042672875120932055,-0.018473383404648196,-0.012944607298911198,-0.06514521400414952,-0.016559049427420224,0.004662437401755829,-0.00019782223307002585,0.02022254869592609,-0.016651376101093844,-0.016541554133458914,0.02301602443326881,0.07111195346546904,-0.07441876458045567,-0.023917138913700415,0.002545731785955848,0.03381010050452559,-0.0021322677158086027,-0.015363272951027863,0.024723646343043085,0.002415395111122561,-0.06347570942228292,-0.04165189125360913,0.007926413823683238,0.03770577359611149,0.005475366690714739,-0.07849832740898134,-0.0006882301183520136,-0.054093860577242324,0.01854828220840752,-0.03023570301275106,0.025029390460964328,-0.03885306264675451,0.01603788634286835,0.024412081862887146,0.0043736546857777395,-0.02377417327706679,0.04030679198895769,-0.030194193808030505,0.010219279277179718,0.022131438958510014,-0.05003295709515401,0.0002072466692731821,-0.04017260594156893,0.030694949694189975,0.01664697497402426,-0.02124559182100337,-0.06576762245442823,0.01178054350167728,0.0031859197564348078,-0.03479939555492594,0.005483267305211322,-0.012945543268440853,-0.044737262316012015,0.024758153567143254,-0.050175050678243294,0.034921518269055235,0.004772147710137667,-0.0012712849654943556,-0.03692633422071092,-0.01400722229699157,0.02557320353213902,0.005646330216029568,-0.002065177776934341,-0.05847199057603183,0.019498930930941516,-0.04032857965410761,0.006026123392998368,-0.004004502098254442,0.010246529244784154,0.01747572898335184,-0.05688442623795645,-0.06420593646318966,0.012297506385384389,-0.0021526759285672055,-0.022474044851895053,-0.009729438804926271,0.006846495159669848,-0.005390370169815513,0.9999999999999998,-0.017075990016605886,-0.0004998290384221331,-0.03876253610793961,0.008052409043335722,-0.028788060818440302,0.014448428639708561,-0.020977360669521286,-0.009754132375055923,-0.015182520021138828,0.0023210434509562173,0.006219112117871646,-0.028225991924406807,0.02728468074892008,-0.021154822730953104,-0.0056457315407181475,0.03453379968047016,0.017428922725522464,0.0015361347945042857,-0.017017280956476626,-0.023137988485273844,0.021193091796607496
93,-0.01822127950903652,0.01726285396130789,-0.013546827788390661,-0.09501736781285025,-0.035208017918562096,-0.007058369798209439,-0.025643824398520063,0.10699932614967583,-0.03772653628501234,-0.04740376809914417,-0.02698447859746767,0.022937404739479538,0.041234742003373834,-0.029828887089378756,-0.01997733165405801,0.08448190338745602,-0.023642301603337194,0.13904983239250082,-0.017445231388266327,-0.0008375832933756672,0.046951213664514616,-0.05861161835027662,0.004491018431826083,0.01342496851389232,-0.01951822537466335,-0.0175413448480376,0.02355573910077618,-0.025074741931722887,-0.018985161863705323,-0.04379234788808488,-0.017232633227440893,0.0008975922638459909,-0.00826596782251896,0.02285280349403618,-0.11319865469649824,-0.06372417803574688,-0.02765651763223908,0.04646292490145024,-0.08147462471339452,0.04371674889739605,0.07303551557311432,-0.11298649000791257,0.010483032986343514,-0.07473825373861086,0.010172606641712063,-0.06564011511504075,-0.04685272764086734,-0.008157854566428254,-0.02156744015521536,-0.022504782859295993,-0.08265089448562381,-0.05642951444626234,-0.02570532023044384,-0.03777268252293991,0.001386110335027525,-0.06838299913524955,0.06577785509537726,0.02891701597673762,-0.09956240465645798,-0.045995708200150955,-0.044610808998477275,-0.03567902057979249,0.0187306867496767,0.24246110383566602,-0.040657280254323164,0.030256806416383418,-0.04701543250873827,0.006953515060651056,-0.02219460169119683,0.010799411872918028,-0.09257771662179438,-0.04566370494157686,0.09569038706381691,-0.017083695455681322,-0.06012622145667916,0.004578839693223548,0.15475071427469336,-0.09451324681340426,0.03184605710669724,-0.01787896956425916,-0.028509882465022143,-0.022106939820337578,-0.010763201916316847,-0.08041908395479415,-0.0036628065904314687,0.319666777631855,-0.021562807864764066,0.05991875947689781,-0.002592831795780336,0.0401027432771353,-0.020996353944017655,0.0022317804416410137,-0.017075990016605886,1.0,0.07472240510664291,-0.0641499925321373,-0.026261955852654416,-0.033814312236938024,0.08172426270736602,0.04078856520287316,0.005573565503991194,-0.012977308620031837,-0.013378799197558446,0.03498645322353955,-0.0401686687239589,-0.037619397741340425,0.1940323595282652,-0.007229777409267913,0.024749781421867515,-0.04086078029415907,0.05383441646354616,-0.06973544298802116,-0.034488603191066274,0.05159262573480556
94,-0.04947574856441068,0.004844861912423797,0.016433929104389546,-0.045802435843494,-0.030176201795532865,0.013337294262153594,0.005817474244480341,0.04668543582446556,-0.01644321199525295,-0.02649016665838645,-0.0007262259913576656,0.023848663631422535,-0.02996373308695115,-0.033540234369053394,-0.005966770237091143,0.044546964882756904,-0.0034612329381537217,0.0038816323102129737,-0.0070267661943697645,-0.007387923107647468,0.041027098981984894,-0.016658657553396496,0.015254464866160278,0.0012361639816543732,-0.04730085580144555,-0.007841028704647467,-0.015987461799730276,-0.03911597493426635,-0.059646279438787884,-0.018494035704307427,-0.014901663642259514,-0.004397260995504076,0.024926954537903494,0.03577473485026712,-0.04569214775618139,-0.045546973158501335,-0.018885137955347384,0.07119926498800341,-0.06676044393827789,-0.0339027623679099,0.021814168668846064,-0.06635232107222047,0.03976216297673285,-0.02771876079479552,0.018681721076008812,-0.009203725388867108,-0.029016423533807834,-0.014805736753254702,-0.019494905064209513,-0.020891640121100844,-0.07652312391131344,-0.04605061375435873,-0.02051924189544523,0.0025057810341061176,-0.02255365434353509,-0.04099205733745192,0.015127288357315286,-0.0038216766443728532,-0.0656233194539524,-0.015061739854924894,-0.04020537057695799,-0.010663507382478657,0.015272372296065793,0.07750223825658878,-0.0015432387418199548,0.006933040372060877,-0.004773050223293723,-0.014439494993372536,0.03465759508275787,0.01440985859345243,-0.07101047493429327,-0.01600387631281823,0.03833622386691628,-0.005214748975963351,-0.04280228590613088,-0.025093710915118004,0.04719712613077482,-0.04260912069316765,0.06311913698865097,-0.029445291840919985,-0.013016947250525846,-0.027962759952144343,0.019209644744632937,-0.027613028095392327,-0.018969971529367916,0.11343429864273107,-0.05297737391198042,0.03853426011459789,-0.017812210836774464,-0.001351640533220005,0.005207698641778698,0.029365214982409935,-0.0004998290384221332,0.07472240510664291,1.0,-0.017687773451930684,-0.043644430071250656,-0.025120496423445205,0.038400670734567904,0.004913840073350762,-0.010126654348170843,0.0006113231440876312,0.017720419188001674,-0.006144150935397716,0.0008195456053956763,-0.010568369975266589,0.04217797344591881,0.00864320738871492,0.05794998293230813,-0.008094473887330455,0.0078086472482302586,-0.06311166304627092,-0.0008538780656701676,0.06979935264952891
95,0.05614513065172023,0.009899956465001346,-0.060939620867412336,-0.0505239801353761,0.067557729632094,-0.018030831538340838,0.0029084085461953744,-0.014518482723249815,0.025292498395335785,-0.00012151083719900228,0.0008839666765034365,-0.00011299230783387684,-0.012334096163077846,-0.04005482298911652,-0.017941415049367398,0.00805473058701272,-0.026166523993215465,-0.022629582332450902,-0.02853015093038932,0.001715980558457135,-0.005068465749972434,-0.011517274808771155,0.01775790882675852,0.03600117578601226,-0.00855593105921042,-0.014874571692630022,-0.07063407247810108,-0.0028981423764263474,0.04316487035038056,0.0370305367277933,-0.014528946492249471,0.013525348645564794,0.0024176022153568327,-0.02868451038797956,-0.001908404387205194,-0.0011532505394370443,-0.02509901257792458,-0.015440846546281644,0.05257098976383089,-0.01773263982406392,-0.041810648108248784,-0.016428359834617497,0.010847809736437118,0.03225319401769792,-0.021188667768630515,-0.043783953792833986,-0.003041526705871083,0.039927447127637815,0.049678631706327636,-0.024491951849161486,-0.01989820627136818,-0.08401332196770248,-0.00891121085363416,-0.027690817872502483,-0.030847462191459344,0.02890782049643134,-0.05004035371843189,-0.05103372444827967,-0.031525907529038506,-0.03887998725712916,-0.053721286638214925,0.01694776563376177,0.002644091983806683,-0.04358580433410024,-0.045023693030148554,-0.021121060629297306,-0.056797148230836335,0.021954031678057602,-0.018268099691921138,0.033098187139749415,0.045766319010164806,-0.01266940192936991,-0.07400615250117727,0.002602094737932741,0.002885356706142858,-0.0066866388879686335,-0.04239696576993657,-0.029024376202841512,-0.012327642409945567,0.01879579317246972,-0.004484135858724784,0.03074055647725533,-0.006799708150404151,-0.011819449950659337,-0.04794033914006943,-0.10842981676416742,0.04159478325669068,0.023171800421875176,-0.021564387117637744,0.025500164092102814,-0.02511920561958776,-0.015307305062411309,-0.03876253610793961,-0.06414999253213728,-0.017687773451930684,0.9999999999999998,0.04130454340926246,0.05686848065710572,-0.04644146434358012,-0.04492159612477294,-0.01862648618590199,-0.0039833384259253335,-0.022118616588999794,-0.0007153736075649872,0.028167112371029177,0.0035904950871497253,-0.029688657779149717,-0.009426816286300608,-0.027269216030860088,0.045012441354203236,-0.013918056888876571,0.034152890553159114,0.020552288928058604,-0.02989158266325528
96,-0.05895124548674893,-0.015658806663152856,0.026189306153478965,0.06764532814416525,-0.04809071757242172,0.015841194644191828,-0.020094483146740935,-0.012680275886224272,-0.022182921783720916,-0.05484418635528761,0.02328490056553864,-0.01971595146014595,-0.025277575691163557,0.010746122894410404,-0.028129071289486572,-0.023568172067704594,0.026412000037702756,-0.022822773868192817,0.005672297758125329,0.019016552736516,-0.010085081347724678,0.012469769030029111,-0.06878805202868879,-0.01820068763623809,-0.015666708120837675,-0.004499074858747144,0.042845622442363396,-0.01340130156295963,-0.0728081794762728,-0.018947092639368505,0.03827772031915578,-0.0008229538325892427,0.023025511316884663,0.02963955566358244,0.0128409466398188,-0.038437176777064,0.040098017735636725,-0.0004876662480782074,-0.04734791998924138,-0.049508291767150006,0.0031365375859761483,-0.004565845044392961,-0.02157076742643097,-0.03323821976310402,-0.0026478016340115234,0.0170620071217902,0.008195934745207497,-0.03188853884683417,-0.04472225641875518,0.0027727114763497285,-0.01763008401932915,0.07973739072174549,-0.014379330119951773,0.021302513648873797,-0.020644990552649213,-0.025696183273081773,0.0011218596943254383,0.006952283999293905,0.020102346948974125,0.016130654229438855,0.005470893780613399,0.007226416341525461,-0.03549533573190301,-0.022542148084877103,-0.008002578426361468,-0.04075151163662786,0.049307484450302336,-0.01754040571086435,-0.00961195695693639,-0.013540969546010312,-0.05983159906222678,0.014629528472034158,0.05829034914128639,0.024576609475829837,0.023726779937635355,-0.014122204905529422,-0.01690550853563532,0.0008858464319862314,0.01426960268988173,-0.034834475053747885,-0.00027011961403661374,-0.043172858680268135,-0.008389705724494668,0.009169030940821103,0.0343848876583986,0.003394198565132958,-0.046572137148238636,-0.04585531585470686,-0.011318625580678969,-0.042277892243347014,0.015643132972700813,-0.01770723792750932,0.00805240904333572,-0.026261955852654416,-0.04364443007125065,0.04130454340926247,0.9999999999999999,-0.047202661912239555,0.0684313758787008,-0.00034728663634049487,-0.020463345800745037,-0.026216219238678635,0.01461207257234906,8.558683491250894e-05,-0.06992504368716225,0.05256895536941455,-0.03713147201319924,-0.02901898183436966,0.01467598954434944,-0.08458620919251875,-0.04927236473884012,-0.036367621145240225,-0.02580998409581804,0.06545019069981337
97,0.028810707380686962,-0.01153300229820435,-0.020077467059577126,-0.02472120330093174,-0.03959096613148747,-0.05494146204984357,-0.0023494733416086814,-0.028071416116313513,-0.021411904375992052,0.011128181375473297,-0.02662181656969191,-0.017298105178382633,0.021089326296027652,0.0056955887043048945,0.03328126911886173,0.030451095699404317,-0.0266586786658854,0.027243231290666567,-0.01997205477374492,-0.013160912103278442,-0.04506567998164551,-0.016895652891103764,-0.006486381180327994,0.008498736713024745,-0.005438249072530058,-0.029548449949098755,0.06231649297455833,-0.013953836519064258,0.016954004822941158,-0.00022324326918094707,-0.0334309082779036,0.017021691795372267,0.006381808895906019,-0.033094229759797825,-0.03248153493267304,0.031417627812644254,-0.015181359550968745,-0.0437511880785926,-0.013078974787295326,0.05658759229576129,-0.011083346097800607,0.039395501110086224,-0.054317185092100095,0.004650195507705359,-0.015797087579792306,0.02974919846631954,0.0014126364261517826,0.012119329941155924,0.008021024110732395,-0.02766505463940444,-0.01685422205070673,-0.047349758251674444,-0.04045645374976556,-0.01317379501392297,0.019244573985065825,0.007334146512469411,0.004459041545671325,-0.07363383570540841,-0.03521620808943738,-0.02964010519362422,0.044629145895962764,-0.02656007084789319,-0.014535139355066142,0.01682756522358333,-0.056413934177391684,-0.017141004553004723,-0.004605469432686466,0.0418618885070812,0.07305070354087645,-0.03383530907116086,-0.041573752746108174,-0.010298419271043312,-0.034712215002708276,-0.023978278005323768,-0.028456652769633592,-0.024754534720254476,-0.019781311532069322,-0.002101259903427016,-0.047351695073477945,-0.009070012122485337,0.0015980026608056895,-0.002479286121564688,-0.03595358270783742,-0.048400144682487004,-0.016566697001040735,-0.006319629489403025,-0.0033004211540220243,0.001658048780295772,-0.013551479965634335,0.0094820531338516,-0.017248526123268736,0.01568407518318621,-0.028788060818440302,-0.033814312236938024,-0.025120496423445205,0.05686848065710574,-0.04720266191223956,0.9999999999999998,-0.07569746360524485,-0.04084426640292025,-0.02617472500678123,0.006891835036185032,0.0005267568132705652,-0.028327821133545584,0.03808588103507969,-0.024301593568358756,-0.00400992817897711,-0.018610180889624094,-0.05655156681874225,-0.024137189417426777,-0.029395867302305992,0.006910110023041977,0.0029730655721132257,-0.03963762861005239
98,-0.09796440969309138,-0.003256129973128154,0.06231517428700231,-0.0040853101826071,-0.028847891870869866,-0.07211804049016714,0.045771589814623356,0.018172757069650707,-0.033842705974446295,-0.03563207686227391,-0.030800327060274524,-0.0034960592770427006,0.03592011676969838,-0.04152299426482845,-0.062336296732767776,-0.014670767987170954,0.04919361997683964,0.01581148594674915,0.02936057872062624,-0.04846119648928128,-0.019734142547351837,-0.02297236418523968,-0.03599608105271732,-0.05261218907804554,-0.03547585835011495,0.036117574344488985,0.053467750654742255,0.012510618501605458,-0.07983786484589622,-0.03631911478268466,0.013823598024838563,-0.05979952708009335,-0.023528765491040642,-0.02263718592666777,0.0656776616281049,-0.10032273714947504,-0.03762434416396689,0.005794620541256583,-0.06483424658867032,0.054601644046845296,0.014125035126731404,-0.03907263057802811,-0.03467914560536211,-0.04915296924783053,0.06897922553644105,-0.07688915924387982,-0.02310857718141395,-0.04799677225734484,-0.06537608707877626,0.0018597746372444894,0.07870220051448205,0.153019761029533,-0.0034258870299995027,-0.005717079353668788,0.01683452397754141,-0.04408177174139875,0.013987837627465754,0.006532398592658748,0.1165229451633942,0.08955676536213288,-0.008397690511377197,-0.0023937352573569944,-0.048340180078314025,0.029165308642696695,-0.016293265545484232,0.003248439185604169,0.06829649965238577,-0.054979671294774,-0.04819601752239204,-0.005683266050066421,-0.0353214327510909,-0.047219055679529345,0.14204327181414222,-0.02468047576435599,0.01990551406898983,0.02538758218084702,0.08040116517125141,0.07193417491958597,0.03455516443390075,-0.0547640866618726,-0.04300190034140491,-0.01992331254508837,0.024314657904359955,0.049996283567672536,0.061408732475228614,0.08981940832128323,-0.062263094770758226,0.005111576628720852,0.014839223562115627,-0.04006275674517189,-0.03676254491397193,-0.06391312622347999,0.014448428639708561,0.08172426270736603,0.038400670734567904,-0.046441464343580124,0.06843137587870081,-0.07569746360524485,1.0,0.0038553867985259577,-0.039566322035553145,-0.049887826423781215,-0.007207794443323446,-0.01204882419458497,-0.053038120606583056,0.012963738986096244,0.06507526994269323,-0.01934275406062239,0.022569844113682083,-0.05915848022882903,-0.0007083295893151667,-0.04209966544737279,-0.04506770344235042,0.01523366507344108
99,-0.02484038401246187,-0.011788582586968355,0.004112494112908086,-0.02787832363872454,-0.04089404402880289,-0.02600977734177129,-0.01533197368712432,0.01131719740685973,-0.009035071444543076,-0.057133082028944106,-0.01494061399958029,-0.019033633795229172,-0.04573949603392044,-0.010408330836742639,0.03646881624363265,-0.007699826836398671,-0.00028981022463633535,0.06585925811327678,-0.03502146512018816,-0.0006551928364446846,0.0029740676900742425,0.013979477310324138,-0.026249112232704385,0.0021178999718254733,-0.00885448186862812,-0.016936396597059734,0.049162043020778076,-0.02325365490690392,-0.020332490316594475,-0.04633723624295064,0.0118157157481897,-0.035786190605429674,-0.022232165025599184,-0.002134773291557776,-0.06331142947061838,-0.025848210253313592,-0.0031661261701888713,-0.011817291282529748,-0.03409743227751464,0.030943371914171895,0.0014694770418116085,-0.04791237520899273,-0.02997923622737097,-0.05928769264325314,0.01389574479972038,-0.010352598371279168,-0.007901973341446442,-0.03901744423950188,-0.04411769936132346,-0.025951235952478894,-0.003723929535774171,0.04062019210397159,-0.01750043657297067,0.0019679858373568317,0.0356126700862634,-0.030327477669672382,0.02617096138025779,-0.005560796023159906,-0.09966720548699909,-0.0322868595581152,0.01021574503213467,-0.022208840069605055,-0.005104471243167927,0.11301348049037394,-0.017791235133937978,-0.004962533724819488,0.08876103005556443,-0.047783397544697216,-0.005859237286810652,-0.02178098195391006,-0.025604277658358432,-0.015467853640855603,0.026707020417010473,-0.005124485590306165,-0.0388308700659233,-0.004711941724372467,0.021765827489877543,-0.010235912740453372,-0.022449255400439846,-0.021052376299591273,-0.02531459973263783,-0.047434908316996406,-0.00971865262008183,-0.04222970111502117,0.038137017726634755,0.11389181490158051,-0.037720674177204525,-0.008448269096817626,-0.03533347779264518,-0.015786242181382578,0.0003265326220744474,0.0023125816616341747,-0.02097736066952129,0.04078856520287316,0.004913840073350762,-0.04492159612477295,-0.00034728663634049487,-0.04084426640292025,0.0038553867985259577,1.0,-0.016709162649159115,-0.01829379218984887,-0.0006469120975546165,0.008319275830731034,-0.019926076743360204,-0.021509608570673563,0.022355798955654333,-0.03869478697757282,-0.014916262117596687,-0.07678601687512474,0.013226457687661383,-0.01046229189537588,-0.019650582768021632,0.009969119230463216
100,0.010848562465334683,-0.00842624668239011,-0.032567965514699496,-0.05303490704464702,0.02338554756863413,0.020356509562217705,0.0014877457657300247,-0.003321132453034217,-0.01344524031923533,-0.009950120777579067,0.01788806595235446,0.005801411082553392,-0.0425266134324473,-0.04359645560908972,-0.027512408623550203,-8.72304346618488e-05,-0.0282686633168996,-0.031297435283689654,-0.015341096652056387,0.03074121420759493,0.023846240313858173,-0.028305531250073873,0.002361065141644686,-0.006834834635486792,0.00333093073806183,-0.014418755159828262,-0.04206345189012039,-0.01049223345830252,0.03063866793379883,-0.010412877349201847,0.004248592186366911,0.0031359142208623302,-0.011897259576936887,-0.007203270851729892,-0.04160767573702903,0.009408781017469142,-0.018836481607553742,0.003929916519760351,-0.02943945343921767,0.00785458860810457,-0.023071375536555857,-0.0371416426065673,0.03003140868707107,-0.017064210993504806,-0.025498891271820406,-0.03436023799537656,-0.02960342196579906,0.009486882411360377,0.026509455504570976,0.026279211062700057,-0.05821879555633836,-0.04819556906402018,0.000636228624135532,-0.014875314503574462,-0.037806767276837856,-0.028271485071521944,-0.007475252236233016,-0.003030754343443116,-0.04913556718217612,-0.02042167484164507,-0.056457230461644574,-0.01816699921887363,0.0030213073627119186,-0.009142665752481391,-0.013317958481468778,0.00479259066078468,-0.07057390912208489,-0.025288515787036368,-0.021948751542742017,0.005506330586287653,-0.02022918754066262,-0.03524930604509193,-0.015579605968008642,-0.011898040357910445,-0.04932641932236361,-0.032037409076290845,-0.02331667613281032,-0.03437350302295332,0.0138006953922841,-0.010951570745758548,0.029857006045417973,0.028792509411483504,-0.01624401535222811,-0.029759419083355252,-0.02199243624217271,-0.04012577436100126,0.0209032739720086,-0.006832473079299111,0.0032442431530523793,0.01865749573034768,-0.020709346468098248,-0.013914194429276647,-0.009754132375055923,0.005573565503991194,-0.010126654348170843,-0.01862648618590199,-0.020463345800745037,-0.026174725006781235,-0.039566322035553145,-0.016709162649159115,1.0,0.011655798405999044,-0.02690801561049865,-0.019357970380026273,-0.0013373580136740784,-0.01632229834049898,-0.013355202708965504,-0.006242533305964191,0.003660702907448926,0.041985685839750146,-0.0010318004224303646,0.024459174359841122,0.02116586947455996,-0.010000180841155856
101,0.007449844457772671,0.003880497554800097,-0.025369097223469736,-0.053210762019342946,0.01058730755529427,0.013060029509425931,-0.003908697640000132,0.006698349552641945,0.010934814015966916,-0.009442232489072534,0.011848771288555326,-0.009275480767192,-0.01788752948952749,-0.03707763693526198,-0.014348434657715976,-0.025968158019017765,-0.02406213929504925,-0.03420984712513513,-0.024681336565343607,-0.0038339153083789576,0.008255315515366532,-0.02546608137233507,0.006608824336007587,0.007353622888071053,-0.010968833097553816,-0.02978140299794066,-0.06522451291185959,-0.03939494554887352,0.03189497912480365,0.0038918070776991715,0.008147579279295677,0.032461532575081366,0.011778451659142231,-0.00599426847815233,-0.04450107173076345,0.020987244623982094,-0.02794664621432982,0.003761360062326309,-0.013719397065309922,-0.047248402408839,-0.01370511497999878,-0.034735829570369116,0.01233093158589783,-0.018644255931091074,-0.020399253370698256,-0.04687937703561204,-0.003951352901906394,0.032728798659842635,0.011730545679564143,-0.01649343659477773,-0.05363038343913979,-0.07755108308448778,-0.0021681204168156176,-0.016846069613583512,-0.038770153630052685,-0.005570985538565863,-0.023437555938493712,-0.03948198055110191,-0.041611151772009566,-0.03152912078409568,-0.04796214186268415,-0.015462348748096575,0.005087605698717652,-0.018921419901589902,-0.025063191629170842,-0.004659163203111946,-0.07127713247607116,0.01961714183697192,0.0012371032888607997,0.025744163949329525,-0.01131744453128042,-0.011003256318797738,-0.038097552142937426,-0.009138011765627427,-0.03275648682236673,-0.006092210135350877,-0.020401128386034435,-0.044065838662023286,-0.009986454959702616,-0.009448933733409767,0.010080379917520397,0.015687225152727087,-0.0059296961673390375,-0.03103196826573712,-0.03543030890501368,-0.04380481316102559,0.01081128848939098,0.0015873012708533013,0.008159510214787512,0.021850797352710297,-0.015194547866297812,-0.004152385521665458,-0.015182520021138826,-0.012977308620031837,0.0006113231440876312,-0.0039833384259253335,-0.026216219238678635,0.006891835036185033,-0.049887826423781215,-0.01829379218984887,0.011655798405999044,1.0,-0.008408727516454169,-0.03368939667945389,0.01280828864693133,-0.015362470670068499,-0.020612539001212876,-0.0030523550437390034,0.0028204876351964766,0.02053789565001191,-0.004729580294422899,-0.01828841440236676,-0.009385206501176118,-0.02307323928944294
102,-0.03119519528222433,0.019421772141033827,0.006887075104119926,0.001724175046379251,-0.005845171341046563,0.008997716537773417,-0.02376047374518741,-0.005165175013439009,-0.0014615112006118687,-0.03187547893439236,0.00638684236820715,0.027472417691433694,0.006756144386819239,0.022685904055556292,-0.014615526753671988,-0.013271444264844636,0.003292344967229747,-0.006466510833709769,-0.015986990555585133,-0.019114675903021294,0.022490064682945787,-0.0497560607958679,-0.021988671984508767,-0.019651136651852395,-0.0059497115260892484,-0.014574380931280157,-0.026064328359498803,-0.055784471231316524,-0.04518472027662844,-0.004327033368251316,0.01807595345060124,-0.028753804482590618,0.024193192355915934,-0.0007483783842877145,-0.04230456071788664,0.018672918570953462,0.004135881538859339,0.06928147712056408,-0.02843649451850392,-0.032827571905979014,-0.011281803106643166,0.004401402145124648,0.04851625649589604,-0.017743531462624154,0.07279702400328832,0.009667896045655077,-0.008070390215522064,0.006760345695175314,0.01066133153791955,-0.014602074919098372,0.02537769065861701,-0.04039912799243738,-0.003229302960118929,-0.020845138043681297,-0.05006381195382796,-0.021820837440533456,0.006318364785977428,0.025534062458131987,0.016670997139764818,-0.021041852304422376,-0.019503844982858034,0.05594892968925778,-0.004869412721146569,-0.09500903615337906,0.04084332130738743,0.004004874531077082,0.02988479618966246,0.03091975510532434,-0.020002512686961266,0.045109565758615244,-0.021875855001801194,-0.0010554078815024417,-0.022807944057685235,-0.020761265661825668,0.00047036307690542773,-0.016518201194792775,-0.028583835354828117,-0.03253035555977177,0.07779266897976021,-0.03504281697355164,0.004676637957930156,-0.014317812084230136,0.04506394002425573,-0.040517120519308954,0.013376744942613398,-0.06374652533950426,-0.03564985849333155,-0.0042209975221086955,-0.012958401363008194,-0.003359176779940801,-0.012455600814923475,0.020205073726572688,0.0023210434509562173,-0.013378799197558444,0.017720419188001674,-0.022118616588999798,0.014612072572349062,0.0005267568132705651,-0.007207794443323446,-0.0006469120975546165,-0.02690801561049865,-0.008408727516454169,1.0,-0.03120608099165623,0.015608611264722549,0.012118900957795276,-0.019351368067728636,-0.015155893728631912,0.06523308322242241,0.035377958574327836,-0.012524882356533193,-0.016627174874252654,-0.03737901497666235,0.10037950751552821
103,0.04200704295199751,0.053027917690156544,0.0363602229577005,-0.10978002112581907,0.03788928801686816,0.034703006807820944,0.004069869018930772,0.04840422888232726,-0.021155081370364155,-0.04118152852669394,-0.021228386495223198,-0.027529000110047348,-0.03345788512141883,-0.018628443646614683,-0.027808865343802877,0.008728167331496117,0.0011696225314141398,-0.0033783716087594225,0.005731826130774985,0.0049759435852977565,-0.01427480381480289,0.0046492234382111705,-0.032978958913627905,0.040016484345187696,-0.02679014475480959,0.07498365010492954,-0.07235576527866179,-0.0366628186205153,0.03624009724230934,0.05998010767154725,-0.011801201578703515,-0.006413266048397235,0.02207874732002096,0.05445445479949572,-0.1308649285754179,-0.012676320078774232,-0.021093403741823082,-0.02306244926826941,0.044825333068194834,-0.03969273128365143,-0.008067548721910808,-0.08649903277038808,-0.013757157165021882,-0.05931142334404197,0.010719066074029988,-0.047361494704057254,0.03425473721786266,0.0100814391371729,0.0030447480859149634,-0.0558454161498483,-0.017022157730302023,-0.08318411978434474,0.037196580469658326,0.015502243952968127,-0.018659401425597546,0.03587371589952605,-0.030137075494795915,0.03560411578369189,-0.09926434823543166,-0.04682574957413076,-0.08386741067985454,0.04203318856099921,0.03302909000359245,0.11586852848229298,-0.0630760446820216,-0.039571014072759786,-0.0404017804559061,-0.016802314786266752,-0.07637757905247103,0.00244894719216915,0.011284742186773411,-0.004641975661838214,0.010803378734461497,0.05032016762062641,0.02898025356749483,0.014240670275746386,0.055553493363319065,-0.08943887547646764,-0.040930934362439365,0.004291357085540261,-0.010600666127949044,-0.01149399502328918,0.036119955394249954,-0.028538187381652425,-0.0642477561014981,0.05101986447462281,0.0262620769906211,0.03444836513811198,-0.04789403876769208,-0.021409957288499062,0.005007488052925975,-0.03828041074986293,0.006219112117871647,0.03498645322353954,-0.006144150935397717,-0.0007153736075649871,8.558683491250892e-05,-0.028327821133545587,-0.01204882419458497,0.008319275830731034,-0.01935797038002627,-0.0336893966794539,-0.031206080991656227,1.0,-0.05028159465977806,0.044430162883050565,-0.02573193567199244,-0.021507063356968555,-0.011940737282901391,-0.03085782241431945,0.027564174435721223,0.0232983519456663,-0.0031101638192494157,-0.0044571509831220855
104,8.387771306676005e-05,-0.03695092989968513,-0.0029137890074310007,0.0017253054670235662,-0.045536238668513355,-0.025799640894827496,-0.030948622339494514,-0.024089773913119564,-0.02638366477347815,0.002783500661707299,0.008246326449136646,0.006678050232294126,-0.02026387197609747,-0.007879141990554166,0.015226368458809892,0.03375035437269782,-0.05137967454445822,0.024827976466146685,-0.033900915049427396,-0.010927114014003633,-0.022154816347424843,0.002070862927189254,-0.014451152148386963,-0.021020604889379516,-0.023724826950326728,-0.029109048550658212,0.049724418091378425,0.00886495541069022,-0.027751242889287927,-0.014536349652131865,-0.03149105648766373,0.0059782112855721005,-0.012114681466703095,-0.014877536915244145,0.011012757938917296,0.005452970080463794,-0.012053799266918321,-0.02467993607791707,-0.03549053793709223,0.018075614124984745,0.01612075946747241,0.0068097546393865865,-0.016913476709190096,0.028619838288185824,-0.01477701929645972,0.04430071209643106,-0.025754295531451456,0.004830278047575145,0.001016355494347805,-0.009506362275105063,-0.023153748726116676,-0.04467518107440719,-0.03311772774757469,-0.01417708720262605,0.0021304976439894857,-0.02369111231777273,0.031105035376935132,-0.055248210848318546,-0.041987684371408734,-0.018101747908250514,0.017922682037778276,-0.0607702429877521,-0.011709561644945679,0.005210735657385591,-0.016790656005224523,0.0008060730815916912,0.0323036470863058,-0.021240396781380483,0.08289236016500921,-0.02948171555797131,-0.0690365975042014,-0.01272014977421841,-0.022322742442837284,-0.022190695015132413,-0.055333725524191975,-0.03893417879780261,-0.0010505544371123927,-0.011591810271333531,-0.00471020255625113,0.014295199241757591,-0.016280710032479537,-0.03767695079127066,-0.023341266715033195,-0.039726336137662216,-0.00997242536766535,0.03835105023515195,-0.011633219379428355,0.0011621356028726898,-0.02233478672362608,0.005917701766106343,-0.0032342334249213594,0.048801373255485905,-0.02822599192440681,-0.040168668723958904,0.0008195456053956762,0.028167112371029174,-0.06992504368716225,0.03808588103507969,-0.05303812060658306,-0.019926076743360204,-0.0013373580136740784,0.01280828864693133,0.015608611264722547,-0.050281594659778064,0.9999999999999998,-0.036976142154622256,-0.013181459944977752,-0.012720677982580976,-0.02218350147915349,-0.03131233087199122,-0.029287211301704662,-0.03952278244283277,-0.00895491757232819,-0.008955303172826569
105,-0.010760565010378496,0.0393078946989351,0.01859456790970603,-0.018138262428802246,-0.003198313231201477,0.04514347015220214,0.03617925214766691,-0.010402979385436517,0.023719581630040894,-0.028517977323083563,-0.005793783306817483,-0.006868639462712789,-0.042544465526090286,-0.013811923652125224,-0.012921731366808882,-0.029123946635372135,-0.011989655978974945,-0.055584433630155264,0.022033059349593875,0.002463299086627883,-0.00800545185747244,-0.003740737272776681,-0.005653380640748873,0.02330009794264131,-0.017920579384737404,0.0625050859828528,-0.04536502785377574,-0.02700050620459497,0.00644755221160101,0.04896921235960622,0.023222201717690436,-0.003643686470574876,0.03210988942196972,0.04545925704673432,-0.05028508331295992,-0.028545441487088805,0.013700029212262496,0.014523836718001762,0.005852798941986109,-0.06418358105458905,-0.026838344393265337,-0.027720275892968143,0.014899993563087514,-0.029562998332096344,-0.0005244075399192483,-0.019899532137551867,0.028470917384590243,-0.007085977160542724,0.008016296111159213,-0.033369399407759785,-0.00746147808336396,-0.025762924252378815,0.041857001256458574,-0.0020177336225782588,-0.0567197192193591,0.012431027554980975,-0.038561395013265186,0.04002795388111006,-0.013127671376369247,-0.03910049885471073,-0.07476519078432455,0.013873153232195703,-0.012426940267728111,-0.05596238822013532,-0.0028313468734204247,-0.03396819247413634,-0.024866287845735236,0.025938872822939555,-0.05391861617980804,0.008536550797717018,0.033038875434068846,0.020916244471328893,0.0004983686815098459,-0.012789283508667057,0.02893763148868981,-0.02465985981890471,-0.03498733444163418,-0.059601160628023744,0.02009588145014185,-0.01685891159035816,-0.0019357322629822231,-0.016654992789215412,0.019826816542879547,0.03916407335380903,-0.04868227339371818,-0.0891264888015159,-0.01644065539960254,-0.01754125587101334,-0.01715022305362226,-0.012603997026531755,-0.006104851648801311,-0.03575530547084071,0.02728468074892008,-0.037619397741340425,-0.010568369975266587,0.0035904950871497253,0.05256895536941455,-0.024301593568358756,0.012963738986096244,-0.021509608570673563,-0.01632229834049898,-0.015362470670068499,0.012118900957795276,0.04443016288305056,-0.036976142154622256,1.0,-0.04728506819140448,-0.008303686046968536,0.01798269217159672,-0.0032620017384799903,-0.014442818384461003,0.02527049389086697,0.003672276440735729,0.04487290822067663
106,-0.07434247585438598,-0.039493176694060536,0.02407695583030721,-0.019340597652448235,-0.08025722422899097,-0.033822152334471264,-0.04301694105812537,0.011664835333827653,-0.048473347731908804,0.013526481931253463,0.012445868744551138,0.03988234943003645,-0.025482654230854933,-0.0260881294494548,-0.003301957725828848,0.0909284166318855,0.016113459041671437,0.04492528176132563,0.008329525664111024,-0.03184216639589051,-0.012921745222842708,-0.013565097471778116,-0.0017403326593826687,-0.022914348122448542,-0.043429439477257664,-0.052999941433808366,0.10172630661692163,0.034413658020729654,-0.07752315495213963,-0.040078206530714776,-0.0310508395551774,0.01217561624786406,0.001538694756213384,-0.013984068248286081,0.0658126693983695,-0.049015547079635104,-0.02017334152983541,-0.006562890979777531,-0.09177940638112393,0.10922738192252614,0.10028036719592757,-0.03486494416696537,-0.07723825216795438,-0.024796458638398907,-0.05745268685544983,0.04007745666692667,-0.04813699919255897,-0.03923072899833839,-0.06876265713074314,0.00823125969747415,-0.002156315587364776,0.044497565764666215,-0.05752816555376712,-0.03792170394266905,0.006767995456182554,-0.06511806987807682,0.04480558134028309,-0.0036176054150059826,-0.0432798397694432,0.008725775962716635,0.035661575871181454,-0.05888322949272761,-0.027094941308905773,0.07973282701984971,-0.03676972402361393,0.06447805135456001,0.05038115519278193,-0.05333885836273083,0.08750614327311541,-0.05280673295183999,-0.10665796623402067,-0.03262912878943079,0.06151371815243561,-0.01916146778605299,-0.07038041716849512,0.004234901262706282,0.11109926949773354,0.0022269847320781446,0.002932936676464925,-0.015225296609754406,-0.04327211318630283,-0.03899204686674749,-0.035744259806427016,-0.04244837006218638,0.04556097026622664,0.24082409987074221,-0.05159163235324802,0.03736983250641886,-0.0004870203407013583,-0.008089477730610282,-0.028288178036633447,0.026621105265990763,-0.021154822730953104,0.19403235952826522,0.0421779734459188,-0.029688657779149717,-0.03713147201319924,-0.00400992817897711,0.06507526994269323,0.022355798955654333,-0.013355202708965503,-0.02061253900121288,-0.019351368067728636,-0.02573193567199244,-0.013181459944977752,-0.04728506819140448,1.0,0.004948703897997101,-0.00450455923961259,-0.12006166323600917,-0.010256076211252992,-0.07334139874850877,-0.025430518451132447,0.016026543939826523
107,-0.023420095653208624,-0.003624508333551716,-0.005538396267097002,0.006757389168832699,0.0129766899415754,0.008681073468904394,-0.02499623706680704,-0.028407079638900004,0.00030118493996214064,0.02123661729090706,0.03528049423103654,0.0344804014694905,-0.03158643037398438,-0.00044772860282115497,-0.025996705473753007,-0.008463857347559516,-0.024822545589596214,-0.0534968373176573,-0.016639229804408573,0.012878171913994697,0.004722482279569779,-0.013782474774738537,0.02871775973931285,-0.020075931916358744,-0.029960334325522506,-0.03533377264877335,-0.06147690115261439,-0.012312514122887506,-0.022935402773820193,0.000874898531535877,-0.007955811305935246,0.022244693897735212,0.010310019231474581,0.007448825063995269,0.005925566795958036,-0.005627941787879291,0.011962065259436588,0.0073982428283562215,-0.030267136165277403,-0.06462920158652262,0.0012191242489561155,-0.015459604765856005,0.018015270702920153,0.03110453908450074,-0.0192029012189029,-0.018917127435001634,-0.016107621728024112,-0.0015494580021820285,0.023364576795080725,0.04224688048679125,-0.050482325666906455,-0.007054700836693255,0.014400881673851004,-0.016359846154106357,-0.04789301825554174,-0.011800359363372885,-0.014076424041307378,0.004594734879394439,-0.014699288245109653,-0.01814578331212057,-0.03480458264509746,-0.018379075116186038,-0.012788011976307826,-0.06873015702155953,-0.011302164771560765,-0.025004070124245707,-0.0249869595125407,0.033475947464073036,-0.0011325507522253237,-0.012658267014361986,-0.045188434220519234,-0.0049076929963381005,-0.013433121794629016,0.015427212308695128,-0.03258719780496687,0.01990722707460394,-0.04044088178165044,-0.02514967821830994,0.002336872589388967,-0.02445037362328375,-0.006907060873482148,0.010852650404610961,-0.02316319599859107,-0.00800764388592961,-0.03250451694647707,-0.04841005468020818,0.0052730504454940146,-0.005132601603010845,-0.008090516267092653,0.0010512893791983927,0.000760154201414019,0.007020584915564976,-0.0056457315407181475,-0.007229777409267912,0.00864320738871492,-0.00942681628630061,-0.029018981834369663,-0.01861018088962409,-0.019342754060622386,-0.038694786977572816,-0.006242533305964191,-0.0030523550437390034,-0.015155893728631912,-0.021507063356968555,-0.012720677982580976,-0.008303686046968536,0.004948703897997101,1.0,0.0085162054802556,0.018741345457279544,-0.019479431509867313,-0.01875063734940546,0.003205892200299426,0.00027768317781617403
108,-0.06530297464822052,0.04671202962305544,0.057421412296094154,-0.04196369247319087,-0.010818322354262309,0.03944706538443277,0.018909152050114605,0.049637171842588416,0.0067970266990739535,-0.04717522070704558,0.04494232833058929,0.05069650509581217,-0.02956659180997281,-0.010180027875873526,-0.04123227603045883,0.007929481477215793,0.0030366522580900683,-0.07393967616608059,0.02464828431055026,-0.001044455169831555,0.06449711753747829,-0.00023942786623705695,0.012775066827273675,-0.03256175332767348,0.006279229059476148,0.001960195377885381,-0.08296261573081132,-0.06380182118618004,-0.07020863519689333,-0.023475165537003462,0.013579353096384432,-0.014486576308713351,0.07014004641722532,0.06777894405715705,-0.05136465578731333,-0.046294636870686974,0.016404424299358296,0.14654489714390787,-0.07833352500836832,-0.13411708062907063,0.003547276354827992,-0.08672489723750464,0.11232595190242545,-0.03993487254224674,0.08397990402571262,-0.023696653597970685,-0.0023600236841243042,0.03677096089381634,0.017655743033950153,-0.008386090767647248,-0.06895112083466275,-0.05736958369337552,0.01074442852547779,0.02392050956749105,-0.08096364566584098,-0.026339895443269378,-0.021810394393047175,0.041329176399037264,-0.022975407378917234,-0.035991846433833526,-0.0906019503547209,0.014111205035865243,0.031906573047105515,-0.04338200244247888,0.046333637284110864,0.0016397581191489533,-0.04334180337351897,0.04109006467240901,-0.022993575170720353,0.05146384993915883,-0.03715804637419326,0.01123752343164974,-0.004788019522331073,0.022264225723987705,0.009872511229782558,0.0003626654120789093,-0.016573348268567344,-0.08067420773569586,0.1175730817116256,-0.04409314503538222,0.03348729385718392,-0.03100600171053177,0.05288144239910925,0.010693202447825945,-0.052290580224708616,-0.03525809164933209,-0.04278837665903129,-0.007362725331424482,0.002989513337248925,0.022112129930166695,0.00690272835829636,0.03524338229739455,0.03453379968047016,0.024749781421867515,0.05794998293230813,-0.027269216030860088,0.01467598954434944,-0.05655156681874225,0.022569844113682083,-0.014916262117596689,0.003660702907448926,0.0028204876351964766,0.06523308322242241,-0.01194073728290139,-0.02218350147915349,0.01798269217159672,-0.00450455923961259,0.0085162054802556,1.0,0.042559967272782016,0.006659393346666125,-0.055759434907096866,-0.02476305692654731,0.148221541126213
109,0.007731002420259934,-0.026643305731654618,-0.010476100513607561,-0.005384091376866763,-0.02948241626313943,0.10380394965112044,-0.006186024372669545,-0.03678634632008108,-0.0022092538124671647,0.02875397127586397,0.06532335303733293,0.02089998070257142,-0.00221972399743055,-0.014684995210435235,-0.005613420924476249,-0.009464035554078742,-0.04617320126721946,-0.1367353739270961,-0.0147648741727777,0.04531137994579728,0.036511595830287305,0.019930501115757955,-0.012789486955610965,-0.03398536912537267,0.02588344407147967,-0.052633758131365775,-0.011454436774471959,0.0013302681451502752,-0.022686716277024677,-0.0024602714880912545,-0.019429148471954667,0.06719834509461421,0.0362351887602633,0.011195349983951048,-0.025230493164042904,0.07508527902087773,0.016455242002799478,0.04347551882043298,-0.053490182717417976,-0.12717542140730623,-0.023106498869895326,0.04481543337931981,0.2166646418715691,-0.028316347863478798,-0.052777317138650845,-0.0021860651495659244,-0.00132380599736377,0.070414981368726,0.094567918930853,0.019314749752499943,-0.10424809381380915,-0.037961792340340965,0.0009796494918232063,0.01124829474891534,-0.07047193854417341,-0.017828513501209804,0.0006796657944937482,0.04841460074393366,-0.07651322123345697,-0.032419099487803804,-0.029621168299233534,-0.04718116658957473,0.008547933947155455,-0.11545900071717854,0.035883979857002646,-0.02685774514155958,-0.08113619204123772,0.10222467450931955,0.005046759942080803,-0.03601916662116784,-0.07197753068352059,0.014913737182281896,0.012645089827100981,0.048887529929618576,-0.09035224204779083,-0.027503052011550438,-0.0720598450584711,-0.06307052742617912,0.08232411079247853,0.002268403506810161,0.014088262796876985,-0.01470923958170376,-0.0609059323452533,-0.006231309539345071,-0.05584437145538373,-0.11367721621586073,-0.004525877616792639,-0.06827006907006093,0.017715415884375328,0.058310177369122335,0.0355284085531272,0.04193958920454752,0.017428922725522468,-0.040860780294159064,-0.008094473887330455,0.045012441354203236,-0.08458620919251876,-0.024137189417426777,-0.05915848022882904,-0.07678601687512474,0.041985685839750146,0.02053789565001191,0.035377958574327836,-0.03085782241431945,-0.03131233087199122,-0.0032620017384799903,-0.12006166323600917,0.018741345457279544,0.042559967272782016,1.0,-0.06395368509986045,0.04125827434204537,0.013561414419740328,0.062174084824203134
110,-0.02726107587892216,0.021740856411081682,0.0012624179222959038,-0.03890774730706237,-0.016207245475686385,0.013630228559645206,-0.0072647564156326574,-0.001051007812226667,-0.019402659280813892,-0.032709111008520184,0.01921575006960686,-0.0019207350372897763,-0.014794064808575882,-0.022661717621391513,-0.04203541301835427,-0.0037104034037491623,-0.007471745783854783,-0.006077171185341002,-0.0012878889291558808,0.00903859574533748,0.013054288773348565,-0.02205057434163265,-0.03622727675605349,0.003227000837818414,-0.016554405357825843,0.004818372311674513,0.0012452509885593382,-0.014108544695725969,-0.033883378402002076,0.006797815988933023,-0.010076496507322109,-0.003965781637585569,0.015483461305941986,0.020250417356985344,-0.03883541221822867,-0.01199700626461,0.0032748588401003854,0.002757972033450932,-0.0385175215182657,-0.029862362500227165,0.028470739831506275,-0.04655042621288929,-0.019437801483357376,-0.06196436595226838,0.000578722240975198,-0.020917841540419837,-0.008686475045279194,-0.007009520237964477,0.005117229113799604,-0.0031001139056168613,-0.050910818785228414,-0.02527099201050887,-0.013357121897980086,-0.009969929066704145,-0.014924428174403896,-0.014082714956266246,0.02309383406843019,-0.0025529226320542505,-0.060933830026936094,-0.015612189388195984,-0.022742527116661665,0.00888345311984875,-0.008067212410103287,0.02041114971488666,-0.01634418191524998,-0.019786507308078793,-0.023516613656355535,-0.026446511904378692,-0.02287621806412196,-0.027377202525645367,-0.048180849924347006,-0.0038875834785342994,0.0338215407792003,0.025206987775150024,-0.04192353534328801,0.020368599110807555,0.05157756473988398,-0.04650262207124955,-0.01193456424942329,-0.0011567033080056252,-0.033915856143418056,-0.030212046502513138,-0.018510580599404115,-0.023004929720692218,-0.034561618278329216,0.046920232857826996,-0.020590327682235215,-0.004107472356923815,0.0022492958965542403,-0.004125778678385592,0.001397444797240342,-0.009704949931142355,0.001536134794504286,0.053834416463546156,0.007808647248230259,-0.013918056888876571,-0.04927236473884012,-0.029395867302305992,-0.0007083295893151667,0.013226457687661383,-0.0010318004224303648,-0.004729580294422899,-0.012524882356533191,0.027564174435721223,-0.029287211301704662,-0.014442818384461003,-0.010256076211252994,-0.019479431509867313,0.006659393346666126,-0.06395368509986045,0.9999999999999998,-0.01436809861313241,-0.00516313707333155,-0.005112799506899274
111,0.08386741694720845,-0.01647523075752066,-0.05038811041335412,-0.041500454818521444,0.03580479354632611,-0.0014300031907983326,0.029713117897879317,-0.06344540776044798,0.056488426383119496,0.03208418814017545,-0.01413724437613274,-0.04084066522460245,-0.014330561398307212,-0.04812799834235999,-0.036684306415369544,-0.009130132651355122,-0.0027092197182292045,-0.02356354215548925,-0.02449054272091769,0.009619300708342264,-0.013085562155748312,0.011277446432968232,-0.02197514851707572,0.041909462667086846,0.029257612746777597,0.006129756779465474,-0.02226429623009672,0.03650891746683573,0.07359334602927113,0.05092503318022074,-0.0036061064171751694,0.007711207258104613,-0.0036779552675160203,-0.016926520461910153,-0.035489824973080605,0.09629519600157863,0.0023842122027626605,-0.04634316362417636,0.12887015923399917,-0.011619403701404024,-0.034730352146105044,0.008749751110574114,-0.004510834119833727,-0.03230874258428596,-0.055955718007822654,-0.05002754612128968,0.021444381567736256,-0.00696092888470897,0.05442923176147821,-0.037777808285677394,-0.021701512017590317,-0.012756590440636201,0.043619985054434714,-0.007381782164219742,-0.03458756684689617,0.08269454917363865,-0.026738616645857173,0.0961476502173495,-0.05111834496579247,-0.0355481578724749,-0.03250816308542053,-0.015341548766117201,-0.002945369722334308,-0.05950599333570661,-0.025221800889932845,-0.05946856998043198,-0.0009531569588852139,0.0035385232882038276,-0.0747909605173115,-0.029316493763371657,0.10547870161145416,-0.010018125038341,-0.058790487335687085,0.033874428607887,0.0006310134563836009,-0.020831611858433036,-0.06047743565277091,-0.04549228596638345,-0.018745297772006574,0.015431874925909746,-0.00795940964212419,0.024396739977396376,-0.036378710893580905,-0.011451956440528197,-0.035814524076987354,-0.09809495869804646,0.039797908881735976,-0.022032254680920717,-0.025127464676628974,-0.019842707277144305,-0.004521591279066983,-0.03804672048504473,-0.017017280956476626,-0.06973544298802115,-0.06311166304627092,0.034152890553159114,-0.036367621145240225,0.006910110023041977,-0.042099665447372786,-0.010462291895375881,0.024459174359841126,-0.01828841440236676,-0.016627174874252654,0.023298351945666297,-0.03952278244283278,0.025270493890866972,-0.07334139874850877,-0.01875063734940546,-0.05575943490709687,0.04125827434204537,-0.01436809861313241,1.0,0.023100541738565072,-0.07048251525522614
112,0.05904192179964367,-0.008981241698295414,-0.03536913470338921,-0.05431478045609015,0.004426096308587774,-0.009336763840425234,-0.027119218141699222,-0.013554261228383994,0.00398766876172354,0.021332776902722474,-0.01473977380654983,-0.001238171416564889,-0.03623961260251928,-0.032996477074347386,-0.030653286929987953,-0.00677932372197137,-0.03173629192559884,-0.013603522775950208,0.006437903830772683,0.0002132599144520948,0.019473523986162422,-0.009288907055195285,-0.022884004084838327,-0.0012534091641615583,0.0019827658798467727,-0.005525514515729251,-0.035059933670803886,0.004275004801629395,0.03923204450044029,-0.0007356778955114715,-0.027341356080592617,0.012540691263015817,-0.021305791219015248,0.004152948143619567,-0.04033102455450742,0.039104212155528395,-0.014008747975027297,-0.02808180776727212,0.011249872569987506,-0.0223288952399165,-0.022513947850374586,-0.004960404647881175,-0.03024367193360505,-0.01690934193382172,-0.027496586614200742,-0.03076059585074602,-0.008240256256712203,-0.008189653687750095,0.047376124642076155,-0.02524589556048971,-0.03764062909235663,-0.05132846606611078,0.017748706802170444,-0.015333996289649193,-0.0169321999317447,0.007405128398187093,-0.02634337392055886,-0.013850481813016237,-0.04712266443350405,-0.02902348449104892,-0.03373589164158553,-0.01054640062041953,-0.000867000870859449,0.006377831676622151,-0.02770637843965013,0.009408360286588095,-0.05713035934645739,-0.01633432543171609,0.0035236969851272977,-0.006699245816929346,0.029048864437675785,-0.013497196397280135,-0.048062272946626336,-0.0015929747694067207,-0.021711525776087915,-0.025371498053754014,-0.017962913953980073,-0.0422647017234862,-0.019904330347845844,0.017727792794751295,-0.007961630612976542,-0.00519234778557983,-0.025506482197810928,-0.034950975296037745,-0.03649138881725901,-0.02373032830814834,0.011278798386285361,-0.0017017581423264046,0.0073108153095140255,-0.013765289845918313,-0.028941348166625965,-0.024984842824069823,-0.023137988485273844,-0.034488603191066274,-0.0008538780656701677,0.020552288928058608,-0.02580998409581804,0.0029730655721132257,-0.04506770344235042,-0.019650582768021632,0.021165869474559965,-0.00938520650117612,-0.03737901497666235,-0.0031101638192494153,-0.00895491757232819,0.0036722764407357295,-0.025430518451132447,0.003205892200299426,-0.02476305692654731,0.013561414419740328,-0.005163137073331551,0.023100541738565072,0.9999999999999999,-0.018408600240940452
113,-0.06116295673411468,0.06503431900733404,0.02662865875273588,-0.053264049444697516,0.018558757276461564,0.030599864829018265,-0.012148333664803824,0.05927731995194065,0.007500379770617916,-0.04641659765764239,0.02293356637359895,0.04437880004045839,-0.02757116396480627,0.008844237326150453,-0.04585160313075952,0.005132934323295324,-0.024741072746242588,-0.05291663576748562,0.0005757361669911752,-0.021980903081410316,0.07557532156137227,-0.008053745498465043,0.010130624819894648,-0.015833089880189045,-0.033437920921148556,-0.02184841722268307,-0.103299976867719,-0.06763835186832241,-0.06039745402430157,-0.039594242782179184,0.02528261299804995,-0.024556303176321192,0.050261082995666034,0.02428227362803145,-0.03643654299021233,-0.051662464729226365,0.004550300679715829,0.14415915484888184,-0.06337137649056124,-0.09903572558740723,0.01637480964639691,-0.09161262431896464,0.10926709634494274,-0.03268846850044355,0.0838692748494436,0.0018819467038858801,-0.00824657792227518,0.05102194056905411,0.025699313602699735,-0.00936433488841467,-0.0666222437126151,-0.08563777271936694,0.019923854851196483,0.02509917039933767,-0.06899873605507174,-0.028731273893538422,-0.007994866826321168,0.034559896543947644,-0.023080761372246628,-0.03334466788794645,-0.09556312388579456,0.09220301288058493,0.01990352957217625,-0.04276624772377572,0.0397313790447397,0.02298842783110604,-0.0038483411702110435,0.041871041634108756,-0.0173324816634679,0.08212888816885264,-0.022503214830596155,0.02138336220515994,-0.01114003786527847,-0.014508540082660039,0.03682437810924145,-0.01320601773247216,-0.005765540472778426,-0.09647386698367734,0.1257543490571429,-0.0475823801162442,0.014598418215823824,-0.0033206652354034363,0.06870310535047426,-0.03272044560845206,-0.04729825843515383,-0.01975241892001654,-0.03189181755832404,0.011280449928241584,-0.012874158880835887,0.01541091175159561,0.0018508786509631179,0.043481356466037985,0.021193091796607496,0.05159262573480555,0.06979935264952893,-0.02989158266325528,0.06545019069981335,-0.03963762861005239,0.01523366507344108,0.009969119230463216,-0.010000180841155856,-0.02307323928944294,0.10037950751552821,-0.0044571509831220855,-0.008955303172826569,0.04487290822067664,0.016026543939826523,0.00027768317781617403,0.148221541126213,0.062174084824203134,-0.005112799506899274,-0.07048251525522614,-0.018408600240940452,1.0
