,0,1,2,3,4,5,6,7,8,9,10,11,12,13,14,15,16,17,18,19,20,21,22,23,24,25,26,27,28,29,30,31,32,33,34,35,36,37,38,39,40,41,42,43,44,45,46,47,48,49,50,51,52,53,54,55,56,57,58,59,60,61,62,63,64,65,66,67,68,69,70,71,72,73,74,75,76,77,78,79,80,81,82,83,84,85,86,87,88,89,90,91,92,93,94,95,96,97,98,99,100,101,102,103,104,105,106,107,108,109,110,111,112,113
0,1.0,-1.2711428440714987e-14,6.817282789826284e-15,-6.474857020224198e-15,-6.75600338612013e-15,-7.188734681641125e-16,7.443998799514764e-15,-4.973093488963996e-15,-1.1618799109115343e-14,-4.8680475851461794e-15,-1.9407706376716333e-15,-5.406399575681313e-15,-7.996619111203223e-15,1.3493212554224262e-14,-9.424330574032654e-16,-1.1833612466752919e-14,-1.8651640834743337e-15,-2.426124136559207e-15,1.0635188568483422e-14,1.14843674304722e-14,7.640399815120562e-15,-4.113938014833154e-15,-4.8732796825780056e-15,-5.561327939048405e-15,4.314583699649103e-15,-6.00382651272176e-16,7.169605442299228e-15,-6.630002808226427e-16,-6.5273292309943e-15,7.340330251623601e-17,6.775826799542402e-16,5.7777404565242645e-15,-6.0680299963389045e-15,4.177773512052191e-15,-1.2385249986788847e-15,1.297704831109091e-14,-3.308127715676049e-15,1.0101044551230008e-14,-8.991973426897338e-15,-9.542320275115613e-15,2.1798832842303483e-15,-2.961852692449421e-15,4.633787583976921e-15,2.5928819954109276e-15,-2.554898873500825e-16,-2.2637356465200474e-15,-1.411718794772572e-15,1.0871647235979514e-15,-5.4363736438099035e-17,-3.6156121929381866e-15,1.2980465558551182e-15,-8.549947709705799e-16,4.706509760487006e-15,-2.684175131457367e-15,-2.5612965451652086e-15,-3.2540033575685325e-15,2.665361767935246e-15,-4.392654869305871e-15,7.662204421690772e-15,-4.6134039754624205e-15,3.0415842576864307e-15,6.424745134645686e-15,-1.5520778603994124e-14,4.5570378014849194e-15,6.444627928593383e-15,-1.3948508744620906e-14,-1.6296369812499067e-15,-4.898388521744286e-15,3.578687240552053e-15,3.1011707581055128e-15,-3.311139696960511e-15,9.752555267174439e-16,4.810300013585967e-15,3.393009674407186e-15,8.317495680697032e-15,-4.396225071987261e-15,-4.285214032311454e-15,-1.709470756563523e-15,4.249139160887543e-15,2.7230935397685786e-15,1.5223231805927525e-15,-1.9244247440959715e-15,5.383063042609143e-15,3.2846507510573786e-15,-4.338349830479301e-15,-4.39568772659967e-15,2.8966447964730245e-16,8.201887159838718e-15,2.047777636119845e-15,-3.3065066056153963e-16,4.4060157437458024e-15,-7.797056034817819e-16,9.977840755595285e-16,-4.46028139071048e-15,6.7307471225932734e-15,2.633598275784172e-16,9.20604049925808e-15,-1.3485828327881267e-15,-4.2025963854972434e-15,-1.676096219502351e-15,-7.311201297463388e-15,-4.694707069389844e-15,5.501377409799364e-15,-2.571798743296061e-15,-2.575756078696563e-15,-4.4531680878168504e-15,4.2222566087039294e-16,-6.427503451128581e-16,-2.062852471026175e-15,1.3512276791359053e-15,-5.958216986732646e-16,4.537391333021995e-15,-2.1814197037357537e-15,-0.18537396837360898
1,-1.2711428440714987e-14,1.0,9.780038529055609e-16,-1.1474612147219084e-14,-4.716862027731097e-16,-1.1363755923978878e-14,1.1734294538163719e-14,2.651897023120414e-15,8.864754749596357e-15,1.6134710778815193e-15,-4.6433858637480855e-15,1.4165917769971845e-15,-1.0395206893579655e-14,-6.577910086942851e-15,6.853377275494691e-15,6.792529738668494e-16,-4.444144178421686e-15,-7.0303911513496645e-15,-5.062661666971037e-16,-5.929732797096391e-15,-1.0119314275790637e-14,8.928550726323823e-15,-1.1167622245695016e-14,2.6742173103883507e-15,5.6002206958473975e-15,3.0147300529260653e-15,-7.28957604784426e-15,-5.960084134965328e-15,-3.997449490422923e-15,-9.97466811462572e-15,-3.636870734512992e-15,4.984600995728444e-15,9.639830511356484e-15,-2.7659790813279686e-15,-8.086849345761964e-15,-1.5327767424366463e-14,-4.444868377235175e-15,-6.861820697277079e-15,7.139903278162786e-15,8.541764323451828e-15,1.2099429031332914e-15,7.015112611357957e-16,-1.0487065591541339e-14,5.760371847378473e-16,-4.436882569590776e-15,2.439192098374214e-15,1.0609765309274937e-16,-1.2576995122060471e-15,-1.2988675515467447e-16,3.2244292577888146e-15,-2.0837609124261417e-15,-5.335233292469411e-16,-7.698494209224555e-15,3.897722840575392e-15,2.2444087355347597e-15,-2.0231461813767714e-15,-5.510077250883384e-15,7.257175898110512e-15,-7.570991004800595e-15,1.916567215059939e-15,-2.65181197038318e-15,-4.612702820046001e-15,1.043413731726495e-14,-8.976967835477903e-16,4.116907822292974e-15,3.3869605470062875e-15,-4.692973078245107e-15,-2.279286210685086e-16,5.289037676300017e-15,2.986757879520587e-16,-4.785769893796762e-15,-4.837929700261528e-15,-8.856392205951223e-15,4.293843735113189e-15,9.239236917942288e-15,4.2635762152047134e-16,2.571797138323831e-15,3.137084605968417e-15,-1.6766652019948323e-16,1.8159700828460735e-15,-5.8606987900117416e-15,-4.989734107004099e-16,-3.4056376493355455e-15,8.301830188697207e-16,2.801362399253012e-15,3.70936541015e-15,1.9209329194208697e-15,3.846333620669865e-15,-7.810298474616168e-15,1.122778862916959e-14,2.9910226197926556e-15,1.534957473047242e-15,-1.0138215437827138e-15,6.056546739078018e-15,1.12076790446315e-14,-7.22591654716674e-15,6.335974230982204e-15,-1.8569222730014014e-15,-3.571604455516971e-15,-3.522356741428167e-15,-8.46956836218463e-16,1.3965378692833431e-15,-1.8100432892826526e-14,-3.816354514131182e-15,-2.52214957854199e-15,-9.234683419513031e-15,1.4171142806259097e-15,2.9885265216737667e-15,-3.8137336680935455e-15,-1.543585813176042e-16,-1.0820557988782369e-15,2.110874417671878e-15,-3.3076470223056615e-16,0.19145437819545622
2,6.817282789826284e-15,9.780038529055609e-16,0.9999999999999999,-2.5739810742061305e-14,9.288112397119778e-16,7.764382776259398e-15,-1.5759638906804985e-14,-4.109029821276215e-15,-6.791330059372038e-15,6.293861613511876e-15,-1.887351467026231e-15,-2.19769105452121e-15,9.468782279861084e-15,2.7540587220702643e-15,-4.9903922276710994e-15,5.839647600853024e-16,4.028538170669995e-15,8.826409390968981e-15,5.79245274796826e-15,-7.738639277619054e-15,-2.7524073485571777e-17,1.1028303972180149e-14,-1.0748377557666324e-14,4.114402225531944e-15,3.733993524054982e-18,1.4796037159584058e-15,1.157711177074588e-15,3.359794943762639e-15,-3.525548331421242e-15,5.48629974811431e-16,7.23030906303302e-16,-4.228689388407519e-15,-1.9676373701572557e-15,3.419045610101517e-15,2.12526353471526e-15,-2.9152014782561005e-15,-2.282089173048089e-15,5.458656023655789e-15,2.1383401115960296e-15,4.473353298811087e-15,2.1017747433286954e-15,8.075841220642297e-15,-4.700292964379685e-15,5.878258537077389e-16,3.4791534518459798e-15,1.80334150068972e-15,7.150259089191087e-16,-3.798219629310197e-15,5.326399926816786e-15,3.4941193588825298e-15,3.835287342862977e-15,-8.616105591205747e-17,3.575098371310781e-15,-3.407232776287253e-15,-5.508758967650015e-15,-8.368464657372555e-15,-8.06631587870427e-16,1.769901419992205e-15,-1.669618753617726e-15,-4.857564853007364e-16,2.336714378209262e-15,5.418181001569517e-16,3.155596317084481e-15,-6.582922806906671e-15,-2.7043072178058896e-15,8.098934269557983e-16,-4.2128661473429335e-15,6.641076121032631e-16,1.538217904169714e-15,4.574173213737397e-15,-2.392014536624166e-15,-2.3257169650678087e-16,-2.1981740193442716e-15,-4.996829089533648e-15,-6.7144911965761115e-15,-4.274393582936044e-15,-2.9811167168551394e-15,-1.530292613613091e-15,4.03390839931516e-15,1.0944143604462561e-14,4.8827790952975585e-15,1.0790431010924729e-15,-7.040713974198529e-15,-3.690588937772395e-15,9.919250729692401e-16,-5.178108317917822e-15,-3.3186857666039146e-15,-1.5733666746157953e-15,-5.3195584402954405e-15,4.9277793702472044e-15,5.171547746799522e-15,-1.6355822309130436e-15,3.937166474928757e-15,-3.3681144070632834e-16,-2.0829694723353916e-15,1.3390709678146491e-15,3.112018444665021e-15,7.1030427425780415e-15,4.361271701059337e-15,-2.8094855486621927e-15,-2.9208915410343786e-15,4.600018812317219e-15,-3.6059878414312134e-16,-6.44655520979223e-16,5.130309322768138e-17,4.838886831346649e-15,-7.189714344061841e-15,-4.412977443621603e-15,2.659718065382179e-15,3.905457510688318e-15,3.122206021014935e-16,-4.355552995785093e-15,5.768777466286336e-16,0.2702028756297898
3,-6.4748570202241984e-15,-1.1474612147219084e-14,-2.5739810742061308e-14,0.9999999999999999,-2.213312084208395e-15,7.487476493254165e-16,-5.709644387202717e-15,1.1911031165642644e-15,1.736095740749546e-14,-8.188391568613924e-15,1.2651119169451873e-14,8.558413600232981e-15,1.8650690034063534e-15,-9.587984624258926e-15,-1.804715801411298e-15,-5.017454156578419e-15,6.008076443125483e-15,4.806116440448282e-15,-2.7073320111155173e-15,3.033509021919927e-15,3.896397786594772e-15,-7.13918854788392e-15,-1.3126819819099507e-15,1.0104584141272746e-15,-1.7052421745763338e-15,-1.588166877525568e-15,2.5622852497425408e-15,-2.307134298303528e-16,8.770801635371061e-15,8.157523705626415e-16,-4.8422192339489156e-15,8.577391989696769e-15,-1.8443495827989303e-15,-5.000429187261203e-15,3.2398010504521294e-15,9.812019888670227e-16,5.210171444654961e-15,1.4954912812250676e-15,7.252476956817643e-15,2.5460035097157522e-15,-6.343491246021558e-15,-6.3760501434601206e-15,1.5826624995368005e-15,9.544384426541003e-16,1.5528184833148224e-15,-1.915373159921075e-15,-4.50494797549202e-15,1.6524548776529644e-15,-4.993760731214718e-15,-6.354915066206351e-15,-2.7440159207450372e-15,1.4940526957653844e-15,5.9610064886926745e-15,-8.454484444559112e-16,2.6243742071826075e-15,4.6736240439978694e-15,2.4292903059190214e-15,1.3734256116806006e-15,3.2263540798119625e-15,5.761093401661993e-15,-4.603367799162326e-16,-3.3576040558725196e-15,3.5681066975324574e-15,-7.925147322434734e-15,4.533026981615173e-15,-5.9211305746880575e-15,1.332566955149456e-15,-4.437939633399021e-15,2.1771753379553227e-15,-2.8119521252490783e-16,-1.7969377539175987e-16,4.667476133415765e-15,4.26434513649308e-15,2.3851658109490695e-15,-1.7283529084584077e-15,-7.077307033300794e-15,5.270699778463273e-15,-4.869048470699555e-15,5.450481643733253e-15,2.5843244911484783e-15,-4.436631357514682e-15,-1.076622401786094e-14,-3.997940853964839e-15,-4.316681622028646e-15,-2.953836704300851e-15,-3.2784737957588744e-16,3.228249447086299e-15,-4.929638200072694e-15,-1.6831542920607589e-15,-7.387829241553776e-16,2.0214226556049064e-15,1.1622067142308977e-15,-2.5644020511936606e-15,1.4351783245523604e-15,1.47021702832516e-15,1.5652082524104873e-16,-1.311988608174757e-15,-3.360822682758876e-15,-1.319567188693108e-15,3.6808809653424995e-15,1.0029301709467389e-15,-2.537244406858577e-15,-3.4589840086112486e-16,2.3709797102620227e-15,-2.4381552461747273e-15,-5.500695394350253e-15,6.282827094692467e-16,-3.305827671050043e-16,-3.743248350268542e-15,-1.6954798208548776e-15,5.196381270311356e-15,2.2739468573849935e-15,-1.9437120192465513e-15,-0.258005836867134
4,-6.75600338612013e-15,-4.716862027731097e-16,9.288112397119778e-16,-2.2133120842083955e-15,1.0,-1.5587065572528845e-14,3.3566804155443915e-14,-8.984507461137472e-15,-7.795917751814967e-15,-1.4287424696301866e-14,1.068759492744677e-14,2.430722241700744e-14,5.0430307788654485e-15,-3.0112770510339614e-16,2.2608932279559905e-15,-4.196341810313247e-15,-8.18180620659841e-15,6.809067707620808e-15,-1.0871855831902485e-14,-1.005178298497768e-14,-4.201395445595769e-16,-2.2468243883339144e-15,-1.124686823352844e-15,-2.995675867441796e-15,-4.777171779300251e-15,-5.640212014686909e-15,6.761992399937359e-15,-1.2567527513032732e-15,2.1039411149216296e-15,5.6867317325934186e-15,7.746884545546237e-15,-3.059738007108502e-15,9.12308393236537e-16,3.9600090927362204e-15,-3.2217994932770817e-15,1.3797626488815572e-15,6.953819240876132e-16,3.9997181995215485e-15,-2.4896375045113295e-15,-8.489045121387523e-15,-1.4695578707701437e-15,2.5432672793033204e-15,2.6127284096377744e-15,5.300071534798771e-15,2.183923006638539e-15,-4.794176492226679e-15,2.1974599045727912e-15,-6.049682765481617e-15,2.96340653753807e-15,1.4667530706897656e-15,-2.0145823550661997e-17,6.376558418463467e-15,2.084926830020377e-15,-7.895076230550257e-16,4.732567589679057e-15,-6.369087727031221e-15,8.667086167021151e-15,-3.96968815639734e-15,-2.604993852390414e-15,6.800200217637484e-16,-2.165164786993601e-15,9.311462747918804e-16,3.4513052805489775e-15,2.6055011355787565e-15,-3.1466854465662024e-15,-1.839516584815679e-15,4.332830149238628e-15,4.026954240002105e-15,-1.688002310857236e-15,1.9336052375829854e-15,7.327339831972244e-16,1.1854925787781912e-16,-2.1691494519567398e-15,-3.5390906876009836e-15,3.5821288290762635e-15,-4.757651320121769e-16,-3.8626314177628535e-15,4.6059997740788885e-15,2.0969503014435814e-15,-4.460387140404548e-15,-1.0621390432113716e-15,1.1029302380011714e-14,4.03553582040169e-16,1.0233872943079648e-15,-4.192750569234023e-16,-6.848120336428035e-15,5.2691303819114175e-15,-7.492825278529568e-16,5.1762888590050805e-15,-1.6246055339197252e-15,-7.09387336412195e-15,1.6854239949060628e-15,-6.31178364242674e-16,6.3063271039836424e-15,1.3477384839752245e-15,6.109410279023045e-15,-1.7016910562749202e-15,1.6201606583309594e-15,6.04460136077497e-15,-6.944487372599661e-15,-5.598218231102192e-15,-1.2709409918568337e-14,9.51837708725369e-15,4.507378384058754e-15,3.861182463711927e-15,-1.0111782335182925e-14,-8.08813917213973e-16,-6.160800420223372e-16,1.0846024953076647e-15,-4.3359205731824546e-15,-1.877582561891423e-15,-5.089293159205369e-16,-1.793268785138389e-15,-0.008031026430222628
5,-7.188734681641125e-16,-1.136375592397888e-14,7.764382776259398e-15,7.487476493254164e-16,-1.5587065572528845e-14,0.9999999999999999,2.137826973653818e-14,-7.471950885505852e-15,1.2530217391920098e-14,6.897642383049722e-15,-6.0007900911275664e-15,7.243826790381009e-15,-5.334086902594879e-15,1.134486852213911e-16,8.216836985086353e-16,-5.412857032893002e-16,4.287270372876495e-15,1.2367658519469266e-15,2.2945203377445563e-15,-3.4823962261622065e-15,-7.316474505086578e-15,-5.1169617054718034e-15,9.627140594615495e-15,-1.8997340909916308e-15,-6.947557377400777e-16,-7.924852344550001e-15,-4.1377854297298656e-16,9.631162073851365e-15,8.43148826096507e-16,-1.9345092440136905e-15,-2.1864693266995562e-16,-1.1600698931991282e-16,4.932762976195022e-16,-4.591757567133676e-15,2.3429693940933077e-15,1.6848646625744707e-15,3.313851238831384e-15,-5.82225727471399e-15,2.551408667783915e-15,3.473032359737915e-15,5.235340395528287e-15,2.9613852083110877e-15,2.1871301316955817e-15,-1.4040681655606922e-15,4.790938244531134e-15,-4.815649668599476e-15,3.0768689031623048e-15,-1.7319992896138432e-15,1.342180104118221e-15,1.6208443352498304e-15,9.24287247026837e-16,1.5219984006398253e-15,3.3462161925070754e-15,-3.2595111447893277e-16,5.768083273656271e-16,-2.3693316923746116e-15,-4.62769396091624e-16,3.3072056065581343e-16,-1.1423039407387889e-16,2.109984270774599e-15,-2.075918953830725e-16,-2.705620325284817e-15,2.8067465623107664e-15,-4.135192274391136e-15,3.0061981892104592e-15,-4.884354316266565e-15,3.4662411205757766e-16,-2.8768160863492746e-16,-2.264010779319971e-15,8.365002759572325e-16,-1.6674026219929432e-15,1.2475597368737678e-15,2.420596352893791e-15,-7.526946492175018e-16,-2.5977899730216658e-15,-3.7289227682536025e-15,5.41742572431029e-16,-2.324161335956221e-15,2.594976755645432e-16,2.3999261061590574e-15,3.1006560182388194e-16,-5.909202662793515e-15,1.0939661188895002e-15,1.8137297666597768e-15,1.1379606897338744e-15,3.6598572965365464e-15,-1.962806634943115e-15,-8.708425439605367e-15,-6.623430586557971e-16,-6.454606848952316e-16,-1.5787919755743897e-15,1.0966858331840288e-15,1.1957516601056237e-16,2.420727133931702e-15,-5.153772183674908e-16,6.062072238457896e-17,1.4917127253870466e-15,2.1555606254818056e-15,-1.7596876704713253e-15,8.122727764411883e-15,-1.9784953476148796e-15,-2.324500575922214e-15,2.4711472996698396e-15,1.0556370267246173e-16,-4.979899163805167e-15,7.445283810851955e-15,-8.246819578209837e-15,-4.3317351449666863e-16,-1.1217821143602372e-15,4.047188885363734e-15,2.4655028758738893e-15,-1.6577198902505662e-15,1.2245697695820466e-15,0.06709636521696245
6,7.443998799514763e-15,1.1734294538163719e-14,-1.5759638906804982e-14,-5.709644387202717e-15,3.3566804155443915e-14,2.137826973653818e-14,1.0,9.614619486776065e-15,1.2255321988327305e-14,1.1652518073995491e-14,1.5143602905266442e-14,-6.58300308250564e-15,1.142664438458127e-14,-5.5734600835048755e-15,-1.5302928316601223e-14,-4.5523218822266296e-15,-1.2409390927096346e-15,-1.7574394497258593e-15,-2.4150995234919705e-14,6.05418328357811e-16,-1.4216634421894883e-15,-1.5287573487181167e-15,5.3846745881980926e-15,1.0934699786782849e-15,-5.223434017422118e-15,2.1896834620137717e-15,2.2794510156754324e-15,1.904045629915898e-15,-2.0519244525865392e-16,-1.3778013838481715e-15,-3.1749282683409104e-15,-5.0544923202600805e-15,-3.4796036076927094e-15,2.468704366843527e-15,-2.5780587367486208e-15,-1.2749800748246116e-15,4.749536634330532e-15,-1.1719011310044798e-15,4.3029440966249246e-15,-3.561886140407833e-15,2.710117151792683e-15,-1.3536482017759578e-15,5.693299985170908e-16,-3.384153007874206e-15,-3.1262125974028643e-15,2.9067774009181417e-15,-3.480858875531042e-15,1.873519304970957e-15,-6.566444305337877e-15,-2.7931278734034687e-15,1.2009029420226716e-15,2.1322169233158643e-15,1.5308867118254077e-15,-3.710912902460632e-15,5.7949062379653644e-15,-1.8471790394210482e-15,3.5816420006020515e-15,3.3373060635486092e-15,-2.85495091020653e-15,1.893408243836923e-15,-1.0983611096802744e-15,-1.9026239534428132e-15,1.0824308776374696e-15,5.829008506393812e-15,-1.8789806956243454e-15,-4.125945511757794e-15,8.976870015439642e-16,6.096904003390597e-15,-1.3571842423102566e-15,-2.1471342612609424e-15,1.7253944960837882e-15,-1.6866197854297346e-15,-5.947792392963837e-16,-1.6656736761704393e-16,6.83024754894064e-15,-1.5937138136833765e-16,3.872218525879099e-15,-1.436660109964528e-15,2.6273713345433833e-15,2.0043578685688305e-15,3.683584797354055e-16,6.240331530924602e-16,7.230957246185229e-17,4.107109761889298e-15,2.7778557820032382e-15,1.731323985560039e-15,-1.6934301160430261e-15,-2.2002377692782254e-15,-3.917642916212607e-15,-3.0582194415164198e-15,-1.7688366111397194e-15,-2.0611169856401208e-15,-2.4725053682905373e-15,5.549696205383127e-15,3.979669443965775e-15,4.801832520047697e-16,2.3916457894790154e-15,1.0434708963375977e-15,-3.544556828649195e-15,4.913618652272757e-15,-1.2716654949324168e-14,-1.1347070896179378e-14,4.017295030543616e-15,2.2757201177781833e-15,-1.2549997637729932e-15,9.71744148734451e-15,-6.144246391373655e-15,3.718456391856942e-15,3.6868589116115785e-15,2.5011871782977774e-15,-1.6138734225993266e-15,-8.738476174065132e-16,3.3018731533741403e-15,0.059811454381861535
7,-4.973093488963996e-15,2.6518970231204144e-15,-4.109029821276215e-15,1.1911031165642642e-15,-8.984507461137472e-15,-7.471950885505852e-15,9.614619486776065e-15,1.0,-1.314863798597047e-14,-1.0074906935627992e-14,1.1084123902732365e-15,3.5265497866873373e-15,-4.274507965678983e-17,1.1705421132066952e-14,-5.4002710569224275e-15,-1.1022667111396132e-14,-4.778851455173125e-15,-5.7299964349971036e-15,-1.217514578781727e-15,-2.6050999564062436e-15,-5.665725976746074e-15,-6.54190647878636e-15,-1.820047388788141e-15,-6.691055316323253e-15,3.0364444531585045e-15,1.4733652786005373e-15,-5.245219727604341e-15,4.392072276711053e-16,3.0755152037912647e-15,8.18163941869879e-16,-4.4822379655620946e-15,-1.1462398575604765e-15,1.7961392034733843e-15,-3.149176524648846e-15,3.9022513601028166e-15,-4.149715913516275e-15,4.29632323336592e-15,-1.007816572565165e-17,8.425049120914927e-15,2.615259012287195e-15,-4.506731642899046e-16,-6.566714329409955e-16,-1.8242807284926174e-15,-2.9355935384327304e-15,2.3463375975660485e-16,3.419820640626433e-15,-4.239416930420636e-15,1.3346995210457705e-15,-4.2931420979395835e-15,-1.4918761729956557e-15,5.17841845031975e-15,3.637036013000957e-17,1.6489194208982673e-15,-4.92946884405232e-15,-2.988563210129783e-15,2.1784100214940657e-15,4.4887201701974165e-15,-6.33460187122079e-15,3.002211148700964e-15,3.481008035442038e-16,1.9249905118051453e-15,-1.7979035340722176e-15,3.678830469246957e-15,-3.851020089826927e-15,1.9136395822564184e-15,-3.5395631037853188e-15,1.9109054546971292e-15,-2.1894571696963816e-15,1.984811289132772e-15,4.1212195516061e-15,2.6896543663633724e-15,2.184807777158429e-15,-1.7383145656703417e-15,2.2402077491351803e-15,2.908935985986477e-15,-6.604996643086298e-15,-2.1713863408171242e-16,3.742877807115647e-17,9.272329581533168e-16,-1.4337050955880476e-15,-4.728518098245992e-15,-2.9441756674718625e-16,9.118523122205403e-16,-3.1892778238586646e-15,-1.4719276376838633e-16,7.424607348956302e-16,2.3888738029963712e-15,-3.298257171689636e-15,5.732227650842358e-16,3.454833239110039e-15,-2.4209776997935474e-15,1.2732578686741965e-15,1.4317992260226872e-15,-4.1608953489394875e-16,2.0714420976620778e-15,-3.0202801186400415e-15,-5.84777829517841e-16,7.371007310057946e-16,-2.8835553304041338e-15,-5.204858347780552e-15,4.5681903340011015e-15,2.568618405484666e-15,-7.782088148460575e-15,2.8998899084918363e-15,2.5551645459035205e-15,-5.643470118170451e-15,5.085111695707329e-15,5.34970136683469e-16,-2.8236647068627398e-15,-2.2647923503518965e-15,2.1932118110865546e-15,-5.541791740302427e-16,-1.699336587204622e-15,0.08523239233126344
8,-1.1618799109115342e-14,8.864754749596356e-15,-6.791330059372038e-15,1.736095740749546e-14,-7.795917751814967e-15,1.25302173919201e-14,1.2255321988327305e-14,-1.3148637985970472e-14,1.0,-8.041204976554202e-15,7.643422592993983e-16,-1.0694827535635883e-14,1.2849699907333175e-15,-8.618018475789074e-15,1.7845667295464917e-15,2.970648049597204e-15,-3.643979244697399e-16,-9.083615614126391e-15,-5.564069045166591e-15,1.080286936416521e-14,3.3190612652006634e-15,8.99123779194877e-16,-1.4493183926918963e-15,1.921219353658515e-15,-2.3914623921929664e-16,6.17640408924998e-16,3.0549966954298112e-15,-1.365956040510654e-15,8.495253448098442e-16,-1.780375616072016e-15,-1.874741587036971e-15,-3.890363959046541e-15,-1.8576431059443507e-15,2.319853016980783e-16,-2.3820504851221544e-15,-6.511317503675274e-16,-4.283721845123769e-16,-4.0833065718305315e-15,-4.290648832407184e-15,-2.506563718617244e-15,-1.398799366342325e-15,-1.809859534065019e-15,-6.570715165001206e-16,5.5342907372682205e-15,-3.901185142073963e-15,-1.7192530087705494e-15,1.0029984794214417e-15,2.961708831420314e-15,-3.973772582637702e-15,-2.1570514234888793e-15,2.956648519000528e-16,-3.7057824774672036e-16,-9.381801528201065e-16,-1.4995308299990297e-15,-5.945167123280711e-16,2.68384094447213e-16,-2.865785043122123e-15,-7.205388702228215e-16,-4.9714441007467715e-15,6.329946096648193e-16,-3.725846972231952e-16,2.5038112631967138e-15,-6.134428651165321e-16,-3.3682851272905123e-15,2.6486658398476774e-16,-2.3894492737491653e-16,5.603489960754208e-16,-3.0332034114675685e-16,-1.2717599901938115e-15,-4.526366742169801e-16,-2.999227382393052e-15,-1.1039651438837945e-15,8.595250467913163e-16,-2.3532489831010346e-15,1.2640704368728076e-15,9.313771763458342e-16,-8.897726572503397e-16,-2.148806004083093e-16,-4.102191228588017e-15,-6.923595317656936e-16,1.532127302828745e-15,-5.331207731991767e-16,1.228019218570203e-15,2.540043433308452e-15,2.386302518141481e-15,-1.0087373140671453e-15,3.3934102906115845e-15,1.85366430678871e-15,-2.6097686745705497e-15,1.5474394910448798e-15,7.282726705118726e-15,-2.8449491298307578e-15,-4.313621921440158e-16,5.045751596649574e-15,1.0670055730791826e-15,-1.818724309318815e-15,2.9877625990508084e-15,5.594503050115153e-17,1.802404844235395e-15,1.964766982129388e-15,-6.8918932882242026e-15,-5.478707132965829e-15,-9.181205729731029e-16,-5.759608345127691e-15,-4.5973299070986703e-17,5.708472693633934e-15,2.0870398085391295e-15,1.6475104397681867e-15,-7.705738218477035e-16,6.395235925631813e-15,-6.632669340043217e-16,1.9408233055441823e-15,6.269504816768474e-16,0.003045446594451639
9,-4.8680475851461794e-15,1.6134710778815193e-15,6.293861613511876e-15,-8.188391568613926e-15,-1.4287424696301866e-14,6.897642383049722e-15,1.1652518073995491e-14,-1.0074906935627992e-14,-8.041204976554202e-15,0.9999999999999999,5.792498667602018e-15,6.944822617732689e-15,7.122585071427795e-15,-1.1245308930630399e-14,-2.958760565243995e-15,7.981090558443033e-15,-1.674935427889641e-14,5.378141317713492e-16,-2.1335538531238993e-16,1.1911982708567957e-14,-1.474721070089459e-15,-1.8202894889684692e-15,5.3591124968144944e-15,4.473666205201441e-15,9.188291464775494e-15,-8.988496908207412e-15,1.4227464957775216e-15,2.4736780153373958e-15,-2.1622656759717002e-15,8.759632024930575e-15,-4.453126147919919e-15,9.595551263881655e-16,3.604022582330036e-15,6.9683228381305455e-15,-8.16255369384758e-15,-5.078223586518366e-15,1.1214968127215082e-15,-1.5342050378073203e-15,-4.9943277464443874e-15,-2.82091115285895e-15,-2.181633421169794e-15,1.837415635584141e-15,-1.3583021024683301e-14,-9.72697166873136e-16,4.653470122597972e-15,-4.2138364463583945e-15,6.151371239774062e-15,1.2035522797391491e-14,-1.7012895042732384e-16,1.2785969443991462e-15,-1.156906299912669e-15,-1.9901382363144954e-15,-8.725117634861212e-16,-8.537076022995732e-17,-5.289876093765947e-15,-1.8169552919301043e-15,-6.8996378694450685e-15,-3.665869948684562e-15,-4.47140779022579e-16,-7.389138839454071e-15,-3.8026999349719955e-15,3.2694387640176737e-15,6.442380534142909e-15,-2.9854587885431514e-15,9.718433803089747e-15,5.5627728251921016e-15,-1.0959315644008889e-16,-6.278231463673613e-15,-1.9471581234762498e-16,-3.980571008593583e-15,-8.314957285683876e-16,1.3730197414825475e-15,-2.9864528332444785e-15,-4.812941978302201e-15,1.4823731868345204e-15,2.4020301146739465e-15,-1.372732859907056e-15,1.4829361042197926e-15,-2.526743648784099e-16,4.207811573135569e-15,-2.2914530108859153e-15,-4.501071215222691e-15,5.179885746346102e-17,-3.13800439396452e-15,-2.051450097738826e-16,-3.358328789980014e-15,-2.540040640777224e-15,5.408463581604774e-15,-3.6130238861926115e-15,3.385604080722412e-15,2.2167214003494496e-15,3.5409492380819756e-15,1.7005070553778684e-15,-1.0784602260760246e-14,1.7547074435068364e-16,-3.575450989755529e-15,3.189030508911485e-15,4.790588840699722e-16,-3.0207865932639938e-15,3.114577086453049e-15,-6.945316508759001e-15,-3.864169864174752e-15,4.328761018442656e-15,2.180104542820609e-15,5.033328935985184e-15,-1.0918618874576074e-17,6.123841475271841e-16,-7.29558758417311e-16,5.756488782534626e-15,1.2174308678361125e-15,-1.5545441491001685e-15,5.7415342162516636e-15,-1.7470368536399518e-15,0.1486957684541132
10,-1.9407706376716333e-15,-4.643385863748086e-15,-1.887351467026231e-15,1.2651119169451875e-14,1.0687594927446772e-14,-6.0007900911275664e-15,1.5143602905266442e-14,1.1084123902732365e-15,7.643422592993983e-16,5.792498667602019e-15,1.0,-1.0621844006984357e-14,4.024940316785559e-15,5.891517462292735e-15,-9.23981577816149e-15,-6.69976194010629e-16,2.0662652843585836e-14,8.359137942883213e-15,4.967563648489364e-15,-3.2555648433365774e-15,2.9820309294779475e-15,-3.2641892700489855e-15,4.170320270640718e-15,-1.176802558736617e-14,2.402827280130386e-15,-1.0222100838272674e-14,-6.04713973025512e-15,5.653724643789391e-15,3.40202444621753e-15,6.245057910931181e-15,-4.7390752763071e-15,7.936288047785224e-15,2.8417239758856108e-15,-1.4286459136896015e-15,5.32285332823064e-15,3.247053709079671e-15,-1.3373089155804654e-15,8.259386293536038e-16,1.9630435565432835e-15,3.069742486192161e-15,-9.4352745636328e-16,-4.515076007310659e-15,-1.2309975566678901e-15,4.522384486899534e-16,2.723932228413831e-15,-1.290889110884707e-15,-7.30364477163494e-15,-1.644706889637009e-15,2.4302961776886797e-15,-2.6486774388100293e-15,1.7206745403233698e-15,1.569257958799016e-15,1.5134999321966732e-15,6.169210946564844e-16,-4.672476239834489e-15,4.1601492351458246e-15,-2.64551771738158e-15,-5.242988509496905e-15,4.626149130462017e-15,-4.988107534549374e-16,2.086356688855852e-16,1.395177194890061e-15,-8.653189222846628e-15,-1.0313398139677565e-14,4.8261329696043e-15,5.0114281349723594e-17,-5.441226538081387e-15,-3.518156968467309e-15,-2.471718887928056e-15,2.965221694585658e-15,-7.91395646703989e-15,6.241122224882363e-15,5.1311310794093254e-15,1.1136476234786286e-15,1.2846244872041907e-15,-8.878430115932543e-15,2.7299719839831473e-15,-4.265363439577651e-15,-7.027217102523385e-16,7.257337377110893e-16,-1.3062804050969188e-14,-8.562133441176158e-15,-6.181337436199126e-15,1.322309780456295e-15,8.639768340565602e-16,5.690149972730752e-15,-1.5277772619069423e-15,-6.6401887315390295e-15,1.0366755304508795e-15,-1.4535781930776268e-15,-1.2672451806608222e-15,1.8071823994000084e-15,-2.7397716434827586e-15,-5.214946927269447e-15,-1.2164695044268733e-15,2.4458267373935033e-15,-5.9731873140145566e-15,1.5681027675977062e-15,3.2805703236659778e-15,2.652633351198575e-15,-1.0956083722139722e-15,-2.2524400028015058e-15,4.512115206725481e-16,6.897154185996259e-15,-5.122104275868294e-16,4.988327424744562e-15,-1.350802663183916e-15,-2.1509478681702004e-15,-2.743000800835726e-15,-1.998972568947245e-15,8.294692179948323e-15,1.2036125096897167e-15,-2.542546461645561e-15,-0.04960452410100932
11,-5.406399575681312e-15,1.4165917769971845e-15,-2.19769105452121e-15,8.558413600232981e-15,2.430722241700744e-14,7.243826790381007e-15,-6.583003082505641e-15,3.5265497866873377e-15,-1.0694827535635881e-14,6.944822617732689e-15,-1.0621844006984357e-14,1.0,7.066142535409416e-15,8.260541736950846e-15,5.056596701683754e-16,-1.9485243389460054e-14,2.704774983106547e-15,-1.3754130749096695e-14,2.2173718466376493e-14,-8.508315542103537e-15,-2.120602524480749e-15,-5.720533653848228e-15,-6.324928964913708e-15,3.42056817537888e-16,-5.258726602821826e-15,2.1216975720083115e-15,1.1258601368912693e-14,-1.0202332626151242e-15,8.619800559279516e-15,-1.3730862582116269e-14,2.2932325574765643e-16,-7.625628506862173e-15,-3.609264166653308e-15,7.354336035778416e-15,1.3143170977620132e-15,-1.7140133393028116e-15,3.5379096243305364e-15,-1.3026253281141643e-16,-1.147713575321541e-15,-5.168765650488715e-15,-1.0097736113005795e-14,-2.584255516283905e-15,-3.332282941937432e-15,-1.0593215210274082e-14,2.745832709063207e-15,2.168736079015265e-15,-1.2318418977855092e-15,-2.767313918341478e-15,-7.889316205549398e-15,-5.6826073075141785e-15,-5.3991976979432135e-15,4.324304399735299e-15,5.181051504499954e-19,-2.5434784795149913e-15,7.226934949143143e-15,-5.8039100609704354e-15,2.7899210945167205e-15,-8.574271732057587e-16,3.7372252258397845e-15,-5.733880893537406e-16,-3.383068841035399e-15,-7.35437898255086e-15,4.1028354713552065e-15,2.6720674741810745e-15,-1.1343408586800166e-14,-5.212750920578005e-15,3.4940139232101403e-15,6.2360792762246295e-15,5.4871997485410015e-15,1.6421980451613373e-15,3.460784016224519e-15,-8.288163386073135e-15,-5.8601698142614976e-15,-3.594872768163402e-15,6.745519460162022e-16,1.5875723125103515e-15,-3.296682785005545e-15,7.000701811767763e-15,1.674968871514809e-15,-1.0832803001007656e-15,1.2660143631752855e-15,3.841517782250171e-15,3.1773464849551604e-15,-2.742082706746401e-15,-2.1421060445877803e-15,1.6593042939250845e-15,-6.686499534350778e-16,5.806034629128685e-15,7.299576493480392e-16,4.608228860758582e-16,-3.913478538839032e-15,-4.767491443936899e-15,-1.6999878146085586e-15,-4.123552361316235e-15,-4.711624604362001e-15,-9.525225558267474e-16,2.0602452740519363e-15,7.501504311313621e-17,1.2769661813332065e-15,-5.179580478550623e-16,-3.381598594160258e-15,-6.353998314768732e-15,2.8729926313260826e-16,-4.736049349785061e-16,-7.851240445902331e-16,-1.0106181139380571e-14,-2.340391715350072e-15,2.119321261169166e-15,2.5371164789003977e-15,-1.4162963495445784e-15,-5.696014685942804e-15,-9.5591268088751e-16,3.3637941812541027e-16,0.028226167818185276
12,-7.996619111203223e-15,-1.0395206893579657e-14,9.468782279861084e-15,1.8650690034063538e-15,5.0430307788654485e-15,-5.3340869025948795e-15,1.142664438458127e-14,-4.274507965678983e-17,1.2849699907333175e-15,7.122585071427796e-15,4.024940316785559e-15,7.066142535409417e-15,0.9999999999999999,1.029824757714961e-14,-2.4499829689501558e-15,-5.789941541480403e-15,3.862621924847657e-15,3.740292580370393e-15,3.1228944503016436e-15,-6.113344038799676e-15,-4.4556783752450424e-15,3.5556473364223e-15,4.5712503347082765e-16,-7.350508215633999e-15,4.6511252429594736e-15,6.349949371081581e-15,9.4918307142312e-15,4.922633637413653e-15,-7.148628988313537e-15,-1.134386232191681e-15,-2.9686153758987557e-15,4.759697245889283e-15,2.1545375142224835e-15,-7.14001168630944e-15,-7.729741650226935e-15,4.3423828760127317e-16,-5.466125400802226e-16,5.678352412699818e-15,7.819348011649842e-15,-4.260837442841795e-15,-7.842879375020773e-15,7.418731169676235e-16,4.654334614155453e-15,-3.963645218745467e-15,-2.884056060341999e-15,3.1109073012172593e-15,-6.812217417306027e-15,2.5803519635945906e-16,2.5495502233638076e-15,-5.684635446368038e-15,7.210735137505228e-16,-7.97722286722502e-15,5.033066400761356e-15,1.0782695652376964e-16,2.8295210647196835e-15,1.5173222804515613e-15,2.434115403451985e-15,6.329306800575576e-16,-2.5428917902151925e-16,-4.775137666088701e-15,-1.1215662851717617e-15,-1.934953272611232e-16,-5.910569836180654e-15,-5.454797936495855e-16,-1.1244832355213563e-15,1.2953757199496738e-15,-7.385499172359792e-16,3.126865200222736e-15,-1.1245217106637729e-15,-4.254190003923074e-15,4.6819373161088255e-15,-8.764461185925648e-16,6.094796907693828e-15,1.924144903005512e-15,3.860958335723889e-15,8.315082687482398e-16,-2.2446000547651863e-15,-3.3814326087228008e-15,2.9250875100030442e-15,7.94101984412578e-15,1.336958948596813e-15,5.201081019573336e-15,4.006185257674251e-15,-1.7589362470184221e-15,3.387927648759583e-15,-2.1608389870412533e-15,-1.106476553048104e-15,1.2225065766962596e-15,1.749465066094915e-15,3.604560485631918e-15,2.243270841979017e-15,4.0084581197412765e-15,-1.2622940947398253e-15,3.839736193999879e-15,5.825837518192463e-16,-2.8475041526243425e-15,2.3100801596798718e-15,-1.0810445414532081e-16,1.4945254722027449e-16,-1.5719855622170452e-15,-6.1650352974639634e-15,-1.9055787652909657e-15,2.43702469740834e-15,-3.682692862907015e-15,-1.2722159341690888e-15,1.6034760095083707e-15,-6.961463440017756e-16,3.3952666446396127e-15,2.6240852625170572e-15,1.2373991795785048e-15,3.076964893089382e-16,1.486712626311736e-15,-2.362662157989772e-15,0.0028489684056247585
13,1.3493212554224262e-14,-6.577910086942851e-15,2.754058722070264e-15,-9.587984624258924e-15,-3.0112770510339614e-16,1.134486852213911e-16,-5.573460083504875e-15,1.1705421132066953e-14,-8.618018475789074e-15,-1.1245308930630398e-14,5.8915174622927355e-15,8.260541736950846e-15,1.0298247577149608e-14,1.0,-4.679277654569554e-15,5.793251815212306e-15,-3.926239594969204e-15,1.5182109508310735e-16,-6.4173997910443175e-15,-1.1132757959895755e-14,8.455994685328843e-15,3.6104761537705904e-15,-5.454173283676126e-15,1.3237182241792058e-14,-1.1921540261139056e-15,6.0086216984261175e-15,6.1949821195750524e-15,3.3158375741283015e-15,7.244530050290288e-15,4.073070630014436e-15,2.657329728544216e-15,1.4477377812730126e-15,-3.785444664140812e-15,-3.5569509854497156e-15,-6.639427870378192e-15,6.760030505424363e-15,1.5690405000862845e-15,6.928669971227258e-15,8.430953328208339e-16,-6.461392363941623e-15,-2.06005871443181e-16,1.7593395763447863e-16,2.357329708224094e-15,7.546796914140798e-16,-2.7058023164820496e-16,-9.509270375475204e-16,7.605007792764538e-15,5.24016904232227e-15,-2.243963188162576e-15,3.783682418205913e-15,-3.2516795608052894e-15,8.463525934412852e-15,3.1141155249137142e-15,-9.600369473001849e-15,8.540362773133151e-16,3.52641856990253e-15,1.4320767816011147e-15,1.6621762757932744e-15,4.486214713949619e-15,-1.3086606989379821e-15,-5.3207131600563206e-15,-3.347295869714832e-15,-5.585733925143911e-15,-2.8052159894777584e-16,-4.308700823085006e-15,1.3254033958067438e-15,-3.8756917654662023e-16,2.0797286829111494e-15,-9.62841462711577e-16,2.0863685608217764e-15,-6.790365473209211e-15,-2.827146654817631e-15,-6.02377278859088e-15,-4.829077501933472e-15,1.0047830081045779e-15,-2.8149315666965064e-15,1.539461209469141e-15,2.980705986409891e-16,-1.8984192566044862e-15,7.797737371258062e-16,-1.3828830544460439e-14,-1.33565986179418e-15,2.804125945313875e-15,-3.450274806516626e-15,7.337771960996438e-16,4.198059560548394e-15,-4.2211009187672544e-16,-7.424472008754407e-15,-1.9536374781950823e-15,1.3543227054274184e-15,-2.7378707040072063e-15,-3.485939367107812e-15,-6.431295289818055e-16,-2.0585251012278577e-15,6.728087556861686e-16,-6.001111621287129e-16,5.671688802268129e-16,4.4783728846529025e-15,-3.582771839644161e-16,-2.8157599476881743e-15,-1.4730543812441164e-15,-8.792485839718565e-16,-5.034340755146488e-15,8.288871911652044e-16,1.9546618897817152e-15,7.65998533104339e-15,6.832228808070577e-16,3.8737497448224526e-16,5.527676497480739e-16,-1.1273708004715479e-17,-2.1311004878648105e-15,2.5336774849360642e-16,9.904998631811903e-16,0.0866089589083464
14,-9.424330574032654e-16,6.853377275494691e-15,-4.9903922276710994e-15,-1.804715801411298e-15,2.2608932279559905e-15,8.216836985086352e-16,-1.5302928316601223e-14,-5.4002710569224275e-15,1.7845667295464917e-15,-2.958760565243995e-15,-9.239815778161492e-15,5.056596701683753e-16,-2.4499829689501554e-15,-4.679277654569554e-15,0.9999999999999999,-6.544733885366835e-15,1.5967639689202507e-14,6.170525339346586e-15,4.3095326952042715e-15,-3.4779136016028513e-16,-2.9340917342424162e-15,-6.91721142834896e-16,6.39951556660344e-16,1.0661203459697055e-14,1.925962399324669e-15,-1.615427107630402e-15,1.4066960467410084e-15,-1.0959263957760803e-15,-9.30773969113644e-16,-1.5772461919720756e-15,4.909205975130794e-16,2.7967914171029343e-15,-2.772476392575555e-15,4.646585971119524e-15,-5.280588301174549e-15,-1.0580478006870918e-15,1.4027816095383854e-15,-4.7233604785638206e-15,-2.981975054765619e-15,-3.8059114012035115e-15,6.182025407349426e-16,1.6006170399167473e-15,4.786949551054804e-15,-1.8404018720347205e-15,-1.3334416877437272e-15,2.9886176826843095e-15,4.057386523821756e-15,-4.341812389115264e-15,-3.287655433895133e-15,-1.8928889439259364e-15,-4.5136399500862995e-15,-4.013156581622884e-15,-1.9387109239350285e-16,-6.723225555565287e-16,2.014076857520249e-15,-5.1164743848239926e-15,-8.514102022105171e-17,4.551330259340195e-15,-2.6609509842415156e-15,-6.505106434255944e-16,-6.115003143913061e-15,5.021447873627717e-16,-2.821198943281525e-15,1.9887464438299e-15,-8.69217958766087e-15,-6.16876123324259e-15,4.0741967861016865e-15,6.472688168478012e-15,2.6151993064072053e-15,-1.945049619812959e-15,4.9582960290226945e-15,-8.848666882021026e-16,3.822385206180374e-16,-1.0374281189156315e-17,-2.245606519150447e-15,4.53785121348291e-15,2.84765212193491e-15,3.658674032717323e-16,2.1606151170329846e-15,2.030612936697074e-15,7.297741228509795e-15,5.124035174045034e-15,3.5901597040806315e-15,-2.3033945634578867e-15,-9.683825185348996e-17,-3.0586600729101456e-15,5.798915233518922e-16,-4.239452405499325e-15,8.614139327159919e-16,9.0184307006833e-16,-1.2100770551245523e-15,-2.2496614819356967e-15,3.724077348838631e-15,-2.1338571196646115e-15,1.0974820966698188e-15,1.2499304069667276e-15,4.541465731848069e-15,-4.26409611659107e-16,2.5788849444756103e-15,-6.441964846578994e-16,7.013200517750812e-15,1.9759229766677772e-15,1.0891540790885267e-15,-3.3075205211583472e-15,1.3086850835543194e-15,-8.459420994295564e-16,2.082496450577375e-15,3.803485432774302e-15,-5.957454977531915e-15,2.4507212075183997e-15,-1.4954270762941986e-15,-4.91558256562362e-16,-2.305567715873884e-15,0.03722265493315572
15,-1.1833612466752919e-14,6.792529738668494e-16,5.839647600853024e-16,-5.017454156578419e-15,-4.196341810313247e-15,-5.412857032893002e-16,-4.5523218822266296e-15,-1.1022667111396132e-14,2.970648049597204e-15,7.981090558443032e-15,-6.699761940106291e-16,-1.9485243389460057e-14,-5.789941541480403e-15,5.793251815212306e-15,-6.544733885366835e-15,1.0,7.149669405730201e-15,1.1571538952573913e-14,6.727995264156237e-15,-1.794894482806732e-15,1.0905758561780272e-14,6.106721799212075e-15,-8.946201541085649e-15,3.2703102074079404e-15,4.545971242042396e-15,1.0562798288286185e-14,2.070081597173242e-15,-5.69587323029788e-17,-1.233128091685182e-14,-7.144143194691771e-15,-3.509365309435251e-15,1.3866231838099259e-15,1.470355552077185e-14,1.4023457281162158e-14,-1.2832162138994918e-14,5.848348239552143e-15,-4.208390478078297e-15,-2.7532312144529417e-15,2.2125768759423866e-15,-1.083714314871553e-14,-6.4037846352468275e-15,2.7298805924270027e-15,-4.1768350157629927e-16,8.228421707332666e-15,-4.243661950220258e-15,5.683792947861838e-15,-6.028381997915266e-15,-2.3867063817396598e-17,-7.167021028466332e-15,-3.3940465197125042e-15,-2.7465084841355347e-15,-4.56773920413701e-15,-5.9603610719165315e-15,-3.976552666554438e-15,8.426709270485739e-15,-2.000035738170019e-15,3.9342509628358926e-16,4.750777295550013e-16,-2.257415742707392e-16,-4.666476316842323e-16,-5.73574211291359e-15,9.720824303803035e-15,-4.7972116385717525e-15,-6.681330617621141e-16,1.4417397797460295e-15,3.779442956459326e-16,-4.869546851951438e-15,5.560347820818741e-16,3.008545397183622e-15,-1.3433361314001707e-15,-6.182489343645027e-15,2.0057817570676625e-15,-8.539116623870403e-16,-1.294016098654881e-15,2.690447832130968e-15,-1.143321652312784e-15,7.111599341583843e-15,9.477525954431909e-15,-7.177528805875787e-15,2.2807011322679786e-15,-1.4152434331424495e-14,8.385721226028237e-15,2.5363252140091736e-16,-1.1358326679243282e-14,8.173574618714802e-15,-7.171128269288204e-15,5.075816953462276e-16,1.4106489952315442e-15,-2.8291105578235235e-15,5.26929635932173e-15,2.2824704157276584e-15,4.37609387061594e-15,5.319440783860093e-15,3.2800498347235577e-15,-2.508188529294304e-15,2.5858544103052407e-15,-2.033086740095689e-15,6.5708711876270914e-15,4.3992987185435795e-15,-7.7379343413039e-15,2.2168960302523185e-15,5.343538341265453e-15,6.864928008977152e-15,8.120836423489823e-15,8.891291942296573e-15,1.511643671420775e-14,-3.2598954170424733e-15,-4.442012973317151e-15,1.5442535194379606e-15,-4.891280360553278e-16,-4.953230608381071e-16,4.031900964876152e-15,-4.430792129972818e-15,-0.017116649686782833
16,-1.8651640834743337e-15,-4.444144178421686e-15,4.0285381706699955e-15,6.008076443125483e-15,-8.18180620659841e-15,4.287270372876495e-15,-1.2409390927096346e-15,-4.778851455173124e-15,-3.6439792446973997e-16,-1.674935427889641e-14,2.0662652843585836e-14,2.7047749831065475e-15,3.862621924847657e-15,-3.926239594969204e-15,1.596763968920251e-14,7.1496694057302e-15,1.0,5.98198261468856e-15,1.784380426999807e-15,-1.0574458602017739e-15,-1.984482940711079e-15,5.004045855733886e-15,-5.603388510751374e-15,3.409863822233774e-15,-1.301348008727546e-15,2.4770914784006026e-15,-3.2628049052287164e-15,-9.878198218572987e-15,-7.546468064954979e-15,5.2176117925324396e-15,-1.1303342823067028e-15,-2.7521196141625515e-15,3.399312871594629e-15,6.656825138020126e-15,3.80249235510443e-15,1.4857167503235969e-15,1.901530282269208e-15,4.081815886393888e-15,4.093965753564438e-15,-5.582491083853709e-15,1.3127753243972376e-15,8.086403489185021e-16,7.229432454876365e-15,2.999224693106927e-15,-1.914228238223579e-16,1.6543134000726527e-15,-6.422510879457655e-15,2.8723832258983317e-15,-8.394849746398606e-16,6.1891230975097e-15,-1.7221748930508396e-17,5.039441943154168e-16,3.7936627960611595e-16,-2.756173830903154e-15,-5.1241938677894755e-15,-6.422725332019907e-15,-5.798028644692798e-15,-2.7015656107515587e-15,-1.731904210822751e-15,-3.682790643538727e-15,2.792221512168721e-15,3.622819145541241e-15,2.536251209569165e-15,1.8068454547021638e-15,6.817346091134915e-15,8.551283193957138e-15,-4.2821704012681435e-15,-4.904449546081258e-16,9.652425523883316e-16,8.380036090865527e-16,-4.921170829624866e-15,2.8591154939452455e-15,2.902299970566862e-15,-1.820741010845213e-15,5.7910567109926e-16,-3.485677073702008e-15,3.2755843338318085e-15,9.667113155832043e-16,-5.665024937619561e-15,5.588583247224192e-16,-9.668207890498797e-15,-2.339898470521172e-15,1.086357055561421e-15,-3.1175397816336976e-15,2.6503465739475893e-15,1.6853120939873903e-15,3.920797844097009e-15,2.5033652035777835e-15,-2.107444058388965e-15,1.4933118195495745e-15,-2.3610294909461137e-15,-9.219265648430058e-16,-4.564665894740414e-16,2.1540520433068347e-15,5.720552550982909e-16,2.7122982208763344e-15,-5.537550397961374e-15,4.9220900776602136e-15,-3.1236108679144724e-15,-4.3579775821101464e-15,-1.5404955526951667e-15,3.1502983402788907e-16,3.3803493279142272e-15,2.2984752243417345e-15,1.9059694160938446e-15,2.794757135069872e-15,4.869827179390063e-16,1.584311415226758e-15,1.3301883208876647e-15,-1.114507042567816e-15,5.1618734437496847e-17,7.395853674554746e-16,1.1078792210397677e-15,-0.033149940335010585
17,-2.426124136559207e-15,-7.0303911513496645e-15,8.826409390968981e-15,4.806116440448281e-15,6.809067707620808e-15,1.2367658519469266e-15,-1.7574394497258593e-15,-5.7299964349971036e-15,-9.083615614126391e-15,5.378141317713492e-16,8.359137942883212e-15,-1.3754130749096695e-14,3.740292580370393e-15,1.5182109508310733e-16,6.1705253393465855e-15,1.1571538952573912e-14,5.981982614688559e-15,1.0,5.2928722588896774e-15,1.367011596261343e-14,-9.735620594195808e-15,-1.1138317313841535e-14,7.254769554831563e-15,2.4770289910123332e-14,1.190030539159048e-14,7.028762197476503e-15,-1.3642820096998054e-14,1.0970215092823908e-14,1.352537775989904e-14,-1.9516370321085957e-15,-3.4864741342070115e-15,-8.338240451259234e-15,-2.44555722791463e-15,9.891731832935566e-15,-9.857758366542474e-15,-8.395114554013518e-15,-1.068967500127948e-15,-2.9222422321825102e-15,-5.364577793834315e-15,3.676722298844807e-15,4.4239491748827325e-15,-1.983092455931856e-15,-8.78875205601211e-15,-4.4700796758928205e-15,-8.804202400600265e-16,9.568660678793033e-16,1.9369038417877234e-15,-1.1526875623102009e-15,1.0013808270981002e-15,-2.0183965801337625e-15,-1.3723520167450105e-16,6.067847898777973e-15,-1.4641854376421422e-15,-5.084689521240321e-15,3.2763409673030227e-15,1.3455585022483985e-15,-5.045553188036545e-15,-1.1986005449537705e-15,-3.5702586371353455e-15,1.0752398901724658e-15,3.599073577496666e-15,2.7230922647915153e-15,2.1930416930060207e-15,-9.870829864356678e-16,8.8168577397004e-15,2.3354773279437153e-15,-2.62698967042689e-15,-4.2490746676728385e-16,1.7819760511118842e-15,4.1851956824756667e-16,-7.431897896205495e-16,2.295946275830319e-15,6.2913120077637376e-15,-1.961232204534138e-15,7.429811376810099e-16,-3.784891689656634e-15,-1.6307262201729687e-15,-3.8722099464634765e-15,-8.827235319440883e-16,-2.443561127549393e-15,-3.3854116103646995e-15,-4.29979242133922e-15,-2.4881651661896963e-17,-5.00625021397635e-16,2.4534896912420196e-16,1.8602597378230287e-15,-1.1797152474756315e-16,3.0717904699864415e-16,1.234990086432184e-15,9.171302986467355e-16,-3.092397718414959e-16,3.2534301245832157e-15,-1.7782390171533162e-15,5.629349966534813e-15,1.2626136292516336e-15,2.1784871305189783e-15,-5.022002857275918e-15,8.690755888281164e-16,5.2589779012212684e-15,9.344201665483473e-16,5.572928504624464e-15,3.988988279702599e-15,4.5397492769821706e-15,8.737940737454359e-16,-7.747775400628354e-16,-2.1887279981354987e-16,-1.6448738864824258e-16,-1.5468897736365815e-15,2.20178322913531e-16,-1.5642448552038971e-15,5.5889826468271705e-15,1.1153527560858495e-15,-5.032370999572445e-16,0.16167116134551265
18,1.063518856848342e-14,-5.062661666971037e-16,5.79245274796826e-15,-2.7073320111155173e-15,-1.0871855831902485e-14,2.294520337744556e-15,-2.4150995234919702e-14,-1.217514578781727e-15,-5.564069045166591e-15,-2.1335538531238993e-16,4.967563648489364e-15,2.2173718466376493e-14,3.1228944503016436e-15,-6.417399791044318e-15,4.3095326952042715e-15,6.727995264156237e-15,1.784380426999807e-15,5.2928722588896774e-15,1.0,2.4468766164462757e-15,4.5559412028898486e-15,8.940855683793929e-15,5.3218776107694826e-15,-2.3186388142913713e-15,-8.762399791486849e-15,-4.306988218778226e-15,8.009066011810783e-15,-4.1530169652150336e-15,-1.1040320160071973e-14,1.1119967408441625e-14,-5.865499929660504e-15,-4.21099747380952e-15,3.4621385477627086e-15,-2.9422402197553267e-15,2.2125347679319996e-15,1.2716658627966188e-14,-1.1484849994690289e-14,2.9756262133793e-15,4.2714469275195075e-15,-6.264865208090374e-15,1.0001027554122312e-15,2.3553037605437624e-16,1.142371987537089e-15,5.743426748643817e-15,-4.481320515165261e-15,4.457649885258851e-17,6.127633767315488e-16,5.751012307192597e-15,1.2142045372059192e-15,7.101124517317648e-15,-7.692646005794997e-16,1.2919782497799004e-14,5.1005153878601836e-15,-4.423138512626685e-15,-6.387139034634407e-16,-2.8862110705324778e-15,-2.923965082779103e-15,3.1410504875510885e-15,-1.971407271764086e-15,8.229239152709549e-16,3.6205708497873415e-15,-9.945916874561628e-16,-4.528076840899061e-15,-1.2641637805722457e-15,3.502298282071678e-15,4.308053040983399e-16,-1.8001820338246186e-16,-7.53967972129747e-16,-1.1129282673379834e-15,-9.87277341214781e-16,-6.625751452489011e-15,-2.7223361865960485e-15,6.3686370865729585e-15,-3.4573881182020404e-15,3.182826533193349e-15,-1.4602263747360942e-15,-1.9963125989753914e-15,3.251567270010099e-17,3.5252045225777822e-15,3.640977917743202e-16,-6.076638542283986e-16,-1.321529834407776e-15,9.765046445607261e-16,-1.5347072595017156e-15,5.685482110970454e-16,1.9374745031167094e-16,2.145522946069134e-15,1.8296577270781695e-15,2.70067746558531e-15,3.751888929656641e-15,-2.0012676327729537e-15,8.449172057682412e-16,1.8009781174422383e-15,-6.10682820685628e-16,1.0084118130986238e-15,-1.951218899785784e-17,2.9614852880665634e-15,4.015370065060037e-15,3.625406677454187e-16,3.190086201708066e-16,1.497017179309706e-17,-4.2981520423785345e-16,4.248604904769273e-15,2.711629568728532e-16,-2.9694800621726526e-15,3.2542268721670425e-15,1.964798977946177e-15,7.17055189336999e-16,3.056747304460804e-15,2.8446709214952393e-15,3.897358929934323e-15,-2.3339426640621837e-16,-5.052347744229231e-16,0.08818385877294556
19,1.14843674304722e-14,-5.929732797096391e-15,-7.738639277619054e-15,3.0335090219199266e-15,-1.0051782984977679e-14,-3.4823962261622065e-15,6.054183283578109e-16,-2.6050999564062436e-15,1.0802869364165209e-14,1.1911982708567957e-14,-3.2555648433365774e-15,-8.508315542103537e-15,-6.113344038799675e-15,-1.1132757959895755e-14,-3.4779136016028513e-16,-1.794894482806732e-15,-1.0574458602017739e-15,1.3670115962613431e-14,2.4468766164462753e-15,1.0,-7.631689390727177e-16,-1.2872466760349719e-15,1.6769170596394403e-15,1.2585809799188672e-14,-2.2699844394257915e-15,-3.879343751592484e-15,-1.500075700201571e-14,5.46362715116443e-15,-3.1021130363330717e-15,-3.2224419376908972e-15,-2.4215464660674853e-15,-2.81740605164767e-15,-1.3565065395252943e-15,9.94898515611535e-15,8.955675852310468e-16,-1.9597737040242288e-15,3.728940310591831e-15,-9.157877204204781e-15,8.360842969537658e-15,-1.3418105781609936e-14,9.754752228077482e-15,1.3189554732744256e-14,2.7482461595599934e-15,-1.2413093966172238e-15,-7.716269655623921e-19,1.1782225215645295e-14,1.1889415401673735e-15,-5.095493882123416e-16,4.985938373945122e-18,-3.557751722532819e-15,-3.927951442825226e-16,5.4190724510701445e-15,-2.121167519215662e-15,-6.456463658516553e-16,-3.736624862724924e-15,-2.939270910703562e-15,6.447401065165831e-15,-4.1285317602184945e-15,1.3089974528187992e-15,-4.733628867381506e-16,4.487826082804519e-15,5.518668755145107e-15,-6.111877711454183e-16,3.805141256319838e-15,5.284465949245835e-16,-8.517238602858607e-17,-4.3059827610413785e-15,-2.6650243745949385e-15,1.280719066790353e-15,5.351225056421138e-15,-3.718084150108139e-15,1.673608045545344e-14,7.151625952588082e-16,2.580621918971082e-15,-1.2480032254303383e-16,2.4146827572002146e-15,-1.1835093024879311e-15,-1.4964610875506848e-15,-6.930298860133435e-17,3.50583521281276e-16,9.627949464429795e-15,2.0256655119711773e-15,-8.217162187217476e-16,3.7987307999814736e-15,-5.0157172927896416e-15,5.2859326837825794e-17,-2.6669879206518247e-15,-8.128097077228834e-15,7.18049646880869e-16,7.504125545336918e-17,2.484438759624278e-16,-9.77508828469966e-16,1.0728956508437953e-15,-7.775377121890567e-16,2.805205095565546e-15,2.9092502773464092e-15,1.8899931249960494e-15,-1.2122502558339959e-15,1.2896463065983184e-15,-1.8075986989058115e-15,4.412366763788778e-15,4.920792513293311e-15,-6.543294298635622e-15,-5.7038695378318925e-15,-2.7382186943080968e-15,-4.462641246501189e-15,3.3068623009735223e-16,1.3653938463808998e-15,-5.725621557880318e-15,1.5246552408955578e-15,-9.460588723418772e-16,-1.6178544262090842e-15,-1.1180660958691257e-15,0.026808962535572196
20,7.640399815120562e-15,-1.0119314275790637e-14,-2.7524073485571774e-17,3.896397786594772e-15,-4.2013954455957693e-16,-7.316474505086578e-15,-1.421663442189488e-15,-5.665725976746074e-15,3.3190612652006634e-15,-1.4747210700894592e-15,2.982030929477947e-15,-2.1206025244807486e-15,-4.4556783752450424e-15,8.455994685328842e-15,-2.9340917342424166e-15,1.0905758561780272e-14,-1.984482940711079e-15,-9.735620594195808e-15,4.555941202889849e-15,-7.631689390727176e-16,0.9999999999999998,-1.3104672216470456e-15,3.240347149020285e-15,-1.002979361652309e-14,-2.878083837066057e-15,2.846829919588005e-15,2.6296247910361485e-15,-1.5661786957974082e-14,1.3435126145553291e-14,-8.293219126514266e-15,4.12453340258123e-15,-4.605526983941113e-15,-2.2084103223093406e-16,-6.543681252880767e-15,-2.132050452818407e-15,4.480912886971935e-15,5.64291893550435e-15,3.60748492652302e-15,7.289222501966457e-16,6.409663139241589e-15,-1.1946985052411879e-15,-1.9373412905167203e-15,1.6983879175769437e-15,-6.004875492116883e-15,-2.628254007816973e-15,-5.785677425847804e-15,-3.8516267083727484e-15,-1.757613236974119e-15,-8.682573079487587e-15,-1.9584330314740056e-17,2.4525332131725338e-15,-3.446006283262364e-15,-4.5964657875042195e-15,3.675644330829207e-15,-1.2164137303584664e-15,1.489562401198301e-15,-1.1136346240646735e-15,-3.1164992050712687e-15,4.655969182739757e-15,1.236310855180821e-15,3.64028552454279e-15,6.682413733855149e-16,-6.770167887495362e-15,1.2117942310637473e-15,1.6495077592965242e-16,-9.205621022863171e-15,1.149639311152934e-15,-4.136873906812342e-15,2.3812414184930723e-15,1.3248348493608605e-15,2.3180161756802064e-15,4.447521849350342e-15,4.8270691098026806e-15,-9.399000863925828e-16,-2.0154076786582815e-15,-4.907576943375515e-15,1.982990993952117e-15,6.572896071893169e-15,6.432626180976288e-15,-9.310010658279505e-16,9.341117776048146e-15,-7.498885485902448e-15,4.108701550293055e-15,4.899601376885651e-15,7.234945470211726e-15,3.255023532469495e-17,7.560803595886128e-16,-5.007315493175007e-15,2.701465643490856e-15,-1.6544988417642235e-15,2.5836579978044496e-15,-7.240070045973466e-16,-1.1007258345782462e-15,-9.001787552644774e-16,-2.4622783045286538e-15,-1.1417863711482786e-15,-2.3527019812117387e-15,1.0652011904276338e-15,-1.2952584323673472e-16,4.764010541837962e-16,2.2902643461315345e-15,-1.6833286117838517e-15,1.964843550675806e-15,4.1229195478365296e-16,2.5251134747935025e-15,-4.799032926760535e-15,-3.673371390481926e-15,-6.595514524942782e-15,-1.2545764805300506e-15,-1.4703860963858467e-15,3.938477062860399e-15,-2.004230826284358e-15,7.926524184418839e-16,0.10148921926079268
21,-4.113938014833153e-15,8.928550726323825e-15,1.102830397218015e-14,-7.13918854788392e-15,-2.246824388333914e-15,-5.1169617054718034e-15,-1.528757348718117e-15,-6.54190647878636e-15,8.991237791948771e-16,-1.8202894889684692e-15,-3.264189270048986e-15,-5.720533653848228e-15,3.5556473364223e-15,3.61047615377059e-15,-6.91721142834896e-16,6.106721799212075e-15,5.004045855733886e-15,-1.1138317313841535e-14,8.940855683793929e-15,-1.2872466760349719e-15,-1.3104672216470456e-15,1.0,-2.7246829948505562e-14,-2.2248738167521795e-15,-3.0850229866882606e-15,-1.683317657650799e-14,-3.509652198551165e-15,-1.4035177285390441e-14,-6.595309649053128e-15,1.6484155629880627e-14,9.600309878419793e-16,4.309013285064611e-15,2.3667372055968667e-15,-1.6604220302256518e-14,1.1086274059116959e-14,4.357469059935199e-15,3.798783106543604e-15,-1.7384355856332576e-16,1.814512261826765e-15,8.10605865498813e-15,-3.0105999994367368e-15,-1.1509136248549385e-14,1.3791906309176508e-15,1.2082872142292165e-15,1.3445072739220229e-15,-7.926713177757939e-17,-3.72539002729109e-15,-5.1737494436209e-15,5.7766042121413725e-15,4.909136786030591e-16,4.437566339316055e-15,-5.175015193423227e-16,3.3266227608246345e-15,1.653401662271611e-16,-4.334188059974321e-15,-2.255179124411181e-15,-3.0424835081919784e-15,-1.9345474228714236e-15,-5.6697689443090115e-15,-3.4348558046236506e-15,-5.368054399949863e-16,-4.295288710115471e-15,1.7359921946451592e-15,-1.060276681627833e-15,-8.96545846011375e-15,3.533720964320347e-15,1.985335083868413e-15,-8.329110857180613e-16,4.431046630546694e-16,2.1408618031515606e-16,3.7362552407299164e-16,-1.7107871782865512e-15,8.736712512347381e-16,-3.26957925472869e-15,6.606129884070853e-16,-2.080104577909038e-15,4.770873169821776e-16,-6.536896132007691e-15,1.0721753748006602e-15,2.547001333943506e-15,8.094759143027634e-15,-5.743283579339289e-16,6.008695937581924e-16,-1.7150581049700393e-15,-3.3318154918700013e-15,4.9471019913095106e-15,-2.0644813716788918e-15,-3.831537099874528e-15,-3.966633230393964e-15,-3.048392090285432e-15,3.875324631707475e-15,5.934011082672605e-16,-1.2023108445277717e-15,3.6247508138272654e-15,-5.7887189079575075e-16,2.2716292340635025e-15,-2.2727535248159456e-15,1.0699386060124922e-15,8.445492013951086e-17,-1.6243907634593689e-15,1.0906178858541452e-15,-6.525449771475683e-16,3.5370604743327854e-16,4.4972851913515215e-16,2.509283983208214e-16,-3.22285038758086e-15,-3.098006055517236e-15,-2.7228275893828493e-16,-2.229777662430489e-15,-5.428973957834542e-16,5.660843004400854e-15,-2.9613640163771497e-15,4.079692442698056e-16,-0.15366698474708404
22,-4.8732796825780056e-15,-1.1167622245695014e-14,-1.0748377557666322e-14,-1.3126819819099507e-15,-1.1246868233528442e-15,9.627140594615497e-15,5.384674588198093e-15,-1.820047388788141e-15,-1.4493183926918963e-15,5.359112496814494e-15,4.170320270640718e-15,-6.324928964913708e-15,4.5712503347082765e-16,-5.454173283676126e-15,6.39951556660344e-16,-8.94620154108565e-15,-5.6033885107513734e-15,7.254769554831563e-15,5.321877610769482e-15,1.6769170596394403e-15,3.240347149020285e-15,-2.7246829948505565e-14,1.0,1.0490624390883088e-14,-3.761268868686448e-15,6.038218366034146e-15,1.425184264021748e-14,-1.0445755106936092e-14,1.400329371516289e-15,-1.1730284370078104e-14,-4.744522610812292e-15,-7.282670984933374e-15,-1.2572232383133676e-15,2.9248951426607954e-15,-1.4549334291259906e-15,-7.74775100175991e-16,5.5274160996555e-15,-3.887328492689479e-15,-4.0945495334800294e-15,-4.015985276396271e-15,1.1332155101645687e-15,9.439073788552737e-15,-3.731129607763572e-15,7.560301916330477e-15,2.392969636001616e-15,6.358254133337594e-15,-1.1009870748214937e-15,1.4481582741716335e-15,3.4935574702187633e-16,1.5978483620517892e-16,1.2371809713550602e-15,-3.7645067291449494e-16,1.2258128732151662e-16,-6.272387848739975e-16,2.2753905569002137e-15,-5.8617242858070064e-15,-3.227422698947371e-15,-6.864599911858036e-15,-3.5400900135692342e-15,6.495035547188677e-16,5.008306537639258e-15,7.288262977308297e-16,-4.066332400262819e-15,-4.286281818041538e-15,7.173391744429273e-15,9.006357359985632e-15,-2.9690025893507583e-15,-4.4083281623780046e-15,4.9314535780594955e-15,-1.919677864040243e-15,-4.533924577739161e-15,1.1645924029831282e-15,8.205144988115745e-15,5.724881429744305e-15,-1.5088311086135183e-15,-4.196012459114544e-16,-9.322947884612313e-16,6.8991533840430465e-15,-4.2010409965627926e-15,-7.089161990062913e-16,-2.0177205742104964e-15,1.7131019814342464e-15,1.9208374957937107e-15,-1.5784781369271717e-15,-8.175301319179895e-17,-6.645155387643828e-15,3.216986968417613e-15,8.300554493518396e-16,-2.311683620230349e-15,-2.645211570959637e-15,-3.76443510578569e-15,-3.1238171799543148e-15,-3.2294290271175313e-15,-3.813036845259855e-15,-2.1882827295787704e-15,-7.386696188210233e-15,4.260774402777803e-15,-4.239818449395346e-15,-6.149107331366149e-15,6.476855494391358e-16,-3.5000748489906655e-15,-2.405612658117511e-15,-3.672013451522323e-15,7.843098329936447e-16,-5.012384597708813e-15,-1.5368820953369042e-15,2.978655634628955e-15,-7.49874630150239e-15,-4.668982937994821e-16,2.3440068750566708e-15,-5.960171315262742e-15,-8.510608856226388e-16,1.1878314534838028e-15,-0.11173628365004547
23,-5.561327939048405e-15,2.674217310388351e-15,4.114402225531945e-15,1.0104584141272746e-15,-2.9956758674417964e-15,-1.8997340909916308e-15,1.0934699786782849e-15,-6.691055316323254e-15,1.921219353658515e-15,4.473666205201441e-15,-1.1768025587366169e-14,3.42056817537888e-16,-7.350508215633999e-15,1.3237182241792058e-14,1.0661203459697055e-14,3.2703102074079404e-15,3.4098638222337735e-15,2.4770289910123335e-14,-2.3186388142913717e-15,1.2585809799188674e-14,-1.0029793616523091e-14,-2.2248738167521795e-15,1.0490624390883088e-14,0.9999999999999998,-1.0448454446094776e-15,-1.3756390827824442e-14,-6.6800392346509114e-15,-2.5541867687053897e-15,2.6248766029615616e-16,-3.800833551194852e-15,-8.211130721283661e-16,-2.132267206094026e-15,-3.978506767487835e-15,5.138272215758916e-15,-2.195252584897718e-15,-1.8022855277694334e-15,1.2632871898326427e-15,7.222978950964595e-15,-1.8293908761329105e-15,1.6723260211673594e-15,-3.272117186679187e-15,1.5901699228352751e-15,3.2383686829033955e-15,-7.358060832442861e-16,7.520394201937698e-16,-3.9249287288602615e-15,-5.5490157198409565e-15,1.261160909361968e-15,1.0148770051967082e-15,4.213865837332677e-15,-1.2329710856764914e-15,-9.931652851344087e-16,-1.831758723011742e-15,5.630215273342746e-15,1.1326241080638688e-15,-3.699875061205046e-15,-3.4164125448630476e-15,-7.738016463536274e-16,-4.534890437828217e-15,1.100799513745588e-15,1.6714036898115189e-15,-6.698214627648859e-16,8.071374024747647e-15,-2.936082911636544e-15,2.6308632514674634e-16,-2.309313395918429e-16,7.754309516855342e-15,8.495626555283246e-16,-1.1220239426732476e-15,-4.029565277511837e-15,-2.262431369696448e-15,-2.431545704480291e-15,-5.723659897284357e-16,-3.9927434949873534e-15,-3.2776050396588996e-16,4.0800465455806595e-15,-2.3702276042600634e-15,1.5648059995784724e-15,1.0750463032601092e-15,3.1918669053533553e-16,6.797560787242971e-16,1.0916121116075122e-15,9.887130975253679e-16,2.6503006981185454e-15,1.0249096759976901e-15,3.150130292736859e-15,5.021023721198296e-16,1.845728775358769e-16,-2.1757695086162985e-15,3.9626008120312056e-15,3.927906968684774e-15,4.031550837860729e-15,6.05522137671706e-15,1.5351092298369667e-15,3.43170626317614e-15,3.615578360660718e-15,-2.2979338755928475e-15,-1.1372282797679272e-17,4.377665242601322e-15,1.949235949414063e-16,-1.1035769945820968e-15,-9.91117179549465e-16,6.778043107953265e-16,1.9654859721882223e-15,2.123177212165079e-15,-1.4732319035785704e-15,-3.470286082885647e-15,2.2492009009951632e-15,2.9794035426458852e-15,-1.8814419173624111e-16,1.4554321999834535e-15,-3.8484494200214087e-16,-2.0552090499271596e-15,0.047719773132004394
24,4.314583699649103e-15,5.600220695847397e-15,3.733993524054982e-18,-1.7052421745763337e-15,-4.777171779300251e-15,-6.947557377400778e-16,-5.223434017422119e-15,3.0364444531585045e-15,-2.3914623921929664e-16,9.188291464775494e-15,2.402827280130386e-15,-5.258726602821826e-15,4.6511252429594736e-15,-1.1921540261139056e-15,1.925962399324669e-15,4.545971242042396e-15,-1.301348008727546e-15,1.1900305391590478e-14,-8.762399791486849e-15,-2.269984439425792e-15,-2.8780838370660564e-15,-3.085022986688261e-15,-3.761268868686448e-15,-1.0448454446094776e-15,1.0,-1.136053742254381e-15,-8.520385787142728e-15,-4.87307966269892e-15,8.192410454540017e-15,6.8756874267350285e-15,-6.6778827989464e-15,9.79841400725784e-15,1.716948220363043e-15,3.324383816939963e-15,8.593661571316819e-16,6.630835287573212e-15,8.504181868757865e-16,-3.269023935317694e-16,-1.5626597470444615e-14,-6.7452129556016785e-15,1.4231013924155035e-14,-3.107331122575571e-16,2.778296337801889e-15,-3.4622258433696444e-15,-1.3837255234895908e-15,1.320131973246476e-15,1.1321123465694285e-16,5.7359601195861e-16,-2.8599548467619837e-15,-2.664292294818232e-16,-3.854438326959013e-15,-1.0032560730299556e-14,-5.238345438219906e-15,-7.363977296139253e-15,4.90173016493817e-15,2.159295797554597e-15,-2.2633371473876563e-15,-3.876259587080133e-15,-3.0651185114459827e-15,2.841257883363248e-15,-1.7266013854505863e-15,-9.06140897883377e-16,7.86924109594579e-15,-2.287314813012575e-15,-1.4984936324426429e-15,-3.4813427792703e-16,-1.4267022394852701e-15,2.7675154888687763e-15,-8.804090701113399e-16,6.340980661149131e-16,2.4894151153244517e-16,2.7339787857327983e-15,-2.4430531263781668e-15,-1.2285974748788498e-15,5.306592578044638e-15,-1.2956818089023393e-15,4.250598681179849e-15,-1.305059007625138e-15,-2.8890415512842595e-15,-3.6486478178440786e-16,-4.831344763123632e-16,-1.3365770608734028e-15,4.55609122220003e-15,2.376524213882538e-15,2.4046150238609035e-15,1.2467358854849713e-15,-4.993887215049321e-16,-4.9270604322750014e-15,1.5985574077729504e-15,1.5482180116415583e-15,2.588674049313937e-15,9.109195060300397e-16,9.961944637063619e-16,-1.1553683124515414e-15,-5.861976992667205e-16,2.168078612476147e-15,-3.080383156234176e-15,9.833448898325655e-16,1.2828027100632895e-15,-4.0750490444566953e-16,4.458591674378581e-16,9.017036399290124e-16,-1.9523159250613403e-15,1.843687281755561e-15,-8.895796676877615e-17,-6.221660383743065e-16,-1.9269166215672144e-17,-1.080884412423804e-15,-2.2238958781847534e-15,1.5598977010421534e-16,1.1582187711126411e-17,-2.3236964842425256e-15,-1.903372076387632e-15,-0.010884321940991187
25,-6.00382651272176e-16,3.0147300529260657e-15,1.4796037159584056e-15,-1.5881668775255683e-15,-5.640212014686909e-15,-7.924852344550003e-15,2.1896834620137717e-15,1.4733652786005373e-15,6.176404089249981e-16,-8.98849690820741e-15,-1.0222100838272674e-14,2.121697572008311e-15,6.34994937108158e-15,6.008621698426118e-15,-1.615427107630402e-15,1.0562798288286186e-14,2.477091478400602e-15,7.028762197476503e-15,-4.306988218778226e-15,-3.8793437515924835e-15,2.8468299195880045e-15,-1.683317657650799e-14,6.038218366034146e-15,-1.3756390827824442e-14,-1.1360537422543808e-15,0.9999999999999998,-1.0957626600727768e-15,-1.7429798039261667e-14,5.601511555065768e-15,1.2773700610561535e-14,1.846193772136273e-14,-5.094929282359864e-15,-7.280636236337138e-15,-1.2446128107120842e-14,1.1083012234405922e-15,1.2010416986524715e-15,-3.724744030320434e-15,1.7572499621966677e-14,-1.1233908192608479e-14,8.829374693451842e-15,-8.031632138036523e-15,1.2435772591874125e-14,4.417875103087529e-15,6.937222887552232e-16,-7.031671236597673e-15,-6.0506422137314545e-15,-7.229843888641341e-15,-7.014414961907972e-15,-6.3077635399387875e-15,2.8278154813622676e-15,-6.27562446135971e-15,4.602579580092573e-16,3.0318932709575255e-15,5.708697727173197e-15,-1.2174051201937537e-14,-1.543992293119582e-15,-5.130057418573954e-15,5.280918062462568e-17,2.9103311489648357e-15,1.6746732530972992e-16,7.066811760206127e-16,9.200652850583278e-16,-7.981252074638843e-15,6.72364057323112e-15,1.4883610389115997e-15,-5.085066472225155e-16,3.8882907122485695e-16,-3.524803038687252e-15,1.5064997873144542e-15,-3.696683755470984e-15,4.742847150706149e-15,3.279443601192297e-15,4.7961522200314e-15,1.6216341550082374e-15,1.2350170037426629e-15,1.2268568087839034e-15,-1.2963687520810056e-15,4.0385875790955746e-15,4.393749540559758e-15,5.993347764344593e-15,-1.2044937222507918e-15,3.5790002010641956e-16,9.272543574098658e-16,-1.5504438025021273e-15,2.0192580523160826e-15,2.7482743262999367e-15,-1.8379048978888817e-15,-2.503633051836883e-15,-6.112993287676297e-15,-2.0999312784902965e-15,3.3671076203212668e-15,2.9624589072386605e-16,3.361149832955936e-15,-2.5526237690322914e-16,2.4577612462284612e-15,-3.636741661385896e-15,3.1684818727349762e-15,-2.3068591994840436e-16,9.033461867101088e-17,2.4592159658991603e-15,1.829113669606885e-15,-2.478255738130605e-15,2.186342492341338e-15,-1.8657431806083266e-15,-3.130381853769876e-16,4.249433434288601e-15,7.977690722359793e-16,-1.4652883554296382e-15,-1.4351789636287751e-15,-4.967043926662891e-16,2.8596619245969864e-15,-4.224044779125556e-15,-3.603698555847613e-16,0.05561738878678118
26,7.169605442299229e-15,-7.289576047844258e-15,1.1577111770745878e-15,2.5622852497425408e-15,6.76199239993736e-15,-4.1377854297298656e-16,2.2794510156754324e-15,-5.245219727604341e-15,3.054996695429811e-15,1.4227464957775216e-15,-6.04713973025512e-15,1.1258601368912693e-14,9.4918307142312e-15,6.1949821195750524e-15,1.4066960467410086e-15,2.070081597173242e-15,-3.262804905228716e-15,-1.3642820096998054e-14,8.009066011810783e-15,-1.500075700201571e-14,2.629624791036149e-15,-3.5096521985511648e-15,1.425184264021748e-14,-6.6800392346509114e-15,-8.52038578714273e-15,-1.0957626600727768e-15,1.0,1.6909868865034714e-14,-4.5766470093237416e-14,-7.183883229743958e-15,-9.922740157410357e-15,1.2277007910647265e-14,-1.3925624092403059e-15,7.894541628137938e-15,1.6646072079003925e-14,-5.1762924806465306e-15,8.348339213788592e-15,1.714547939575104e-14,4.689515936378682e-15,3.873505466550926e-15,-5.226498504499468e-15,-6.859954608993675e-15,6.8427267684341865e-15,-7.87025626240982e-15,1.827125918458294e-14,-6.683793536183972e-15,3.081633276588861e-15,1.6279077004598065e-14,-1.3639947599579077e-14,-2.873271347544044e-15,8.727559395953884e-15,1.0401461414235978e-14,3.625754869598752e-15,6.108885433971014e-15,-2.662556926543677e-15,-2.6923676734225026e-15,-3.676087524269567e-15,-5.385423260744576e-15,5.7777500300634115e-15,-7.559817037624945e-15,-2.0047156375787153e-15,-1.9923856220535446e-15,3.0935494447469524e-15,-3.970677716411348e-15,-1.4412771950565733e-16,-3.3104605229598235e-15,3.91443676008149e-15,7.451597739971869e-16,-4.852484136998312e-15,-8.470982478384655e-15,9.050286940058212e-17,-2.3850159734984098e-15,-1.7333289309789767e-15,-2.9472248094461618e-15,-4.88248760423079e-16,3.4308491091493783e-15,4.933314292540627e-16,-2.1125669208912867e-15,-4.872910046203051e-15,-3.1346993397396707e-15,5.196022631503648e-15,2.8483056043599505e-15,2.8458890886196235e-15,-7.857682748753771e-16,3.9937830557166385e-15,-4.565042371718683e-16,-1.348469594468329e-15,-3.5054573140519415e-15,-6.883603940770806e-16,8.124783513905841e-16,1.024497729466194e-15,-3.630258651717842e-15,-9.911990772728938e-16,-1.5293683069194173e-15,7.403249580326283e-17,4.312314681596631e-15,3.537366288984126e-15,5.614119456349323e-16,6.797664533770467e-16,1.339987686681331e-15,-1.2204393964520475e-15,-3.915950405346154e-15,-2.5758018681739793e-15,-2.3768689481216284e-15,8.374460236139571e-16,-3.750265841250877e-15,3.1140646619109425e-15,3.551754520721627e-15,-2.3526957431818353e-16,-7.466674360305728e-16,-1.1266846460616927e-15,-7.93902052532464e-16,-3.610206924139014e-15,0.0868840298755205
27,-6.630002808226427e-16,-5.960084134965328e-15,3.3597949437626385e-15,-2.307134298303528e-16,-1.2567527513032734e-15,9.631162073851365e-15,1.904045629915898e-15,4.3920722767110536e-16,-1.365956040510654e-15,2.473678015337396e-15,5.653724643789391e-15,-1.0202332626151244e-15,4.9226336374136535e-15,3.3158375741283015e-15,-1.0959263957760803e-15,-5.69587323029788e-17,-9.878198218572987e-15,1.0970215092823908e-14,-4.153016965215034e-15,5.463627151164431e-15,-1.5661786957974082e-14,-1.4035177285390441e-14,-1.044575510693609e-14,-2.5541867687053893e-15,-4.87307966269892e-15,-1.7429798039261667e-14,1.6909868865034718e-14,1.0,1.4634426312739984e-15,1.6457895352538594e-14,-9.268531597567153e-15,7.356902877409285e-16,-2.1986807420772686e-14,-1.6996793926592533e-14,1.4339521484765565e-14,4.27733753729987e-16,5.801230839909292e-15,-2.5342877883201515e-15,3.154038926407945e-15,8.506145140963186e-15,-3.56746039041654e-15,-2.9159271183097422e-15,-5.0858297063180435e-16,3.0444680417775848e-15,-6.34199006129553e-16,-3.8519910269166925e-15,-8.518675118445435e-16,-9.342338654500333e-15,3.1376369013102794e-15,-1.593359365808775e-15,4.563754904148405e-15,7.0145790100833975e-15,4.514812618056266e-15,-3.6998540316426265e-15,2.5232652232702428e-15,1.600451296211224e-15,1.8443520181656516e-15,-2.1441942331943994e-15,3.0757084045105157e-15,-2.0889094724213134e-15,1.8656179920163447e-15,-9.849076614128893e-15,5.777195625720803e-15,6.783791681092e-15,4.738888417356428e-15,-9.001289020945845e-15,7.296922770524372e-17,1.855221479471886e-15,1.996067403179369e-15,1.1344318263742727e-15,1.7514415010413992e-15,6.049339293639987e-15,3.0687732477731042e-15,-2.901693471018411e-16,-3.269678089871901e-16,1.7973444483511037e-15,-2.5384580023559045e-15,-7.820781384818239e-15,-2.1593704790015357e-16,8.741288210425654e-17,-7.165084641890295e-16,2.6864157730281487e-16,7.857923535114904e-16,-2.4841214671502218e-15,-2.9687873674206717e-15,-1.227017196027768e-15,-1.5488219973061513e-15,3.866922757094305e-15,3.3208463839140373e-15,-2.6085406309345547e-15,-7.721299853396112e-16,2.0206499058166874e-15,6.307304665904119e-16,4.8851826127145335e-17,-4.786628485132276e-16,-1.7380895574715768e-15,-3.1011844447706427e-15,2.7241903093965243e-15,3.021794824936264e-16,6.693062649183039e-16,4.298531646049421e-15,-1.8952927324783137e-16,2.2044112655364542e-15,9.929685936148935e-16,6.801755130675139e-16,6.481273163114522e-16,9.131673842042008e-16,-3.876518793954696e-15,2.2679070080323475e-16,-2.55604699261696e-15,1.2365680278663816e-15,-3.6324345108346173e-16,4.213904717781773e-15,-0.036126120479199976
28,-6.5273292309943004e-15,-3.997449490422923e-15,-3.525548331421242e-15,8.770801635371061e-15,2.1039411149216296e-15,8.431488260965071e-16,-2.051924452586539e-16,3.0755152037912647e-15,8.495253448098442e-16,-2.1622656759717002e-15,3.40202444621753e-15,8.619800559279516e-15,-7.148628988313536e-15,7.244530050290288e-15,-9.30773969113644e-16,-1.2331280916851821e-14,-7.546468064954979e-15,1.3525377759899038e-14,-1.1040320160071973e-14,-3.1021130363330717e-15,1.3435126145553293e-14,-6.5953096490531274e-15,1.400329371516289e-15,2.624876602961561e-16,8.192410454540017e-15,5.601511555065768e-15,-4.5766470093237416e-14,1.4634426312739982e-15,1.0,-9.530767306569033e-15,-4.458474612922834e-15,-8.637745237562064e-16,6.39695336395005e-15,1.8281864877716743e-15,-5.130058491042141e-15,-3.815159794597139e-15,6.2329962842729455e-15,-1.1256479413652875e-15,4.626762115837876e-16,7.969628397227157e-15,-1.4512669940891756e-15,2.1137477488947868e-14,6.200191221876575e-16,-3.077909743596899e-15,-9.213683746085742e-16,4.819307817058029e-16,1.1078442001765365e-14,4.458760412463597e-15,3.6842848615938295e-15,1.4060754320590458e-14,4.160610034584853e-15,-1.2679347425976208e-15,-1.2771484439089414e-15,2.1779649984073615e-15,-9.357240749586665e-16,-5.513252504053768e-15,-8.410758465818638e-15,-1.5502433381680138e-15,4.5050771654122626e-15,-5.9287482841609325e-16,2.696501910137227e-17,7.98113172369509e-15,-2.0791805658780597e-15,-7.193803955057187e-15,6.23947005066873e-15,8.259645112398464e-15,-3.273937303323226e-15,-1.0825744361927259e-14,6.188893090947046e-16,2.028048513361652e-15,3.4074991130892925e-15,2.573298024524996e-15,3.6990363578807545e-15,1.9363406242423627e-15,-2.2196764125071124e-15,3.5226633584087738e-15,-9.77986610103756e-16,4.189955008302031e-15,-3.884803576647517e-15,6.588613168805173e-16,4.358261760728323e-15,1.6897849113609562e-15,-3.6215084932509486e-16,2.3030042390526524e-15,2.8589260862291837e-15,-4.5121957146608555e-15,2.8213023904820385e-15,-1.8578244574843153e-15,2.1232870614732182e-15,-1.390752852662013e-15,1.2579022266785366e-17,1.9229879475894743e-15,-2.902161898400242e-15,-4.941511832604761e-15,-1.7293575334134765e-15,-5.891684116680355e-16,9.753546069217676e-16,-2.5287900892627817e-15,1.7597671844648335e-15,-1.6506066523406357e-15,1.1138735872392492e-15,6.707448775042082e-15,-4.722746103628821e-15,-2.2684990320335507e-15,-1.0852596877843044e-15,-3.900521530030653e-15,-4.741041802845348e-15,-2.629310534370904e-15,-4.611295402255101e-15,-8.188187501485316e-16,-4.571004211053955e-15,-2.0499615425053627e-15,1.0270568738068737e-15,0.16427414679274682
29,7.340330251623601e-17,-9.97466811462572e-15,5.48629974811431e-16,8.157523705626415e-16,5.6867317325934186e-15,-1.9345092440136905e-15,-1.3778013838481717e-15,8.18163941869879e-16,-1.780375616072016e-15,8.759632024930575e-15,6.245057910931181e-15,-1.3730862582116269e-14,-1.1343862321916812e-15,4.073070630014436e-15,-1.5772461919720756e-15,-7.144143194691773e-15,5.2176117925324396e-15,-1.9516370321085957e-15,1.1119967408441623e-14,-3.222441937690897e-15,-8.293219126514266e-15,1.6484155629880627e-14,-1.1730284370078104e-14,-3.800833551194851e-15,6.875687426735029e-15,1.2773700610561535e-14,-7.18388322974396e-15,1.6457895352538594e-14,-9.530767306569033e-15,1.0,7.013934535033719e-15,8.435769311610907e-15,6.863591531857283e-15,3.772150230845364e-15,-8.984232538617829e-15,2.908875323379898e-15,-5.226594933396081e-15,7.927724708370676e-15,-1.7751204002246907e-15,-1.011349757474555e-14,-1.8589307153392483e-15,1.2409523075434521e-16,-2.5272177627617942e-15,6.890126184831625e-15,2.3343065408095654e-15,9.186451362954486e-15,2.2600728532476993e-15,9.817085230682096e-16,-3.810469552343736e-15,-5.648767224980034e-15,-2.5927197460457997e-15,-3.623630279380612e-15,1.0176320273183545e-14,1.7788354214399247e-16,-3.8381153036456775e-15,6.8213322188107704e-15,1.4112618456234664e-15,-1.155765607324491e-14,1.1897788941463432e-14,3.0874003684422466e-15,-4.799154997209841e-15,-7.455758016019413e-15,1.4034371003257986e-14,-1.2281232852780385e-15,-3.620758789979072e-15,-6.648319244188734e-17,-1.2323410814742274e-15,3.5287437472773846e-15,2.7648376543375685e-15,-6.446858029452503e-16,3.462484327269142e-16,-7.38159157569826e-15,-3.9610307513794356e-15,-6.383216016852691e-15,5.271487496714813e-15,3.9222081035393274e-16,2.274342020029898e-15,-3.885098013382645e-16,3.4077789608127983e-16,-1.249999818924484e-15,5.935419989577465e-15,1.1713125813722562e-14,4.934870404827835e-15,5.374340828865105e-15,-4.0329788960088e-16,-2.6181846462086077e-15,-4.1090732377398095e-17,-3.23920778901952e-15,4.802368743664769e-15,1.8833294404551024e-15,-2.6864008091447374e-16,1.9173169964746196e-15,4.0522302554438e-15,3.363666469981431e-16,-3.5263972918305343e-15,3.3085531880397358e-15,1.7825973943363572e-15,1.2943536778542559e-15,4.2868151052494234e-15,-2.3397341274482e-15,2.2011211814089296e-15,1.0302563870047986e-15,1.4999238756539825e-17,1.3691500662036605e-16,1.5261065947696381e-15,1.16513886750199e-15,-2.7525265794318955e-15,4.5912817708283935e-15,-2.0014253530772753e-15,7.02125844504609e-16,-2.7453740494224517e-16,-1.5020551661357127e-15,5.5229436383534965e-15,-0.06128360421988448
30,6.775826799542402e-16,-3.636870734512992e-15,7.230309063033019e-16,-4.842219233948915e-15,7.746884545546237e-15,-2.1864693266995562e-16,-3.17492826834091e-15,-4.4822379655620946e-15,-1.874741587036971e-15,-4.453126147919919e-15,-4.7390752763071e-15,2.2932325574765643e-16,-2.9686153758987553e-15,2.657329728544216e-15,4.909205975130794e-16,-3.5093653094352507e-15,-1.1303342823067028e-15,-3.486474134207012e-15,-5.865499929660504e-15,-2.4215464660674853e-15,4.124533402581231e-15,9.600309878419793e-16,-4.744522610812291e-15,-8.21113072128366e-16,-6.6778827989463996e-15,1.846193772136273e-14,-9.922740157410357e-15,-9.268531597567153e-15,-4.458474612922833e-15,7.013934535033719e-15,0.9999999999999998,2.9592809091007195e-15,5.6729866600339815e-15,1.4660709395752065e-14,-2.3568274470491366e-14,-8.358893689943843e-15,-6.667878669352088e-15,-5.196128929810327e-15,-3.1936286095501213e-15,-1.3915064951627673e-14,-1.9487704251614655e-15,9.457945192583695e-15,-9.859993893674736e-15,-1.425548104593606e-14,4.454479507150738e-15,2.7870605145759158e-15,-6.787352013954174e-16,-6.1563958286621546e-15,-2.3361938589934217e-15,2.29787214316912e-15,-4.405007914882425e-15,3.8003752718906516e-15,4.164843516623167e-15,1.107877502180319e-14,8.759650345180806e-16,9.181959692651309e-15,3.853154050401035e-15,2.8385915210486722e-15,7.45984714882257e-15,1.5116255727837001e-15,-1.901935421575731e-15,2.421504854599592e-15,-7.078554573496691e-15,-1.967592846612455e-15,-3.4962972373918812e-15,2.5069605600247417e-15,-9.104726446956655e-15,-6.119669380935957e-15,-4.4470998624300356e-15,-1.1367350786611939e-15,1.470968438372041e-15,-1.85315027134022e-15,4.7197312378140905e-15,-4.061233181602342e-15,-1.8587439185521842e-15,2.8030310619188157e-15,7.947292097303328e-15,7.527542569633171e-15,1.7271124211365929e-15,-3.302840782902375e-15,-4.0463049502197595e-15,6.836690520044664e-15,3.0626433108842403e-15,-4.743572930935405e-15,2.273383948263757e-15,1.1958661926937442e-15,-2.823191763356997e-16,1.0086430218641608e-15,7.251337500143309e-15,2.8574035148179384e-15,3.318507352531126e-15,2.6140292341140955e-15,-2.5446922273264348e-15,1.5179971008298306e-16,-1.5501105408508602e-15,3.4340743343085013e-15,-2.888774284116296e-15,-3.459834851992415e-15,1.6871861510708933e-15,-1.3744984746785733e-15,-2.031209121918591e-15,-1.1937634371808165e-15,-8.671306749026272e-16,2.1182356410783053e-15,4.1729945703247984e-15,-7.843290734754471e-15,-2.9096607154534936e-15,-6.060365031853812e-16,3.730126209373872e-15,6.939004235605412e-16,-2.3326220400313056e-15,1.1554474936057822e-15,-2.384736853568417e-16,0.19514560125012748
31,5.777740456524265e-15,4.984600995728444e-15,-4.228689388407519e-15,8.577391989696767e-15,-3.059738007108502e-15,-1.1600698931991282e-16,-5.0544923202600805e-15,-1.1462398575604765e-15,-3.8903639590465406e-15,9.595551263881655e-16,7.936288047785225e-15,-7.625628506862174e-15,4.759697245889282e-15,1.4477377812730128e-15,2.796791417102934e-15,1.3866231838099259e-15,-2.7521196141625515e-15,-8.338240451259235e-15,-4.21099747380952e-15,-2.8174060516476706e-15,-4.605526983941112e-15,4.309013285064612e-15,-7.282670984933374e-15,-2.132267206094026e-15,9.79841400725784e-15,-5.094929282359864e-15,1.2277007910647263e-14,7.3569028774092855e-16,-8.637745237562064e-16,8.435769311610907e-15,2.95928090910072e-15,1.0,2.6278708286519997e-15,1.3386724234514678e-14,-1.0171912922352655e-14,-1.872245719532588e-15,1.2129962408383697e-14,-3.920488481409552e-15,1.029092717397371e-14,-1.0625609348015696e-15,5.426977224685567e-15,9.227042891960653e-16,-4.590087136775376e-16,7.744091670627201e-16,-7.170675262337904e-15,5.2416513210850995e-15,3.747012788739639e-15,-1.7187550313902759e-15,4.0053015568806045e-15,-5.327207329491471e-15,-3.999302743026839e-15,6.946836373993865e-16,6.853263760309918e-15,-7.805535047385591e-15,-2.31836061197001e-15,1.1443243547268731e-14,4.5077316350413135e-15,-1.7554144814233033e-15,-1.2991967227633804e-15,9.656328548985832e-16,-7.47697554450678e-15,-7.890973150048264e-17,1.3915367347672397e-14,-1.5301941866035242e-16,-2.2312252851525753e-16,1.0030195251816316e-14,4.691945377227925e-15,9.279934347195429e-15,3.5382631504872635e-15,-3.0458480565685754e-16,2.865587233939391e-15,-5.1134067071714045e-15,-1.9458053378734207e-15,-6.682051360058282e-15,-1.2738366421917552e-15,-4.207275411729825e-15,7.250860918049161e-15,-4.5841954182537505e-15,-5.033864767423927e-15,-3.5332256154875885e-17,-1.4025106562632683e-15,-1.6331773981013375e-15,1.3104842184894917e-15,2.715340105827983e-16,1.6386486545034252e-15,1.5347874122868114e-15,4.4614313567966175e-15,-1.0589527533143408e-16,-2.2877806913811023e-15,5.633895224757394e-15,-2.947005612285388e-15,-1.405006854386856e-15,2.3570647644880056e-15,4.594065233197743e-15,2.8303227120015974e-15,3.9002016467046245e-15,-6.361818253250514e-15,2.8186277602545013e-15,1.2110927686939787e-15,-1.4485110282042898e-15,-3.064733142360514e-15,1.3374767267519457e-15,-3.336551743705332e-15,1.7544576818655862e-15,3.2349724063282924e-15,1.893885675329755e-15,1.598092181517333e-15,5.0776399171803155e-15,1.4719812890508028e-15,2.1022714387040494e-16,-1.9988582155971585e-15,-4.0451084932529815e-16,-4.170326915444154e-15,0.047870812417122675
32,-6.0680299963389045e-15,9.639830511356484e-15,-1.9676373701572553e-15,-1.8443495827989303e-15,9.12308393236537e-16,4.932762976195022e-16,-3.479603607692709e-15,1.7961392034733843e-15,-1.8576431059443507e-15,3.604022582330036e-15,2.8417239758856108e-15,-3.609264166653308e-15,2.1545375142224835e-15,-3.785444664140812e-15,-2.772476392575555e-15,1.470355552077185e-14,3.399312871594629e-15,-2.44555722791463e-15,3.4621385477627086e-15,-1.3565065395252943e-15,-2.2084103223093408e-16,2.3667372055968667e-15,-1.2572232383133674e-15,-3.978506767487835e-15,1.7169482203630432e-15,-7.280636236337138e-15,-1.3925624092403059e-15,-2.1986807420772686e-14,6.3969533639500515e-15,6.8635915318572836e-15,5.6729866600339815e-15,2.6278708286519997e-15,1.0,-5.195231455943371e-15,-4.890923099991638e-15,3.456363622006718e-15,8.49604361203982e-15,-3.02242435144249e-15,-7.628389071673992e-15,-8.142168575725439e-16,5.272505481383397e-15,7.842576879237311e-15,6.638643757483146e-15,-2.8325779441955012e-14,1.6006413190857302e-15,-3.700024902057791e-15,-1.622136803160969e-14,-7.054173502033678e-15,-2.4047752476068075e-15,-1.0364653960792682e-14,-2.897119529132978e-15,-1.3185668062230357e-14,6.659462559639562e-15,-4.9524964327048815e-15,4.038387724135814e-15,8.357310691224137e-15,5.5711528887643055e-15,1.3121347290765971e-15,3.8340226663637684e-16,9.08378170240718e-15,-2.673766970730883e-15,-5.198126892802403e-15,-4.353901641173821e-15,2.6175859991407975e-15,-7.159387789217404e-15,-7.501694659294537e-16,1.925232699220887e-15,-1.3446427292766282e-15,3.644217538911565e-15,-1.769594239452913e-15,7.025084231436196e-16,3.052547016284524e-15,-4.382836226365226e-15,6.014282614029703e-16,-7.748956441841165e-16,6.49007807221796e-16,2.2255564861134145e-15,2.4730655672815184e-15,5.073809710417159e-15,-6.586525179525359e-16,7.64042643734622e-15,2.572842394646385e-15,1.6764875033093644e-15,-1.9481293727418423e-15,-1.987852314124268e-15,1.4292242186858505e-16,-1.297412293389922e-15,-2.4850886483979574e-15,1.3456306233593324e-15,1.648821811021803e-15,4.242915828424558e-16,-1.7336714067726026e-15,3.33391670303763e-16,1.0844601711037375e-15,1.2981271349575283e-15,-5.407640616926996e-15,1.2637334765056407e-15,4.279869969992687e-15,-2.8121853520772017e-16,9.946357549606602e-16,1.5067270542428606e-15,-2.419912424421274e-15,1.890381104727607e-15,3.48155989121609e-15,4.566169259740258e-15,5.063031332317906e-15,2.4164880947813328e-15,-3.6319878818927736e-15,-1.6068822217840302e-15,-2.3492233534579916e-15,1.1041273945678783e-15,9.709279891929808e-16,-1.1787373052110017e-15,0.009781748686714635
33,4.177773512052191e-15,-2.7659790813279686e-15,3.4190456101015175e-15,-5.000429187261202e-15,3.9600090927362204e-15,-4.591757567133677e-15,2.468704366843527e-15,-3.1491765246488455e-15,2.319853016980783e-16,6.9683228381305455e-15,-1.4286459136896015e-15,7.354336035778416e-15,-7.14001168630944e-15,-3.5569509854497156e-15,4.646585971119523e-15,1.4023457281162158e-14,6.6568251380201254e-15,9.891731832935566e-15,-2.9422402197553267e-15,9.948985156115348e-15,-6.543681252880767e-15,-1.660422030225652e-14,2.9248951426607954e-15,5.138272215758916e-15,3.3243838169399627e-15,-1.2446128107120842e-14,7.894541628137936e-15,-1.6996793926592533e-14,1.8281864877716743e-15,3.772150230845365e-15,1.4660709395752062e-14,1.3386724234514678e-14,-5.195231455943371e-15,1.0,1.9484337829761994e-14,1.2250366459980851e-14,1.565175143905242e-14,1.138774159740695e-15,-8.86653988906077e-15,1.4964446360410783e-14,-5.2278284292008625e-15,-2.3507055850838544e-14,-5.780128321590411e-16,-5.961941468236868e-15,-1.8773785347653032e-14,-1.4054460362153744e-14,-9.773319601950898e-15,-1.079088093123612e-14,-3.0863708037698337e-15,-1.7209160447164214e-15,5.545986454654555e-15,-7.404592296048522e-15,6.545793612672892e-16,-7.379819905705836e-15,4.875520307564016e-15,3.478288286894433e-15,-2.155593074145581e-15,-9.100837673615278e-15,6.478686876586339e-16,3.3988759565051013e-15,6.766267859941328e-15,-1.3249563846875117e-14,-6.144597287702438e-15,-2.9649142133852865e-15,4.2511789143645504e-15,-4.459661471982373e-15,3.0433142009122046e-15,-7.0765114619945725e-15,-2.341716619397356e-15,-1.0434280060392866e-15,3.2036889654880718e-15,5.965181112805588e-16,-3.9674614958926344e-16,-3.0385386297846876e-15,-1.1347222472790553e-15,-3.126755307453369e-15,-4.511436015169353e-15,-3.0987163554240154e-15,6.138964254156478e-15,2.8955805771625295e-15,1.3064093937934937e-14,-4.555744429263281e-15,-1.6846241020723837e-15,5.24485013619617e-15,3.670335062403765e-15,-1.3315900645882517e-16,-6.280588938279798e-16,-1.593734641426534e-15,1.855130173032796e-16,-2.3463399823549602e-15,1.9279138373712653e-15,-5.2338313013773255e-17,2.3206005954206886e-16,-2.1446161841305877e-15,-2.2169736477453696e-15,-4.711135216408808e-15,5.6840966473599894e-15,-2.570176238129357e-15,-4.000565378691483e-15,5.425107839435605e-15,5.686229152407537e-16,-3.638714770115356e-15,4.9386782261411e-15,1.890427265616305e-15,5.585816650912557e-16,4.013920250557608e-15,3.795622893373042e-15,-7.398502221449505e-15,-2.0066813463426498e-15,6.015140898189866e-16,3.589503739322152e-15,7.6065615817633465e-16,2.378166548098971e-15,-0.2781088008911984
34,-1.2385249986788847e-15,-8.086849345761966e-15,2.1252635347152598e-15,3.2398010504521294e-15,-3.2217994932770817e-15,2.3429693940933077e-15,-2.578058736748621e-15,3.9022513601028166e-15,-2.3820504851221544e-15,-8.16255369384758e-15,5.322853328230639e-15,1.3143170977620134e-15,-7.729741650226935e-15,-6.639427870378192e-15,-5.280588301174549e-15,-1.283216213899492e-14,3.80249235510443e-15,-9.857758366542474e-15,2.2125347679319996e-15,8.955675852310468e-16,-2.132050452818407e-15,1.1086274059116959e-14,-1.4549334291259908e-15,-2.195252584897718e-15,8.593661571316819e-16,1.1083012234405922e-15,1.6646072079003925e-14,1.4339521484765562e-14,-5.130058491042141e-15,-8.984232538617829e-15,-2.3568274470491366e-14,-1.0171912922352655e-14,-4.890923099991637e-15,1.9484337829761994e-14,1.0,-5.946644360750752e-15,-1.4903438211708666e-14,-4.889785371025572e-15,1.2775920043683263e-15,-2.1397160406191302e-17,6.855850523256498e-15,1.3251532043885737e-14,-2.069603958979238e-15,-7.669218623862784e-15,1.2221878566611074e-14,1.2446683510738603e-14,3.77962453214326e-15,1.8193695092877544e-15,-7.495589223316266e-15,6.387786721763027e-15,3.737714435617797e-15,-4.2428657049517106e-16,-6.7842509661612e-16,8.831474253638225e-15,4.390761036096682e-16,-2.2314451840506854e-16,2.8920169879276353e-15,9.379248015178701e-15,-5.560524470280825e-15,-1.2720504746535735e-14,-4.1846590118391675e-15,5.883027700634171e-15,2.4482087243536967e-15,4.308952223279435e-15,-1.4453611764927288e-15,-4.039643190351893e-15,4.785795937018067e-15,3.1023938115007972e-15,-5.277289755365567e-15,1.6874913920967302e-15,-2.0180177207581257e-15,2.664055338524547e-15,3.3672878807203556e-16,-4.6169019981970105e-15,-6.249415680484075e-16,-1.385371828424685e-15,6.677216237070949e-15,-3.675354588098781e-16,-2.8324030142749925e-15,-2.0867647618081808e-15,-7.792395677945757e-15,5.229388800032757e-15,-1.0148891862313416e-15,-9.312720487793893e-16,3.62598130184644e-15,2.923366122282074e-18,-2.36902539210422e-15,-7.171635164663553e-16,3.1610765496677605e-15,-4.978725511038546e-16,1.5132653851075037e-15,6.562365331634752e-15,-1.0308655647550652e-16,-5.250176640847962e-15,-1.7190127984039836e-16,4.71293489208031e-16,-4.611063137696846e-15,1.6622277983383738e-15,3.0067317042338898e-15,-8.238104849818877e-16,-1.380548490266383e-16,4.5414750850034164e-15,-2.139373565617775e-15,-3.2378907269297475e-15,2.3856672327484404e-15,-6.869267376795958e-15,-1.7638136450075402e-15,1.2418424096634045e-15,2.74796238079962e-15,-2.1747960984481608e-16,-5.380114086431573e-15,-3.2336305088701866e-16,-2.960699997972261e-16,0.008843016096473848
35,1.2977048311090911e-14,-1.5327767424366466e-14,-2.9152014782561005e-15,9.812019888670227e-16,1.3797626488815572e-15,1.6848646625744707e-15,-1.2749800748246116e-15,-4.149715913516275e-15,-6.511317503675274e-16,-5.078223586518366e-15,3.247053709079671e-15,-1.7140133393028114e-15,4.3423828760127317e-16,6.760030505424363e-15,-1.0580478006870918e-15,5.848348239552142e-15,1.4857167503235969e-15,-8.395114554013519e-15,1.2716658627966188e-14,-1.9597737040242288e-15,4.480912886971935e-15,4.357469059935199e-15,-7.747751001759911e-16,-1.802285527769433e-15,6.630835287573211e-15,1.2010416986524715e-15,-5.1762924806465306e-15,4.27733753729987e-16,-3.815159794597139e-15,2.908875323379898e-15,-8.358893689943843e-15,-1.872245719532588e-15,3.4563636220067175e-15,1.2250366459980851e-14,-5.946644360750752e-15,0.9999999999999998,4.492129882366793e-16,-3.48893434869914e-15,2.2359532768968513e-15,-1.6860729270652004e-15,1.096890821634471e-14,4.2907649408324244e-15,-9.119631699585962e-15,3.3665912906775194e-15,5.771704245418266e-15,-5.856938805953956e-15,6.13936281990187e-15,5.8983135014983004e-15,-8.66520493982961e-15,4.865399890500945e-15,-1.2170318892670283e-15,5.286834887794688e-15,1.959444772888031e-15,5.134413102894201e-15,-1.1669018912624352e-14,-5.297635380819074e-15,-4.5302214319366506e-15,-1.0316007085053956e-15,1.8011910144958735e-15,-1.4439689175467908e-15,-6.486646869845144e-15,5.704313433333373e-15,-3.186744930719078e-15,-1.6180326391507138e-15,4.095282869249937e-15,-2.719881240463063e-15,1.4556416620608658e-15,-2.7641828317224297e-18,6.320951930017215e-16,4.666870271915702e-15,-5.499565503970947e-15,5.332087278917237e-16,5.036589843775136e-15,-4.825429476942785e-15,2.979377417238551e-16,1.3469905715854394e-17,6.251878988399031e-16,6.845000364318031e-15,-2.9387055031364968e-15,5.108114503842317e-15,7.959178145592845e-16,-2.383459591848106e-15,-2.5465613689485418e-15,2.152958399774811e-15,1.1561301255623563e-15,-2.56508754068203e-15,-1.2964939298560636e-15,6.54368801437189e-17,-1.943681879942177e-15,-4.53447664733911e-15,-1.1822305571617845e-15,-1.0048718428458304e-16,-2.857781274377795e-15,-3.9960516191789934e-15,-2.856303687460939e-15,3.658183499150013e-15,-2.594930540545999e-15,1.7185870266823602e-15,1.199783679179487e-15,1.198680791903124e-15,-6.171284680026876e-15,-3.641933733990372e-15,3.474654611752094e-16,4.26000054805887e-15,-1.1351646999314415e-15,-2.1057195335717803e-15,-9.632412761130047e-16,5.862007522321988e-16,2.5789768319045034e-16,2.5794773737779294e-15,-3.1189390331583564e-15,4.323465919431578e-15,-3.9183181527905586e-16,0.09043693593355256
36,-3.3081277156760487e-15,-4.444868377235175e-15,-2.282089173048089e-15,5.210171444654961e-15,6.953819240876131e-16,3.313851238831384e-15,4.7495366343305325e-15,4.29632323336592e-15,-4.283721845123769e-16,1.121496812721508e-15,-1.3373089155804656e-15,3.5379096243305367e-15,-5.466125400802227e-16,1.5690405000862845e-15,1.4027816095383856e-15,-4.208390478078297e-15,1.901530282269208e-15,-1.068967500127948e-15,-1.148484999469029e-14,3.7289403105918304e-15,5.64291893550435e-15,3.7987831065436036e-15,5.5274160996555e-15,1.2632871898326427e-15,8.504181868757865e-16,-3.724744030320434e-15,8.348339213788592e-15,5.801230839909292e-15,6.2329962842729455e-15,-5.226594933396081e-15,-6.667878669352088e-15,1.2129962408383697e-14,8.49604361203982e-15,1.565175143905242e-14,-1.4903438211708666e-14,4.492129882366793e-16,1.0,-1.4009226090231739e-15,-4.628500278009165e-15,-1.438056541927937e-14,2.0596287186390362e-14,9.489046900993153e-15,-4.9009660240263196e-15,7.028508075385307e-15,-5.882713474789205e-15,5.816293923594807e-15,1.3469138054759183e-15,6.579841559852842e-16,1.3950962474319645e-14,4.68483315778569e-15,-6.465800796359428e-15,2.3042206410328478e-15,3.8516982916371106e-15,-2.8817949975203464e-15,-7.779114744124835e-15,1.1808146514154446e-14,-7.991580368859001e-15,-7.424860310058775e-16,-8.480011637535106e-16,2.943931991329231e-15,-6.662255349886463e-15,2.0071397670556182e-15,8.839487498040663e-15,4.098290431878293e-15,-2.136807997523866e-15,-3.5990158665062855e-15,3.7057771405966125e-16,1.1230623110847787e-14,-4.140368286946341e-15,-3.7039752360318e-15,1.0933965520416585e-14,-4.2705500279862605e-15,-7.264146549369189e-16,-8.926348458624795e-15,1.677223680755818e-15,-1.0203686053118646e-15,2.0140383768544382e-15,-2.0516845657388095e-15,-2.5529634301979123e-15,-1.5130258273309714e-15,1.5602576486252697e-15,8.040234707363187e-15,2.0919904260816506e-16,7.29777635360413e-16,-8.196698274027768e-16,-5.1104597043504794e-15,-5.744112668860108e-16,3.4814022184626502e-15,6.0315588621766115e-15,-2.534523776446051e-15,-6.9717182239448835e-15,1.4471001431547934e-15,-4.183825567608308e-15,1.7225110627933248e-15,-3.7969059447899593e-16,1.5384813517618028e-15,4.648656880197768e-15,-3.0001971667944683e-15,1.8112593824533668e-15,-9.650842329975664e-16,-2.458824877522324e-15,8.90187310519483e-16,3.9668476522330586e-16,-4.07762833873178e-15,2.9642584159231325e-16,-2.3241951081477584e-15,2.6309680844647837e-15,9.336200454488321e-15,-2.8138917876268553e-15,6.18133653355511e-16,-5.57322884829169e-15,1.943753883853262e-15,-4.1132141348074884e-16,0.0695376021260636
37,1.0101044551230008e-14,-6.861820697277079e-15,5.45865602365579e-15,1.4954912812250676e-15,3.9997181995215485e-15,-5.82225727471399e-15,-1.1719011310044796e-15,-1.007816572565165e-17,-4.0833065718305315e-15,-1.5342050378073203e-15,8.259386293536039e-16,-1.3026253281141643e-16,5.678352412699817e-15,6.928669971227258e-15,-4.723360478563821e-15,-2.7532312144529417e-15,4.081815886393887e-15,-2.92224223218251e-15,2.975626213379299e-15,-9.157877204204781e-15,3.6074849265230205e-15,-1.7384355856332574e-16,-3.887328492689478e-15,7.222978950964594e-15,-3.269023935317694e-16,1.7572499621966674e-14,1.714547939575104e-14,-2.5342877883201515e-15,-1.1256479413652873e-15,7.927724708370676e-15,-5.196128929810327e-15,-3.920488481409552e-15,-3.0224243514424897e-15,1.138774159740695e-15,-4.889785371025572e-15,-3.48893434869914e-15,-1.4009226090231739e-15,1.0,1.9268141657178425e-16,1.3858841843712262e-14,-8.143334657152816e-15,1.7044693701417636e-14,-9.492953251172788e-15,-1.31499284836179e-14,9.787706198906793e-15,6.62843852028198e-15,5.444792258862755e-15,2.1538585480189183e-15,-1.5025396433270933e-15,-9.399327028926688e-15,3.94601099353082e-15,3.7328807662456486e-16,-3.63534203655539e-15,-1.8781061785391297e-15,-6.687696895908183e-15,-1.5051658981977785e-16,3.394654583009053e-17,3.966894455031243e-15,1.2070760680763483e-15,-1.4031125324395845e-15,-6.248577406178352e-15,1.3251880998728089e-15,-7.228718572727244e-15,-7.920068508820364e-16,6.53269520277631e-16,-4.557529498283447e-15,-2.8642296948124807e-15,1.4169881168116494e-15,-3.3992252501682714e-16,-1.1364736296101176e-15,2.1907282723126828e-16,-2.604503599215848e-16,1.5321374303760127e-15,-9.17014969780685e-16,5.315445315599396e-15,-6.752714030939893e-17,4.901801994850786e-16,-8.500744653808514e-16,-2.7208377665873476e-17,4.274887855092922e-15,-1.631024323691405e-15,4.94803755205419e-15,3.791041277182122e-15,-8.389903752819595e-17,-2.964906961773828e-15,-2.1142336635259666e-15,-4.961025893317147e-16,-1.3247560120699515e-15,-2.7613640022513724e-15,2.732702319041398e-15,1.9141797438058357e-15,5.332300740602408e-16,-1.6199304990615734e-18,-9.32542746882837e-16,2.5098547062485127e-15,2.117817359468427e-16,3.169041652777949e-15,1.3557975507002873e-15,2.2516532088712284e-15,-7.441787600016046e-16,-2.873042421178328e-16,7.328921512314092e-16,-1.7997429403714506e-16,-2.1456412562567742e-15,1.7807874794224863e-15,1.5348778133738854e-16,1.1375862491316157e-15,5.713230015881536e-15,4.830644200222523e-16,-2.379711225532395e-16,7.085588536114702e-16,-2.9538936522938897e-15,3.546373848246103e-15,0.17675523344474714
38,-8.991973426897338e-15,7.139903278162786e-15,2.1383401115960296e-15,7.252476956817642e-15,-2.4896375045113295e-15,2.551408667783915e-15,4.3029440966249246e-15,8.425049120914927e-15,-4.290648832407183e-15,-4.994327746444387e-15,1.9630435565432835e-15,-1.147713575321541e-15,7.819348011649842e-15,8.430953328208338e-16,-2.981975054765619e-15,2.2125768759423866e-15,4.093965753564438e-15,-5.364577793834315e-15,4.2714469275195075e-15,8.360842969537658e-15,7.289222501966457e-16,1.814512261826765e-15,-4.0945495334800294e-15,-1.8293908761329105e-15,-1.5626597470444615e-14,-1.123390819260848e-14,4.689515936378682e-15,3.1540389264079452e-15,4.626762115837876e-16,-1.775120400224691e-15,-3.1936286095501213e-15,1.029092717397371e-14,-7.628389071673992e-15,-8.866539889060769e-15,1.2775920043683265e-15,2.235953276896851e-15,-4.628500278009165e-15,1.9268141657178425e-16,1.0,1.6412552224021844e-14,6.636377687798196e-15,-1.237735326823728e-15,1.459224681108027e-14,-8.433039406661214e-16,-1.241444280354264e-14,-1.2512502729271677e-15,-8.0481786200983e-15,7.116732136522585e-15,9.621228220618248e-15,7.44686255910326e-15,1.694654634398753e-15,-6.514799376391073e-15,3.2999108670734805e-15,-4.074179558875592e-15,2.7026018522306062e-15,-1.3141029296544462e-14,-1.0707197358531451e-14,-7.921262733139423e-15,-5.174943611111503e-15,3.2923242956854525e-15,4.132760818630475e-15,-1.9734857220207942e-15,5.918657365884035e-15,-4.97954813383066e-16,2.8436603724185983e-15,9.426735262787502e-16,4.315367087773145e-17,-2.407302541195717e-15,-8.137531410954815e-16,-3.0062001739337935e-15,4.993293346894154e-15,3.0184211020179303e-15,1.0175212468486517e-15,8.0270967344477e-16,5.188454439027246e-16,-5.373447785140471e-15,-5.027605883890548e-16,-2.0434476222850123e-15,6.254515227586095e-16,1.9111201810559074e-15,-1.0460793234462737e-15,3.608943417867879e-15,-2.2893145329565794e-15,-4.137833276190918e-15,1.7304866010212614e-15,-4.754639927908909e-15,1.1452606956461478e-15,-2.861875505390543e-15,1.2751594772728016e-15,-5.308917754514264e-16,-5.6222641275971e-16,3.5195247774570883e-15,2.5680856586840324e-15,3.4866853132139612e-15,5.2469218861239865e-15,9.87755296944307e-16,6.611112553044267e-16,3.6761341618320148e-16,-1.5072720228394058e-15,-1.3469550135449494e-15,-1.7560247288951108e-15,-4.797718499113446e-15,1.5612743699047465e-15,-8.686075338830029e-17,2.91396074110421e-15,4.82943608939819e-16,3.39233340595038e-16,1.0336376811257534e-15,-7.936415049829572e-16,1.1718243801775607e-15,-2.0630458663194916e-15,2.9212685286352238e-15,-8.530886999066196e-16,-0.032873621534820104
39,-9.542320275115613e-15,8.541764323451828e-15,4.473353298811086e-15,2.546003509715752e-15,-8.489045121387523e-15,3.4730323597379147e-15,-3.561886140407833e-15,2.615259012287195e-15,-2.506563718617244e-15,-2.8209111528589504e-15,3.069742486192161e-15,-5.168765650488715e-15,-4.260837442841795e-15,-6.461392363941623e-15,-3.8059114012035115e-15,-1.083714314871553e-14,-5.582491083853709e-15,3.676722298844807e-15,-6.264865208090374e-15,-1.3418105781609936e-14,6.409663139241588e-15,8.10605865498813e-15,-4.015985276396271e-15,1.6723260211673595e-15,-6.7452129556016785e-15,8.829374693451843e-15,3.873505466550926e-15,8.506145140963186e-15,7.969628397227156e-15,-1.011349757474555e-14,-1.3915064951627675e-14,-1.0625609348015696e-15,-8.142168575725438e-16,1.4964446360410786e-14,-2.1397160406191302e-17,-1.6860729270652006e-15,-1.4380565419279366e-14,1.3858841843712262e-14,1.6412552224021844e-14,1.0,1.2451126159718313e-14,-1.3370221024588377e-14,1.2353919017607507e-14,-2.2178234327421612e-14,-6.980940704083622e-16,6.899453696828303e-15,-5.85244007594882e-15,1.7852286820093864e-15,-8.871942505781185e-16,1.1671437247660274e-14,1.7615689554401367e-14,8.760157556909239e-15,-9.895085618697264e-16,3.471172183569141e-16,5.5745378193688344e-15,2.5110166811720953e-16,1.634674257476817e-15,-9.398575992550417e-16,-4.233099030736545e-15,-5.391112168871342e-15,-5.884736316876336e-15,1.4260420827467504e-15,1.0491218905323236e-15,1.6077360780495435e-15,-1.7474755053642877e-15,-5.2481952583671e-15,3.9724639910018783e-16,6.844647048267942e-15,-5.544474758879358e-15,3.59204386777216e-15,-3.927475177617503e-15,1.704351617088133e-16,5.3172429918044505e-15,-1.2821665129251576e-16,5.587475389892762e-15,-7.076695674544277e-15,5.652011330246154e-15,-3.882996115590727e-15,6.444563793391314e-16,-1.9472054882809754e-15,-3.2738179697963875e-15,2.95365232115976e-15,3.4667826155497104e-15,2.616313365854551e-15,-3.623958862505741e-15,-2.7263988869194963e-15,3.9655463812139755e-15,2.6297608463285615e-15,-6.266724536874663e-16,6.22923778499823e-16,-3.713192971210094e-16,-2.8007409797765568e-15,-2.8255746979758733e-16,-1.6739394417245437e-15,1.763381565294088e-15,2.293099952635114e-16,1.604003762922477e-15,-1.5878772041733763e-15,-8.300773325766088e-16,-4.17542807689179e-16,-5.949858515180402e-15,-4.014817417406856e-15,-2.691882065864062e-15,-4.608377926029828e-15,4.2831812749698474e-15,-1.0834544417049496e-15,-5.055273975881269e-16,-1.0876965930106501e-15,-1.8616644590614712e-15,-7.877643184509023e-16,-4.41289580613344e-15,1.7343949076365625e-15,-2.3399440063797824e-15,0.23299155315394812
40,2.179883284230348e-15,1.2099429031332914e-15,2.1017747433286954e-15,-6.343491246021557e-15,-1.4695578707701437e-15,5.235340395528286e-15,2.710117151792683e-15,-4.506731642899047e-16,-1.398799366342325e-15,-2.181633421169794e-15,-9.4352745636328e-16,-1.0097736113005793e-14,-7.842879375020773e-15,-2.06005871443181e-16,6.182025407349425e-16,-6.403784635246828e-15,1.3127753243972378e-15,4.4239491748827325e-15,1.000102755412231e-15,9.754752228077482e-15,-1.194698505241188e-15,-3.0105999994367368e-15,1.1332155101645685e-15,-3.272117186679187e-15,1.4231013924155035e-14,-8.031632138036523e-15,-5.226498504499468e-15,-3.5674603904165396e-15,-1.4512669940891756e-15,-1.858930715339248e-15,-1.948770425161465e-15,5.426977224685567e-15,5.272505481383396e-15,-5.2278284292008625e-15,6.855850523256498e-15,1.096890821634471e-14,2.0596287186390362e-14,-8.143334657152816e-15,6.6363776877981965e-15,1.2451126159718313e-14,0.9999999999999998,-5.587294838527473e-15,3.872587926964306e-15,5.357266898061965e-15,8.040581067225418e-15,2.285321667571395e-15,-1.3754706653988777e-14,8.184938193630742e-15,4.777030885223904e-15,6.9245033747915465e-15,7.18026563243541e-15,2.856095321014684e-15,4.610895634313817e-15,1.1435163824220617e-15,-1.8661350585544227e-16,-7.414638248850929e-15,-1.2743771441022267e-15,-8.889890606132157e-16,-1.185730302315984e-16,-4.347914672536359e-15,4.668468203392549e-15,-6.107645015493784e-15,-5.641140498651833e-15,4.579434616737664e-16,-3.2229284504260783e-15,-4.072222305916951e-16,5.274088363345307e-15,5.77019697017281e-16,-3.694891069857172e-15,-2.067631104395829e-15,-5.4069102741008785e-15,2.0056636684108504e-15,5.203684541952578e-15,-1.334969615117539e-15,-5.9072638734047684e-15,4.283086532270423e-15,-3.2153292777752528e-15,4.771667750821807e-15,5.395501897392349e-15,1.7994250093448438e-15,5.65743527938291e-15,-1.6444956001952038e-15,-1.3808888436078373e-15,-1.6951599865304384e-15,-1.697186681951215e-15,2.075189465142687e-15,3.542580103788917e-15,-2.3260869208064804e-16,-4.66162856049288e-15,-4.968967659964509e-16,-3.2384412805001275e-15,-4.755495812554784e-15,3.8553106677174316e-15,-2.824919844558317e-16,-4.235185154473949e-15,-1.44957163644029e-15,1.0844924699513458e-15,1.9802815769605473e-15,-3.5444935989869043e-16,4.248959430353357e-15,1.7802652375912867e-15,-9.968749139008334e-16,5.340172662575462e-15,2.380103705227896e-16,1.6780639793553296e-15,2.612293820740659e-15,-3.2663376456794157e-15,-5.11112453013733e-15,2.3633097289757842e-15,3.719713956169693e-15,4.318211407230804e-16,-3.1995377412049007e-16,9.233960265715006e-16,-0.1127487707263353
41,-2.961852692449421e-15,7.015112611357957e-16,8.075841220642298e-15,-6.3760501434601206e-15,2.5432672793033204e-15,2.9613852083110877e-15,-1.3536482017759578e-15,-6.566714329409956e-16,-1.8098595340650187e-15,1.837415635584141e-15,-4.515076007310659e-15,-2.584255516283905e-15,7.418731169676235e-16,1.7593395763447863e-16,1.6006170399167473e-15,2.729880592427003e-15,8.08640348918502e-16,-1.9830924559318557e-15,2.3553037605437624e-16,1.3189554732744258e-14,-1.93734129051672e-15,-1.1509136248549385e-14,9.439073788552737e-15,1.590169922835275e-15,-3.107331122575571e-16,1.2435772591874126e-14,-6.859954608993675e-15,-2.915927118309742e-15,2.1137477488947868e-14,1.2409523075434521e-16,9.457945192583695e-15,9.227042891960653e-16,7.84257687923731e-15,-2.3507055850838544e-14,1.3251532043885735e-14,4.2907649408324244e-15,9.489046900993151e-15,1.7044693701417633e-14,-1.237735326823728e-15,-1.3370221024588377e-14,-5.587294838527473e-15,1.0,-9.03639855926861e-18,-6.125635477913743e-16,-6.394209498239312e-15,3.5029891888858183e-15,-2.7249578264647404e-14,-1.2830588867077297e-14,1.0572697495828574e-14,-6.658417373441548e-15,-2.9658566923901896e-15,1.982698200465531e-15,-4.762968619919907e-15,-1.5733359876851515e-14,1.761256508506917e-14,-4.5521941646193505e-15,5.246492005879705e-15,1.654005545003694e-14,-1.6937727212956305e-15,-7.470837820036107e-15,1.3538839952587682e-14,-1.2459262784855557e-14,1.5957960586688812e-14,1.959736692181218e-15,3.950048235424322e-15,-7.743574124047976e-15,-2.106356055496535e-15,-2.2939112735159736e-15,-1.529141610087932e-15,-3.282699376514488e-15,1.0677627784950395e-15,1.3154089217913099e-15,4.172461402318768e-15,-3.041621516765478e-15,6.367751655012434e-15,1.6183268024694752e-15,-5.371628292172231e-15,-6.9644733402632456e-15,1.2881128604916736e-16,5.122183696562697e-16,-1.4121549161145536e-15,-6.3788298843579315e-15,3.083440380488046e-15,5.924891020560077e-16,-5.838150389048783e-17,2.134857357357265e-15,4.5604001619050286e-15,-3.5317165070356007e-15,2.072623681777021e-15,5.3608351275843926e-15,1.191915244303218e-16,4.9223862037865945e-15,1.7052075085094264e-15,-6.826640557212854e-16,-1.0518498373108061e-16,-1.0428460506493202e-15,9.123404366398179e-18,4.19124119748572e-15,-4.181105304227822e-15,2.286782457117038e-15,1.1130530061207529e-15,9.820534284126728e-16,2.0150147854972075e-15,3.557935974162519e-15,-1.986882391167839e-15,3.0029749781324864e-15,4.8321231638819355e-17,-1.566876957292679e-15,-2.403361240244116e-15,-9.794175058957597e-16,1.6081919950620455e-15,-7.286197615260582e-16,1.6320304146646664e-15,-0.05378632395653156
42,4.633787583976921e-15,-1.0487065591541339e-14,-4.700292964379685e-15,1.5826624995368003e-15,2.6127284096377744e-15,2.187130131695582e-15,5.693299985170908e-16,-1.824280728492617e-15,-6.570715165001206e-16,-1.3583021024683301e-14,-1.2309975566678903e-15,-3.332282941937432e-15,4.654334614155453e-15,2.357329708224094e-15,4.786949551054805e-15,-4.176835015762992e-16,7.229432454876365e-15,-8.78875205601211e-15,1.142371987537089e-15,2.748246159559994e-15,1.6983879175769435e-15,1.3791906309176507e-15,-3.731129607763572e-15,3.238368682903395e-15,2.7782963378018893e-15,4.417875103087528e-15,6.8427267684341865e-15,-5.0858297063180435e-16,6.200191221876575e-16,-2.5272177627617942e-15,-9.859993893674736e-15,-4.590087136775376e-16,6.638643757483146e-15,-5.780128321590411e-16,-2.069603958979238e-15,-9.119631699585962e-15,-4.9009660240263196e-15,-9.492953251172788e-15,1.459224681108027e-14,1.2353919017607505e-14,3.872587926964306e-15,-9.036398559268612e-18,1.0,-1.6853171781510403e-14,-1.5325689084934934e-15,4.3432500346412976e-15,-2.6940293545281443e-15,9.95365666653285e-15,1.2088082921463208e-15,-2.3850107950993696e-15,1.6963319902035673e-15,1.2329384249213361e-15,-6.004836980177548e-15,-1.0903746637400032e-14,-2.781969875390058e-15,-4.205448486568191e-15,4.409025013838421e-17,1.3540236223363187e-15,7.96877032389312e-15,3.392564913804619e-16,-1.1386516349953083e-14,-3.03192833389455e-15,-6.133453672565725e-17,2.5685754815370616e-15,-7.220526142019304e-15,5.610468613568173e-15,2.395624229640782e-16,-1.4293519702492916e-15,3.572465919801552e-15,1.693225794245644e-15,6.09663376696183e-15,1.967786279084832e-15,5.295516672161672e-16,-3.895900486503496e-15,-2.744205884016381e-15,-4.536637046203756e-15,-2.2288618860174055e-15,5.892406376508579e-15,1.8244123500862662e-15,-1.1689553763587469e-16,5.640644219672499e-15,1.2448333220641356e-15,-1.3638426005780229e-15,-8.136222571311555e-16,5.184050336540406e-15,9.773743205028288e-16,-5.374300972912424e-15,3.239011865154649e-18,-8.519733080498193e-16,2.6801363282133895e-15,3.5093387477778906e-15,9.089801566101598e-16,4.660714001111462e-15,-2.5822673539001415e-15,8.966802331025625e-17,-6.76317763224875e-16,-3.2811156343856145e-16,-2.9602597612573016e-15,-3.841228839598551e-15,7.482279277016249e-17,5.7549624249069376e-15,2.8883117869517222e-15,-3.787953388880449e-15,1.7250881026005097e-15,-3.9007413591792866e-15,-5.865567095058099e-15,-5.240168167216959e-16,4.751547294142077e-16,-1.5704812912523323e-15,2.4096668860510287e-15,4.874416058040194e-16,3.957263531182383e-15,-5.922672255292895e-16,-0.06552017482280904
43,2.5928819954109276e-15,5.760371847378473e-16,5.878258537077389e-16,9.544384426541003e-16,5.300071534798772e-15,-1.404068165560692e-15,-3.384153007874206e-15,-2.9355935384327304e-15,5.5342907372682205e-15,-9.726971668731361e-16,4.522384486899535e-16,-1.0593215210274082e-14,-3.963645218745466e-15,7.546796914140798e-16,-1.8404018720347205e-15,8.228421707332666e-15,2.999224693106927e-15,-4.470079675892821e-15,5.7434267486438165e-15,-1.2413093966172238e-15,-6.004875492116882e-15,1.2082872142292163e-15,7.560301916330477e-15,-7.35806083244286e-16,-3.462225843369645e-15,6.937222887552232e-16,-7.870256262409822e-15,3.044468041777585e-15,-3.0779097435968993e-15,6.890126184831624e-15,-1.4255481045936062e-14,7.744091670627201e-16,-2.8325779441955012e-14,-5.961941468236867e-15,-7.669218623862783e-15,3.36659129067752e-15,7.028508075385306e-15,-1.31499284836179e-14,-8.433039406661213e-16,-2.2178234327421615e-14,5.3572668980619645e-15,-6.125635477913742e-16,-1.68531717815104e-14,1.0,5.39056305712462e-15,-2.5487231306904418e-15,-5.397481202636469e-16,3.046573970053623e-14,9.233350310670945e-15,1.1550564330258591e-14,-5.779284428746779e-15,4.46990734288296e-16,-8.010141363033151e-15,-9.511007973741362e-15,-1.2743200266871186e-14,-1.4988942945758977e-14,-2.700595757665456e-15,-2.0643315294892773e-14,1.0883703623949373e-14,-5.539464832110038e-15,-2.622853087082492e-15,5.2316049828187664e-15,-1.904770660846553e-14,-8.850455919994314e-15,7.0561316455687074e-15,-1.6010862341743212e-15,-7.705120598339218e-16,-1.1482663608190519e-14,1.484720856132284e-15,3.4872968882016636e-15,-8.238260646293523e-16,1.5461997546130075e-14,2.1569501868019126e-15,2.33640127831049e-15,-2.1315568121877247e-15,-3.822724019782017e-15,7.848857194627398e-16,-3.93890863951716e-15,2.025208183192308e-15,2.183859128996604e-15,1.0488086390089024e-15,-1.225451401311434e-14,-8.951188212886038e-15,4.184801445164124e-15,6.513593321763029e-15,-3.493990360057282e-15,-9.335468054923915e-16,-1.116193343979031e-15,2.2340507677638203e-15,-3.509707698488139e-15,2.9276302888618356e-15,-4.17734290110746e-15,9.951510235566189e-17,-1.8043281426609965e-15,-3.553080523517277e-15,-2.189328884311416e-15,7.163801578286892e-16,-2.70471864252443e-16,-3.2453943255798057e-15,2.250022797395142e-15,-1.7388856824598033e-15,-1.0026093003212183e-16,3.076796358126692e-16,4.737273093225071e-15,-1.9178015150856015e-15,-4.696544783385527e-15,-1.0594537489472085e-15,4.330197303668317e-17,-8.197454953526517e-16,1.2610091631232866e-15,-4.2126334328949585e-16,1.4186191393377029e-15,1.7089920720030634e-15,0.005449371777898577
44,-2.554898873500825e-16,-4.436882569590776e-15,3.4791534518459794e-15,1.5528184833148223e-15,2.183923006638539e-15,4.790938244531134e-15,-3.1262125974028647e-15,2.3463375975660485e-16,-3.901185142073963e-15,4.653470122597972e-15,2.7239322284138307e-15,2.7458327090632074e-15,-2.884056060341999e-15,-2.70580231648205e-16,-1.3334416877437272e-15,-4.243661950220259e-15,-1.914228238223579e-16,-8.804202400600266e-16,-4.48132051516526e-15,-7.716269655623922e-19,-2.6282540078169727e-15,1.3445072739220229e-15,2.392969636001616e-15,7.520394201937698e-16,-1.3837255234895906e-15,-7.031671236597672e-15,1.8271259184582942e-14,-6.341990061295531e-16,-9.213683746085742e-16,2.3343065408095654e-15,4.454479507150738e-15,-7.170675262337904e-15,1.6006413190857302e-15,-1.8773785347653032e-14,1.2221878566611076e-14,5.771704245418266e-15,-5.882713474789205e-15,9.787706198906795e-15,-1.241444280354264e-14,-6.980940704083622e-16,8.040581067225418e-15,-6.394209498239313e-15,-1.5325689084934934e-15,5.39056305712462e-15,1.0,-1.0130051641452377e-14,-2.8182607283492333e-15,8.43215170616449e-15,-1.0167223158647014e-14,4.160841632192613e-15,-3.3018989879559127e-15,2.0564466228564297e-14,-1.889009433601985e-15,9.522419899085783e-15,1.9012686397020375e-15,7.30921058643033e-15,3.725825029462507e-15,-7.449369441189145e-15,8.812764306826795e-16,8.732986531503677e-16,8.090160081451346e-16,1.1352106372407764e-14,-1.106130519325874e-14,-3.6734728843169525e-15,3.4171982170213653e-15,2.4172563667628947e-15,2.1286078895385117e-15,1.935601385211884e-15,5.217637228534559e-16,-2.707835031795122e-15,2.673729711153098e-15,1.5407584928067851e-15,2.9421918495559023e-15,-2.412966125072272e-15,-1.8854315101570646e-15,-8.146368562794664e-15,-3.550869417527474e-16,-3.974554145873193e-15,-2.1279469288158314e-15,-6.768837920172772e-16,3.591137923059079e-15,-1.113910161132539e-15,-1.6480357996765002e-15,-6.036466418913079e-16,-6.8094780025436086e-15,9.055583161176292e-15,-1.830610312005995e-15,6.8175468405267235e-15,-5.286425124048745e-15,-3.119125169559355e-15,-1.242182340969828e-16,1.361147425939414e-15,7.489289435853975e-16,-4.130234800325951e-16,2.331487334297931e-15,-1.2370138195086557e-15,-2.8155667597340836e-15,6.972964496207452e-16,-5.152050739734235e-15,3.969650758871959e-15,6.414958116330074e-16,-1.1408963487306754e-15,-1.7753688705723329e-15,5.425977613399534e-15,3.58442249279438e-15,3.6262153388191415e-15,-1.0888540651109706e-15,-5.90591567210938e-15,-4.070723563199289e-15,-5.747926286169132e-15,1.7399782855037335e-15,-1.6910926658955866e-15,-3.1494683697238058e-15,-0.06731455356851428
45,-2.2637356465200474e-15,2.439192098374214e-15,1.80334150068972e-15,-1.915373159921075e-15,-4.794176492226679e-15,-4.815649668599476e-15,2.9067774009181417e-15,3.419820640626433e-15,-1.7192530087705496e-15,-4.2138364463583945e-15,-1.290889110884707e-15,2.168736079015265e-15,3.1109073012172593e-15,-9.509270375475204e-16,2.9886176826843095e-15,5.6837929478618385e-15,1.6543134000726527e-15,9.568660678793033e-16,4.457649885258851e-17,1.1782225215645295e-14,-5.785677425847804e-15,-7.926713177757939e-17,6.358254133337594e-15,-3.9249287288602615e-15,1.320131973246476e-15,-6.050642213731455e-15,-6.683793536183971e-15,-3.8519910269166925e-15,4.819307817058029e-16,9.186451362954486e-15,2.7870605145759158e-15,5.2416513210850995e-15,-3.700024902057791e-15,-1.4054460362153744e-14,1.2446683510738605e-14,-5.856938805953956e-15,5.816293923594807e-15,6.628438520281982e-15,-1.2512502729271677e-15,6.8994536968283025e-15,2.285321667571395e-15,3.5029891888858187e-15,4.3432500346412976e-15,-2.5487231306904418e-15,-1.0130051641452375e-14,1.0,-6.144509038296038e-15,1.7198185106389127e-14,7.120755542295667e-15,3.877063230511662e-15,2.863413286592171e-15,1.35722132916714e-14,-7.45911042486383e-16,1.097789975203521e-14,3.3614030250520396e-15,-8.32194615261875e-15,1.41547288844655e-14,1.065236960378636e-14,-1.0613050846227773e-15,5.348948075574735e-15,-2.6310862717044127e-15,8.05664394886869e-15,-9.920342107705786e-15,3.779703022718701e-15,1.137281494704644e-15,8.104365377648285e-15,-5.457296211096838e-15,-6.9710120466337555e-15,8.208436220962856e-17,1.3051869096713653e-15,-2.684181178999968e-15,1.0210060261635895e-15,-2.682026502116559e-15,5.752649572197875e-15,-1.5805702147634367e-15,2.361846681740145e-15,-1.3194146379352412e-15,5.5426277716549934e-15,7.259673885295476e-15,1.6019095630228045e-15,4.153928732373766e-15,1.8138083985414733e-16,1.475752564247539e-16,-2.7914286893547693e-15,-3.3517957837591894e-15,-3.81592084493922e-15,1.3795051965636019e-15,1.6485381444033136e-15,-3.194592975276884e-15,-3.5540587276372e-15,-1.0331488519091994e-15,-5.133478101425771e-15,-1.2834431948681683e-15,9.881976710139988e-16,1.177088728060196e-15,-1.700751089037144e-15,5.988474555920398e-16,-2.272084528770616e-15,-4.5777279111912856e-15,5.1995943300182966e-15,-6.196881026591327e-16,-9.092204585054408e-16,-4.1830292296890884e-15,1.6524598383273171e-15,-2.5189404674035063e-15,1.5123268325226137e-15,2.7458627402673496e-15,-2.2797500845589723e-15,-7.909148679764424e-16,7.581342160212518e-16,2.82030998681836e-15,-2.0492863590287604e-15,-6.764527413934957e-16,-0.14021180541334233
46,-1.411718794772572e-15,1.0609765309274937e-16,7.150259089191086e-16,-4.50494797549202e-15,2.1974599045727912e-15,3.0768689031623048e-15,-3.480858875531042e-15,-4.239416930420637e-15,1.0029984794214417e-15,6.151371239774061e-15,-7.30364477163494e-15,-1.2318418977855092e-15,-6.812217417306028e-15,7.605007792764538e-15,4.057386523821756e-15,-6.028381997915266e-15,-6.422510879457654e-15,1.9369038417877234e-15,6.127633767315489e-16,1.1889415401673735e-15,-3.8516267083727484e-15,-3.72539002729109e-15,-1.1009870748214937e-15,-5.5490157198409565e-15,1.1321123465694285e-16,-7.229843888641341e-15,3.081633276588861e-15,-8.518675118445436e-16,1.1078442001765365e-14,2.2600728532476997e-15,-6.787352013954174e-16,3.747012788739639e-15,-1.6221368031609693e-14,-9.773319601950896e-15,3.77962453214326e-15,6.1393628199018696e-15,1.3469138054759181e-15,5.444792258862755e-15,-8.0481786200983e-15,-5.85244007594882e-15,-1.3754706653988777e-14,-2.7249578264647398e-14,-2.694029354528144e-15,-5.39748120263647e-16,-2.8182607283492333e-15,-6.144509038296038e-15,0.9999999999999998,-1.167987141774562e-14,1.5102807051751547e-14,8.770959584123763e-15,4.1477526534961627e-16,-1.474290887976269e-14,-1.3967753023190263e-15,-6.283038100070573e-15,1.1375502986215454e-14,9.402571153863761e-16,6.48477046063973e-16,9.062779114896092e-15,-1.6577730442632776e-15,-8.228011475683605e-15,8.571928626006978e-15,-2.0140530938139467e-14,1.3548560398455895e-14,2.895433011052141e-16,-1.789455533327959e-14,8.161343305475702e-15,1.789184810875511e-15,1.622720213917666e-15,-4.06281450002014e-16,6.199138317003603e-15,4.047083366519307e-15,-4.3697256098577945e-15,4.665594629398244e-15,-1.0308121145051062e-14,-7.834643358701582e-15,2.44975782278608e-15,-3.1885566161550597e-15,-2.770736679332954e-15,-6.296806754009504e-15,-6.657249830688885e-16,2.299585623332371e-15,3.7641649791621365e-15,4.059671791046265e-15,-2.0265268156049037e-15,6.053335001657562e-15,8.87523315750575e-16,1.4580755670102446e-15,2.1441379216910655e-15,3.282499019552094e-15,1.6543591207224397e-15,5.2045215711260636e-15,-1.0318009974736648e-15,9.810893944102133e-16,-1.2670040480985123e-15,2.291745987015427e-15,-1.910876773603316e-15,3.575674993579383e-15,3.1398234054972908e-15,-3.833325959356727e-15,-4.308448618954419e-15,2.482725460923731e-15,-3.6161730461778656e-15,1.4522982759510232e-15,-3.043471484818495e-15,-2.3504471167620024e-15,1.400600620433133e-15,-1.7477835023950793e-15,4.603054011304654e-16,-1.935451498074742e-16,4.412981288520722e-15,-4.023377275164891e-16,-2.4637420207319597e-15,-4.175070598500713e-15,-0.11376435387537481
47,1.0871647235979514e-15,-1.2576995122060471e-15,-3.798219629310197e-15,1.6524548776529644e-15,-6.0496827654816166e-15,-1.7319992896138432e-15,1.873519304970957e-15,1.3346995210457705e-15,2.961708831420314e-15,1.2035522797391491e-14,-1.644706889637009e-15,-2.7673139183414776e-15,2.580351963594591e-16,5.24016904232227e-15,-4.341812389115264e-15,-2.3867063817396598e-17,2.872383225898332e-15,-1.1526875623102009e-15,5.751012307192596e-15,-5.095493882123415e-16,-1.7576132369741189e-15,-5.1737494436209e-15,1.4481582741716335e-15,1.2611609093619681e-15,5.7359601195861e-16,-7.014414961907973e-15,1.6279077004598065e-14,-9.342338654500331e-15,4.458760412463597e-15,9.817085230682096e-16,-6.156395828662154e-15,-1.7187550313902759e-15,-7.054173502033679e-15,-1.079088093123612e-14,1.8193695092877544e-15,5.8983135014983004e-15,6.579841559852842e-16,2.1538585480189183e-15,7.116732136522585e-15,1.785228682009386e-15,8.184938193630742e-15,-1.28305888670773e-14,9.95365666653285e-15,3.046573970053624e-14,8.43215170616449e-15,1.7198185106389127e-14,-1.167987141774562e-14,1.0,2.854016081414782e-15,2.731495660547865e-14,-2.3397365504858195e-14,7.12075551799951e-15,7.751066580512414e-16,1.8309612696075143e-15,-1.537869537114253e-14,-7.869522637347296e-15,7.0551984530238185e-15,1.2702867145221412e-15,-2.768666190299904e-14,1.7737442963078986e-14,-1.7440088802765906e-14,-9.720308117652049e-15,2.217843546579506e-15,9.045256776790846e-15,-2.637324453475175e-15,-7.770230168090022e-15,-2.604652566501573e-15,7.945861538635626e-15,-9.288825360751152e-16,6.328815263182747e-15,5.232911499253798e-15,4.149859028579842e-15,-2.519956807405112e-15,2.597000793174608e-15,1.0426053955794267e-15,7.539055438417255e-15,-1.7752397864577371e-15,-4.849806428558583e-15,-5.094595888398428e-16,1.5534138465518957e-15,-3.351791822802297e-15,-4.044801019503458e-15,-3.5129180936342185e-15,-2.6184865868063924e-15,1.7045866460362944e-15,-8.643873182897469e-15,5.123063630823272e-15,8.158846867680804e-16,-5.125344880742292e-16,5.889527029522777e-16,1.6638929215249344e-15,-3.223414477116533e-15,-3.838508718130963e-15,2.0613221001393138e-15,3.8291653629577075e-16,-2.397688131323464e-15,-1.244424118639693e-17,-4.63348783979244e-15,-2.8106353112555273e-15,-1.505735525302253e-15,-1.3046136913997692e-15,3.4938880164108663e-15,4.242911435646101e-15,-2.2423192296608453e-15,-2.673097629461479e-15,-1.0674408250690996e-15,-2.9041193540827406e-15,-1.6010953247569267e-15,-2.2133767180233207e-15,1.4345071023418672e-15,8.043906162074593e-16,-1.8769145385070826e-15,9.84429605620342e-16,-0.005944859832534968
48,-5.4363736438099035e-17,-1.2988675515467444e-16,5.326399926816786e-15,-4.993760731214718e-15,2.9634065375380696e-15,1.342180104118221e-15,-6.566444305337878e-15,-4.2931420979395835e-15,-3.973772582637702e-15,-1.7012895042732384e-16,2.43029617768868e-15,-7.889316205549398e-15,2.5495502233638076e-15,-2.2439631881625762e-15,-3.2876554338951328e-15,-7.167021028466332e-15,-8.394849746398606e-16,1.0013808270981e-15,1.2142045372059192e-15,4.985938373945122e-18,-8.682573079487586e-15,5.7766042121413725e-15,3.4935574702187633e-16,1.0148770051967082e-15,-2.8599548467619837e-15,-6.307763539938787e-15,-1.3639947599579076e-14,3.1376369013102794e-15,3.6842848615938295e-15,-3.810469552343737e-15,-2.3361938589934217e-15,4.0053015568806045e-15,-2.4047752476068075e-15,-3.0863708037698333e-15,-7.495589223316266e-15,-8.66520493982961e-15,1.3950962474319646e-14,-1.502539643327093e-15,9.621228220618248e-15,-8.871942505781185e-16,4.777030885223905e-15,1.0572697495828574e-14,1.2088082921463208e-15,9.233350310670945e-15,-1.0167223158647014e-14,7.120755542295669e-15,1.5102807051751547e-14,2.8540160814147823e-15,1.0,-2.084790499360704e-15,-1.8357447104572685e-14,-7.843188552831454e-15,-5.915631828252054e-15,-1.256378879087218e-15,1.0680899475097722e-14,3.0980549499278056e-15,-2.148717971748709e-14,-9.928083524903277e-15,-1.1283063675893838e-14,-5.0935304377553e-15,8.080753784210276e-15,-4.4076189860048206e-16,-2.203921263559208e-14,-8.770696125037757e-15,-5.6179280144634954e-15,1.2843782084250287e-14,2.819102571128726e-16,-7.840489649803933e-15,-4.00210384272846e-15,1.5041211638783124e-15,-4.894996701099583e-15,7.212228359550996e-15,7.676994903417936e-16,2.9458506134443456e-15,-4.87643104545488e-15,-7.0207055999102115e-15,4.508405676370263e-16,4.610595873408258e-17,3.621256488934791e-15,-4.0391831287566485e-16,2.453676244609921e-15,-2.496822095074058e-15,-1.0966718739358558e-16,1.88690518807227e-15,2.962761552812003e-15,-9.91993477528843e-16,3.3978926278419146e-16,-2.744910692632425e-15,5.41297987921907e-15,3.528390412997875e-16,1.8547580110176737e-15,-6.578530625542574e-16,6.868698485318249e-16,-4.128757129387546e-15,-3.2014618356512226e-15,-4.76595343937312e-15,5.963719575999484e-16,-1.0951168587605874e-15,2.488444885153418e-15,-4.801490980038866e-16,9.175604343007444e-16,-5.328733378308482e-15,-2.267046184549762e-15,2.018227884346687e-16,-5.838409521887427e-16,-2.4461337855861843e-15,-1.5083476690332245e-15,-6.352199024071791e-15,-9.955840688393053e-16,-1.7621551059083628e-16,1.5862218665740929e-15,-2.4873187964306424e-15,5.150122856543654e-16,-0.008828895214565612
49,-3.615612192938187e-15,3.224429257788814e-15,3.4941193588825294e-15,-6.35491506620635e-15,1.4667530706897658e-15,1.6208443352498306e-15,-2.7931278734034687e-15,-1.4918761729956557e-15,-2.1570514234888793e-15,1.2785969443991462e-15,-2.6486774388100293e-15,-5.682607307514179e-15,-5.684635446368038e-15,3.783682418205912e-15,-1.8928889439259364e-15,-3.3940465197125046e-15,6.1891230975097e-15,-2.0183965801337625e-15,7.101124517317648e-15,-3.557751722532818e-15,-1.958433031474006e-17,4.909136786030591e-16,1.5978483620517892e-16,4.213865837332677e-15,-2.664292294818232e-16,2.8278154813622676e-15,-2.873271347544044e-15,-1.5933593658087747e-15,1.4060754320590456e-14,-5.648767224980034e-15,2.29787214316912e-15,-5.327207329491471e-15,-1.0364653960792682e-14,-1.7209160447164216e-15,6.387786721763027e-15,4.8653998905009446e-15,4.68483315778569e-15,-9.399327028926688e-15,7.44686255910326e-15,1.1671437247660274e-14,6.9245033747915465e-15,-6.658417373441549e-15,-2.3850107950993696e-15,1.1550564330258591e-14,4.160841632192613e-15,3.877063230511661e-15,8.770959584123763e-15,2.7314956605478648e-14,-2.084790499360704e-15,0.9999999999999998,-4.116132666465692e-15,-7.988373805848675e-15,6.982037434244865e-15,3.1982793776232e-15,-2.865501307574447e-15,-2.920901458853074e-15,-9.703692640098854e-15,-1.187676168419392e-14,-5.980506300364011e-15,1.2829561237273858e-14,-1.7714916506246313e-15,2.337204533454945e-15,1.1768676547706185e-15,3.7120794108693195e-15,7.193499013010598e-15,3.584339631863462e-15,1.3408421080561284e-16,7.514955009518448e-16,-1.5442517874081652e-15,6.213857242409147e-15,6.138963664431579e-15,1.801313038227081e-15,-1.3444055642366385e-15,7.861175922084332e-15,-1.7102510259695636e-15,-1.584481117273001e-15,-3.842163903832322e-15,-2.3973027961095794e-15,1.8373826341472644e-15,-1.171238698283092e-16,-5.6716945083407514e-15,8.371101026967686e-16,1.2389459411183325e-15,-3.3128262991111396e-15,1.7520441603236085e-15,7.430167246044427e-16,-3.564130538859052e-15,7.695408823750199e-15,5.551287011882762e-15,-3.4036754719776133e-15,-3.57004351137718e-15,3.4002216296218792e-15,-1.9748417897873145e-15,3.0304119994390464e-15,5.475049465773902e-16,7.739236621620697e-16,-2.6161793124791224e-15,4.1958071457881333e-16,3.87706001049164e-15,-1.2586196028370625e-15,3.900630022464144e-15,1.9625344837346465e-15,-6.644907767614857e-16,4.712614394989984e-15,-3.372287408332332e-15,-6.110785314416297e-15,-4.634124901720907e-16,-1.1569327031343498e-15,-2.8452617872565426e-15,-1.5647467293053646e-15,4.2183434499709936e-16,-2.323871187631404e-15,-2.6013150264972497e-15,-0.08736153766040186
50,1.2980465558551182e-15,-2.0837609124261417e-15,3.835287342862977e-15,-2.7440159207450372e-15,-2.0145823550661997e-17,9.24287247026837e-16,1.2009029420226714e-15,5.1784184503197495e-15,2.956648519000528e-16,-1.156906299912669e-15,1.72067454032337e-15,-5.399197697943214e-15,7.210735137505229e-16,-3.2516795608052886e-15,-4.5136399500863e-15,-2.7465084841355347e-15,-1.7221748930508396e-17,-1.3723520167450105e-16,-7.692646005794998e-16,-3.9279514428252256e-16,2.4525332131725334e-15,4.437566339316054e-15,1.23718097135506e-15,-1.2329710856764914e-15,-3.854438326959013e-15,-6.275624461359711e-15,8.727559395953884e-15,4.563754904148405e-15,4.160610034584852e-15,-2.5927197460457997e-15,-4.405007914882425e-15,-3.999302743026839e-15,-2.897119529132978e-15,5.545986454654556e-15,3.737714435617797e-15,-1.2170318892670283e-15,-6.465800796359429e-15,3.94601099353082e-15,1.694654634398753e-15,1.7615689554401364e-14,7.18026563243541e-15,-2.9658566923901896e-15,1.696331990203567e-15,-5.779284428746779e-15,-3.301898987955913e-15,2.8634132865921705e-15,4.1477526534961637e-16,-2.3397365504858195e-14,-1.8357447104572682e-14,-4.116132666465693e-15,0.9999999999999998,4.01665998532683e-15,8.237957282327839e-15,4.991874066959783e-15,-4.614722826101906e-15,-8.419863231841368e-15,-7.34955330225858e-15,7.493475602311906e-15,1.1129460525354046e-14,3.915191877133854e-16,-7.265060755529047e-15,-2.4855177119084764e-15,-1.3846495997522886e-14,-4.081019958368963e-15,1.4752385992273252e-14,-4.013592957254867e-15,1.0300551942567396e-14,6.770089788899788e-15,2.1596218786064735e-15,-8.554266683399387e-15,-1.0696608308138824e-14,1.5842487059835974e-15,5.297170303395707e-15,-4.911531307203914e-15,4.4066852139117095e-15,-4.191547214912315e-15,-8.233436793434115e-15,4.095670572672999e-15,-8.533573952048924e-15,3.8998811133620135e-15,6.73025998155426e-15,2.329469065848637e-15,2.6491073921978764e-15,1.0695425397212031e-15,-4.730326721569978e-16,-2.163308045427725e-15,4.307491906785007e-15,-2.0756526832583975e-15,-2.6028442782064572e-15,4.923333837768206e-16,-4.203995707864854e-15,5.485346476792125e-16,8.597787844340761e-16,-2.0219768867454135e-15,3.028677932270437e-16,2.919541989468402e-15,1.5524244932679069e-15,-4.0891055786820183e-16,-2.5002094807502637e-15,-3.2857588601748035e-15,6.269608678451752e-16,1.5401179943560225e-15,-7.956091443408359e-16,-4.236482942624094e-15,2.2762344886856507e-15,3.1792056578594838e-15,2.3937012735689243e-15,9.446616882201513e-16,3.8635673599891176e-16,3.0039776637355195e-15,2.353683486914887e-16,6.581176765925792e-15,-4.094025012307616e-15,0.12616740081700178
51,-8.549947709705799e-16,-5.335233292469411e-16,-8.616105591205747e-17,1.4940526957653846e-15,6.376558418463466e-15,1.5219984006398253e-15,2.1322169233158643e-15,3.6370360130009574e-17,-3.705782477467204e-16,-1.990138236314495e-15,1.5692579587990162e-15,4.324304399735299e-15,-7.97722286722502e-15,8.463525934412852e-15,-4.013156581622884e-15,-4.5677392041370095e-15,5.039441943154168e-16,6.067847898777973e-15,1.2919782497799004e-14,5.4190724510701445e-15,-3.446006283262364e-15,-5.175015193423228e-16,-3.764506729144949e-16,-9.931652851344087e-16,-1.0032560730299556e-14,4.602579580092573e-16,1.0401461414235978e-14,7.0145790100833975e-15,-1.2679347425976208e-15,-3.6236302793806125e-15,3.8003752718906516e-15,6.946836373993865e-16,-1.3185668062230357e-14,-7.404592296048523e-15,-4.24286570495171e-16,5.286834887794688e-15,2.3042206410328478e-15,3.7328807662456486e-16,-6.514799376391073e-15,8.760157556909239e-15,2.8560953210146842e-15,1.982698200465531e-15,1.2329384249213361e-15,4.46990734288296e-16,2.0564466228564297e-14,1.3572213291671402e-14,-1.474290887976269e-14,7.12075551799951e-15,-7.843188552831454e-15,-7.988373805848675e-15,4.016659985326831e-15,1.0,-5.0212124653979856e-15,-2.002072093665142e-15,1.0656527033463784e-16,-1.7857059045380197e-15,-7.750025750191468e-15,6.642864731676047e-15,4.000265736454434e-15,-4.956696844619505e-15,7.68083271976392e-15,4.0046241495752715e-16,2.014016402783372e-15,-5.405587881370135e-15,1.878198462970559e-15,2.7425831138397224e-15,-2.5834080960684828e-15,6.3073816181041125e-15,-4.1131094087102964e-15,2.4658686271660415e-15,3.3902201949016303e-15,-7.682123262353318e-15,6.733444194342025e-15,-4.851628858645432e-15,1.6925240910063392e-15,4.2886100086672606e-15,7.621855877097951e-16,-4.442297461894913e-15,-6.9829729108022055e-15,-1.3631039844347702e-15,-1.1137256990868835e-15,-6.575164625082034e-15,2.8340688103689634e-15,-9.446458823990253e-17,-9.299806649794512e-16,-4.552430507056108e-16,3.0701817053461705e-15,3.831200735651085e-15,1.8437604838274183e-15,-2.217859541923423e-15,7.203012431221632e-15,-3.1345564307167015e-15,-1.17446396782368e-15,-4.741179029847519e-15,-3.481546911533094e-15,-4.080582606286666e-16,3.61484736419657e-15,-2.4751405543653974e-15,-2.488091682062529e-15,-2.2965594877421642e-15,-2.0316611484456243e-15,-4.042418410465122e-16,1.843360468852608e-16,-1.4908783128357544e-15,9.196852092069756e-15,3.520353127397879e-15,-3.0152827747416475e-15,-1.2911657943387855e-15,-1.32718100966404e-16,2.424187717004684e-15,-1.9146247270155746e-15,2.3685818028974087e-16,-2.6493422381661924e-15,0.0037230387664490524
52,4.706509760487006e-15,-7.698494209224555e-15,3.575098371310781e-15,5.9610064886926745e-15,2.084926830020377e-15,3.3462161925070754e-15,1.5308867118254077e-15,1.6489194208982673e-15,-9.381801528201065e-16,-8.725117634861212e-16,1.5134999321966732e-15,5.181051504499954e-19,5.033066400761356e-15,3.1141155249137146e-15,-1.9387109239350287e-16,-5.9603610719165315e-15,3.7936627960611595e-16,-1.4641854376421423e-15,5.1005153878601836e-15,-2.121167519215662e-15,-4.5964657875042195e-15,3.3266227608246345e-15,1.2258128732151662e-16,-1.831758723011742e-15,-5.238345438219906e-15,3.0318932709575255e-15,3.625754869598752e-15,4.5148126180562665e-15,-1.2771484439089414e-15,1.0176320273183546e-14,4.164843516623167e-15,6.853263760309919e-15,6.6594625596395614e-15,6.545793612672892e-16,-6.7842509661612e-16,1.959444772888031e-15,3.85169829163711e-15,-3.63534203655539e-15,3.2999108670734805e-15,-9.895085618697264e-16,4.610895634313817e-15,-4.7629686199199066e-15,-6.004836980177548e-15,-8.010141363033151e-15,-1.889009433601985e-15,-7.45911042486383e-16,-1.3967753023190265e-15,7.751066580512413e-16,-5.915631828252054e-15,6.982037434244865e-15,8.237957282327837e-15,-5.021212465397986e-15,1.0,-5.2935182083178555e-15,1.4027107311500285e-14,7.019667723294195e-15,-2.41042014336486e-15,-6.125475946310717e-15,-6.455818177127542e-15,-1.1126733727870997e-14,-7.707111460399694e-15,-2.2385719849989362e-14,2.5624914623635908e-14,2.7961755032938927e-15,-2.0193150530718223e-14,-7.02671116805338e-15,1.1360102184521467e-15,5.095274565487209e-15,7.020558477934883e-16,6.005950100032389e-15,-8.284290912504122e-16,-7.878601577088585e-15,5.892931033578847e-15,-6.654273626057966e-15,-1.5599485973915132e-15,1.5666500402041214e-15,-2.093052402147347e-15,1.4681235088168077e-15,-2.045848505745744e-15,-1.3179363737385153e-15,3.801507997591353e-15,-1.0939297978583997e-16,-3.4649076338598836e-15,-1.5962385660896754e-15,1.2140526640795295e-15,7.047847709004123e-16,1.7341444587549355e-15,9.750061720625565e-16,1.8448186093706386e-15,5.258122621576417e-16,-3.8643580950088896e-15,-1.9364103314449886e-15,-1.5976283069888306e-15,-3.001741593592532e-15,-5.161341145204015e-16,-1.8344706533737812e-16,-1.957924176718448e-15,4.891812482469293e-15,6.01565963601913e-15,8.231939021636361e-16,7.032619620102439e-16,-5.861990017581667e-16,-1.6902391853028094e-15,2.3370008437656e-15,-5.259654132010813e-16,-3.926096705591782e-15,-5.0544787348632654e-15,2.3852513067443746e-15,3.853685744262249e-15,-1.844374505631381e-15,-2.2669696414792715e-15,-2.8876347684130863e-15,5.685030621629486e-16,0.0035048326953655345
53,-2.684175131457367e-15,3.897722840575392e-15,-3.4072327762872524e-15,-8.454484444559112e-16,-7.895076230550257e-16,-3.259511144789328e-16,-3.710912902460632e-15,-4.929468844052321e-15,-1.4995308299990297e-15,-8.537076022995732e-17,6.169210946564843e-16,-2.5434784795149913e-15,1.0782695652376963e-16,-9.600369473001849e-15,-6.723225555565287e-16,-3.976552666554438e-15,-2.756173830903154e-15,-5.084689521240321e-15,-4.423138512626684e-15,-6.456463658516553e-16,3.675644330829207e-15,1.653401662271611e-16,-6.2723878487399745e-16,5.630215273342746e-15,-7.363977296139253e-15,5.708697727173197e-15,6.108885433971014e-15,-3.6998540316426265e-15,2.1779649984073615e-15,1.7788354214399244e-16,1.1078775021803192e-14,-7.80553504738559e-15,-4.9524964327048815e-15,-7.379819905705836e-15,8.831474253638225e-15,5.134413102894202e-15,-2.8817949975203464e-15,-1.8781061785391297e-15,-4.074179558875592e-15,3.4711721835691403e-16,1.1435163824220615e-15,-1.5733359876851515e-14,-1.090374663740003e-14,-9.511007973741362e-15,9.522419899085783e-15,1.097789975203521e-14,-6.283038100070574e-15,1.8309612696075147e-15,-1.256378879087218e-15,3.1982793776232e-15,4.991874066959783e-15,-2.002072093665142e-15,-5.2935182083178555e-15,1.0,-1.4827975066570243e-14,1.3927584503024923e-14,-3.2616050738644508e-15,-1.225042852923375e-15,-1.54236683584192e-14,-1.1993020916729342e-14,3.6139260231514447e-16,-4.3164266252299865e-15,1.428703605892723e-14,7.65642909532634e-15,3.757233613113345e-15,4.2542090069645464e-15,-5.693959234345361e-15,7.51022048913722e-15,1.7333024151486081e-15,-2.17455003175877e-15,8.72259426898348e-15,9.077825862589217e-16,-1.501912326666113e-15,-1.1210346819999922e-14,-6.73200738595469e-15,1.2693360831159822e-15,-1.641099627112075e-15,-4.325821719047067e-15,-7.284188484829296e-15,1.5581339814611333e-15,6.080428061264111e-16,-1.415528004501893e-15,-2.007440805703566e-15,1.3443036818775735e-15,-3.389841717170427e-15,1.9641512096225213e-15,2.181280434332467e-15,-2.818018608252525e-15,-3.2112809280264323e-15,5.172955471146349e-15,-3.356368310214018e-15,-1.3871924751364005e-15,-2.2372170017561987e-15,-3.5747298066908315e-15,-1.3129222985561846e-15,3.6615889487561145e-15,-5.104437071705895e-15,2.8704804954688295e-15,3.564759533094774e-15,2.428910636981062e-15,3.7566016920173813e-16,-1.6255984627676671e-15,4.3890630724159494e-15,-1.794624889986005e-15,8.986683052292451e-16,-7.834973391855905e-15,-2.9444385799599326e-15,-2.0935132425285435e-15,-2.5684234137668623e-15,-7.907838385535105e-16,-1.8332316841626743e-15,2.7809801793149296e-15,2.7616221605422994e-15,-0.08743496013697467
54,-2.561296545165209e-15,2.2444087355347597e-15,-5.508758967650015e-15,2.6243742071826075e-15,4.732567589679057e-15,5.76808327365627e-16,5.794906237965365e-15,-2.988563210129783e-15,-5.94516712328071e-16,-5.289876093765947e-15,-4.672476239834488e-15,7.226934949143143e-15,2.829521064719684e-15,8.540362773133152e-16,2.014076857520249e-15,8.426709270485739e-15,-5.124193867789475e-15,3.2763409673030223e-15,-6.387139034634407e-16,-3.736624862724924e-15,-1.2164137303584666e-15,-4.334188059974321e-15,2.2753905569002137e-15,1.1326241080638688e-15,4.90173016493817e-15,-1.2174051201937537e-14,-2.6625569265436767e-15,2.5232652232702424e-15,-9.357240749586665e-16,-3.8381153036456775e-15,8.759650345180806e-16,-2.31836061197001e-15,4.038387724135813e-15,4.875520307564017e-15,4.3907610360966824e-16,-1.1669018912624352e-14,-7.779114744124835e-15,-6.687696895908183e-15,2.7026018522306062e-15,5.574537819368835e-15,-1.8661350585544227e-16,1.761256508506917e-14,-2.781969875390058e-15,-1.2743200266871188e-14,1.9012686397020375e-15,3.3614030250520396e-15,1.1375502986215452e-14,-1.5378695371142532e-14,1.0680899475097724e-14,-2.865501307574447e-15,-4.614722826101906e-15,1.0656527033463785e-16,1.4027107311500285e-14,-1.482797506657024e-14,1.0,-1.0391773723628132e-14,-9.096964539500168e-15,-6.573513625908153e-15,2.4901300927480887e-14,2.997506537099105e-14,1.2100424340404891e-15,-1.0213430591012478e-14,-1.814817394314634e-14,1.022956889433274e-14,-2.4667670766746738e-15,5.8936286468837475e-15,1.179991008348787e-14,5.933739776157209e-15,1.0228123101753852e-15,-4.946612336100181e-15,1.1827430828412052e-15,-2.595773500061608e-15,1.8646014144117974e-15,-7.792139609429149e-16,2.360326826804223e-15,1.6513280932589483e-16,-2.159183354836759e-15,-1.3542694405548886e-15,-5.041623328221969e-15,5.195980995889003e-15,-1.2720261678319456e-15,7.147233321112833e-15,4.778025009418056e-15,4.568142028548326e-15,-1.7304255861112691e-15,-2.4194253861484142e-15,-5.155395817381413e-17,2.514480914154416e-15,-1.9259291931529716e-15,1.378817180179754e-15,-2.65422277411688e-16,3.844488645133868e-16,4.959262263797622e-15,1.5611898356643527e-15,3.3821811668046028e-15,5.571719816210565e-15,-3.136601859504059e-15,1.9095971340957814e-15,-6.814923838933492e-16,3.504437806583696e-15,-5.45204764903955e-15,6.158293062716233e-15,-2.1739254355417603e-15,1.4424821326676993e-15,-2.0377849937554718e-15,2.1464327060407655e-15,-2.4927438606728254e-15,3.2169773112788553e-15,-3.0207865862238535e-15,1.8925151344255636e-15,-1.2119349774047695e-15,-2.373388390895025e-15,-6.4834407808217e-16,0.04367020190178718
55,-3.2540033575685325e-15,-2.0231461813767718e-15,-8.368464657372554e-15,4.6736240439978694e-15,-6.369087727031221e-15,-2.369331692374612e-15,-1.8471790394210482e-15,2.1784100214940657e-15,2.68384094447213e-16,-1.8169552919301043e-15,4.1601492351458246e-15,-5.8039100609704354e-15,1.517322280451561e-15,3.5264185699025304e-15,-5.116474384823993e-15,-2.000035738170019e-15,-6.422725332019908e-15,1.3455585022483987e-15,-2.8862110705324778e-15,-2.9392709107035625e-15,1.4895624011983009e-15,-2.255179124411181e-15,-5.861724285807007e-15,-3.699875061205046e-15,2.159295797554597e-15,-1.5439922931195823e-15,-2.6923676734225026e-15,1.600451296211224e-15,-5.513252504053768e-15,6.8213322188107704e-15,9.181959692651309e-15,1.1443243547268731e-14,8.357310691224137e-15,3.4782882868944336e-15,-2.2314451840506854e-16,-5.297635380819074e-15,1.1808146514154444e-14,-1.5051658981977785e-16,-1.314102929654446e-14,2.511016681172095e-16,-7.41463824885093e-15,-4.552194164619351e-15,-4.205448486568191e-15,-1.4988942945758977e-14,7.309210586430331e-15,-8.321946152618748e-15,9.40257115386376e-16,-7.869522637347296e-15,3.0980549499278056e-15,-2.920901458853074e-15,-8.419863231841368e-15,-1.7857059045380197e-15,7.019667723294196e-15,1.3927584503024922e-14,-1.0391773723628132e-14,0.9999999999999998,4.220233174638126e-14,-6.4852666580492e-15,1.0809774065931653e-14,1.1227062829108785e-14,1.1486120960411266e-14,4.414698627632155e-15,1.4956401435332444e-14,-3.355245867272265e-16,1.1867276856364289e-14,-3.3362460286428954e-15,2.277876037843068e-15,-3.204944789619701e-15,1.2491903173760174e-14,1.187276538404432e-15,-1.8992103808462993e-15,-1.3965856043008155e-14,1.200122460610486e-14,-2.0154956739305254e-16,-3.993734757069525e-15,3.88745199282109e-15,4.568532185413825e-15,-8.836236752435799e-16,-6.819167634709532e-15,1.9738286253119403e-15,5.053310394297336e-15,6.115527277168851e-15,-2.569972798514677e-15,-1.5353010051951182e-15,-7.18242746229273e-15,-2.2220731981892306e-15,6.255137466999965e-16,7.963493565257004e-16,1.9577674306066967e-15,-1.1012898015201853e-15,6.784441676229637e-15,-4.7410659382795254e-15,2.1846629059925114e-15,2.4235228224709737e-15,-2.4776613933781855e-15,3.1916079952859743e-16,4.416153864600733e-16,-2.4473612840646963e-16,2.2110993765857545e-15,2.9184400674539237e-16,-1.1417918014863323e-15,-4.93367188606361e-15,-3.378083133121795e-15,-3.472286427664245e-15,3.2097268218547334e-15,-9.550511465858248e-16,-1.2299433830784196e-15,4.0999732388254205e-15,-3.20590616982806e-15,4.390390621039333e-16,-1.2830499680747789e-15,-1.6912694832015522e-15,-1.2629509997124373e-15,0.08707575588888679
56,2.665361767935246e-15,-5.510077250883384e-15,-8.06631587870427e-16,2.429290305919021e-15,8.66708616702115e-15,-4.62769396091624e-16,3.581642000602052e-15,4.4887201701974165e-15,-2.8657850431221226e-15,-6.899637869445069e-15,-2.6455177173815794e-15,2.7899210945167205e-15,2.434115403451985e-15,1.4320767816011145e-15,-8.514102022105171e-17,3.9342509628358926e-16,-5.798028644692798e-15,-5.045553188036545e-15,-2.9239650827791035e-15,6.447401065165831e-15,-1.1136346240646737e-15,-3.0424835081919784e-15,-3.2274226989473714e-15,-3.4164125448630476e-15,-2.2633371473876563e-15,-5.130057418573954e-15,-3.676087524269567e-15,1.8443520181656512e-15,-8.410758465818638e-15,1.4112618456234666e-15,3.8531540504010356e-15,4.5077316350413135e-15,5.5711528887643055e-15,-2.155593074145581e-15,2.8920169879276353e-15,-4.530221431936651e-15,-7.991580368859001e-15,3.394654583009053e-17,-1.0707197358531451e-14,1.634674257476817e-15,-1.274377144102227e-15,5.246492005879704e-15,4.409025013838421e-17,-2.7005957576654566e-15,3.725825029462506e-15,1.4154728884465499e-14,6.48477046063973e-16,7.055198453023818e-15,-2.148717971748709e-14,-9.703692640098854e-15,-7.34955330225858e-15,-7.750025750191466e-15,-2.41042014336486e-15,-3.261605073864451e-15,-9.096964539500166e-15,4.220233174638126e-14,1.0,6.724940820560529e-15,1.8375240120464326e-15,-7.227854336263067e-15,1.3160026955983602e-14,-6.917594225678454e-15,1.0341558331939121e-14,3.348681665180363e-15,-4.593526282138474e-15,-1.6188680024515575e-16,-3.1413172095215184e-15,-7.537520433876371e-15,-1.867615553022349e-15,8.153212383574323e-15,-1.67104356369548e-15,1.87127075197669e-15,-7.452767631394521e-15,6.437326523363744e-15,-4.5728947116729736e-15,1.0580274940089564e-14,4.958239107898284e-15,-9.281688902785405e-16,-1.979714170239074e-15,1.2604897810317819e-15,-2.698840803017802e-15,5.395363964566068e-15,2.320285476433865e-15,-1.6978567680940457e-15,3.4817045877130926e-16,4.881683743342569e-15,-4.2955520017477424e-15,-2.568907189498399e-15,-8.796421324209777e-15,-4.626358230946321e-16,5.618879650871101e-15,-3.5529346170974485e-15,6.002178131341924e-16,-4.33942078852912e-15,-1.2156830233525298e-15,-4.018773359490897e-15,-5.518880851860999e-15,2.247153962606421e-15,-2.405744383048615e-15,1.4997030753116387e-16,2.3227753128027844e-15,3.141428759839914e-15,-7.393989752824003e-17,2.547992675736436e-15,2.427400677187794e-15,2.5094267240080145e-15,-3.0353104596670754e-15,8.393819611513886e-16,1.6026417347879564e-16,4.274000239026626e-16,5.161388363338636e-16,2.223363198820292e-16,-3.1258219577146006e-15,-0.005296491054974905
57,-4.392654869305871e-15,7.257175898110512e-15,1.769901419992205e-15,1.3734256116806008e-15,-3.96968815639734e-15,3.3072056065581343e-16,3.3373060635486092e-15,-6.3346018712207896e-15,-7.205388702228215e-16,-3.665869948684562e-15,-5.2429885094969054e-15,-8.574271732057586e-16,6.329306800575575e-16,1.6621762757932742e-15,4.551330259340195e-15,4.750777295550013e-16,-2.7015656107515583e-15,-1.1986005449537705e-15,3.1410504875510885e-15,-4.1285317602184945e-15,-3.1164992050712687e-15,-1.9345474228714236e-15,-6.864599911858037e-15,-7.738016463536274e-16,-3.876259587080132e-15,5.280918062462569e-17,-5.385423260744576e-15,-2.1441942331943994e-15,-1.5502433381680138e-15,-1.155765607324491e-14,2.838591521048672e-15,-1.755414481423303e-15,1.312134729076597e-15,-9.100837673615278e-15,9.379248015178701e-15,-1.0316007085053956e-15,-7.424860310058775e-16,3.966894455031243e-15,-7.921262733139423e-15,-9.398575992550417e-16,-8.889890606132157e-16,1.6540055450036937e-14,1.3540236223363187e-15,-2.0643315294892773e-14,-7.449369441189145e-15,1.065236960378636e-14,9.062779114896092e-15,1.2702867145221412e-15,-9.928083524903277e-15,-1.187676168419392e-14,7.493475602311906e-15,6.642864731676048e-15,-6.125475946310717e-15,-1.225042852923375e-15,-6.573513625908153e-15,-6.485266658049201e-15,6.724940820560528e-15,1.0,-3.032740350420437e-17,-9.12540050272342e-15,-1.2833119357650999e-14,-8.281574562147522e-16,-2.9827732245370725e-16,1.0219914956773063e-14,3.2997404684033828e-15,-4.66084286919735e-15,9.497119089712845e-15,1.4810295556020868e-14,8.976936495664098e-15,-4.38252434582224e-15,2.577104979193279e-15,-1.7710008146581618e-14,3.187757356098923e-15,1.1124231145262457e-15,-2.533348935091581e-15,-7.145332739596e-15,3.9944295024719215e-15,2.657953727163733e-15,5.392557007138694e-15,2.8612734963778574e-15,-4.612755758356609e-15,3.15114754764132e-15,6.509571542118137e-15,9.056979037669002e-16,-1.6661895863730683e-15,-6.760874416958563e-15,1.2476029070995932e-15,1.7285478285553764e-15,-6.868420341024805e-16,2.9001376820928052e-15,-3.893698935399917e-16,-9.845235431891006e-16,-1.3626956189222566e-16,2.3205264219855094e-15,-2.301217175572389e-15,2.4823737025619763e-15,-1.4484118731625282e-15,-2.581918818122142e-15,1.511768273835811e-15,-3.011801425593878e-15,-2.949066100840523e-15,-2.061462018026544e-15,-3.905400403203745e-15,1.6114939990122785e-15,7.082488373890228e-15,1.4284388248699918e-15,-2.2748481267975373e-15,-3.7863146838057014e-15,-1.8356601129783293e-15,3.179994434654171e-16,2.332867553122582e-16,-2.087261713309379e-15,4.1080863319036453e-16,-0.03894138760334868
58,7.662204421690772e-15,-7.570991004800595e-15,-1.669618753617726e-15,3.2263540798119625e-15,-2.604993852390414e-15,-1.1423039407387889e-16,-2.8549509102065303e-15,3.0022111487009635e-15,-4.971444100746772e-15,-4.47140779022579e-16,4.626149130462017e-15,3.737225225839785e-15,-2.5428917902151925e-16,4.486214713949619e-15,-2.6609509842415156e-15,-2.2574157427073917e-16,-1.731904210822751e-15,-3.570258637135345e-15,-1.9714072717640858e-15,1.3089974528187992e-15,4.6559691827397565e-15,-5.669768944309011e-15,-3.5400900135692342e-15,-4.534890437828217e-15,-3.0651185114459827e-15,2.9103311489648357e-15,5.7777500300634115e-15,3.0757084045105153e-15,4.505077165412262e-15,1.1897788941463432e-14,7.45984714882257e-15,-1.2991967227633802e-15,3.8340226663637684e-16,6.478686876586339e-16,-5.560524470280825e-15,1.8011910144958735e-15,-8.480011637535105e-16,1.207076068076348e-15,-5.174943611111503e-15,-4.233099030736544e-15,-1.1857303023159836e-16,-1.6937727212956303e-15,7.968770323893122e-15,1.0883703623949373e-14,8.812764306826795e-16,-1.0613050846227773e-15,-1.6577730442632776e-15,-2.7686661902999036e-14,-1.1283063675893838e-14,-5.980506300364011e-15,1.1129460525354046e-14,4.000265736454434e-15,-6.4558181771275425e-15,-1.54236683584192e-14,2.4901300927480887e-14,1.0809774065931655e-14,1.837524012046433e-15,-3.032740350420437e-17,1.0,1.3141788824575713e-14,5.9010037379856985e-15,-1.6428180514438018e-14,4.670997171646647e-15,-5.839203165234062e-16,-2.482869187554808e-16,1.266470675844869e-14,-3.6330265049966304e-15,-1.1490456352405398e-14,1.9152568560994956e-16,2.928972447529064e-15,-5.7975797214599e-15,3.067948024756166e-15,-2.4716714443021925e-15,1.5426069604424975e-15,-3.785739337629151e-15,1.0593663195190398e-14,1.4813776773593406e-15,3.587871988758773e-15,1.038123830830655e-15,1.7582979440558603e-15,-4.832655988100028e-15,-7.014874493138889e-15,-1.9374383258807132e-14,1.5735282968599193e-15,2.4524911363071854e-15,5.876774521137869e-15,-9.644481643572778e-16,-7.043242067501315e-15,-9.020441116599241e-15,7.067641785573434e-15,3.5196270689957695e-15,4.1606591591094835e-15,4.47381699733444e-15,4.259529818271511e-15,-5.1061594936447435e-15,-2.7076902996924984e-15,5.062666803981993e-16,-4.219384027522313e-15,-4.510532645356959e-15,5.315487448511918e-16,-3.3968674230030617e-15,2.5731593680291686e-15,-7.353680621401241e-16,-2.1344458169375802e-15,1.0119528587694948e-15,-1.424434364188138e-15,-9.23863153662653e-16,-1.7946404631075004e-15,3.331162119209103e-15,7.301274336902744e-16,-6.337397126349683e-16,1.4725675076262539e-15,-1.7753245443882648e-15,0.020234172575426004
59,-4.6134039754624205e-15,1.9165672150599384e-15,-4.857564853007365e-16,5.761093401661993e-15,6.800200217637484e-16,2.1099842707745995e-15,1.8934082438369233e-15,3.4810080354420387e-16,6.329946096648193e-16,-7.389138839454073e-15,-4.988107534549375e-16,-5.733880893537406e-16,-4.775137666088701e-15,-1.3086606989379821e-15,-6.505106434255944e-16,-4.666476316842323e-16,-3.682790643538727e-15,1.0752398901724658e-15,8.229239152709549e-16,-4.733628867381506e-16,1.236310855180821e-15,-3.4348558046236506e-15,6.495035547188677e-16,1.100799513745588e-15,2.8412578833632477e-15,1.6746732530972992e-16,-7.559817037624945e-15,-2.0889094724213134e-15,-5.9287482841609325e-16,3.0874003684422466e-15,1.5116255727837003e-15,9.656328548985832e-16,9.08378170240718e-15,3.398875956505101e-15,-1.2720504746535737e-14,-1.4439689175467908e-15,2.9439319913292315e-15,-1.4031125324395845e-15,3.2923242956854525e-15,-5.391112168871342e-15,-4.347914672536359e-15,-7.470837820036107e-15,3.392564913804619e-16,-5.539464832110039e-15,8.732986531503677e-16,5.348948075574735e-15,-8.228011475683605e-15,1.7737442963078986e-14,-5.093530437755299e-15,1.2829561237273858e-14,3.9151918771338534e-16,-4.956696844619505e-15,-1.1126733727870997e-14,-1.1993020916729342e-14,2.997506537099105e-14,1.1227062829108785e-14,-7.227854336263067e-15,-9.125400502723422e-15,1.3141788824575713e-14,1.0,-6.946988667628664e-16,-8.648436742118589e-15,1.6395178653090594e-15,5.285714316455789e-15,6.047478328821918e-15,2.2600644055292246e-15,-2.6859863149416416e-15,-9.500837438854847e-15,1.5946660824899172e-15,-2.0878672968631564e-15,-1.9464767685598053e-15,-4.761295213855595e-15,-1.0757947848085291e-14,3.8764739477172635e-15,1.649721056194867e-15,5.780110220414012e-15,4.2053237562232e-16,1.5770014269274415e-15,5.126205740410716e-15,4.94381874672655e-15,7.995544435709068e-15,5.7786701146668535e-15,-7.632001126358864e-16,1.9640056880544384e-15,1.7209749131242463e-15,-8.002525017120062e-15,1.8456137931182186e-15,-4.890452612618857e-16,4.626203165653194e-15,-3.329849190744433e-15,-1.657412797200259e-15,3.113373340860124e-15,-3.2893426212587623e-16,-2.5682239672355977e-15,-4.040013594915942e-15,1.6862332842510445e-17,4.704712683659936e-15,-2.0310277558038988e-15,6.318768410434158e-16,1.6621085987178746e-15,3.0683474040453276e-15,-1.52669461402965e-15,2.7385917674071147e-15,-4.620001154237028e-15,-1.4098814550523203e-15,-7.033091030229692e-15,-5.035004818141119e-15,-6.401929568859036e-15,-4.580333419787074e-15,2.655217467948242e-15,-1.6883606080161874e-15,-1.7945248717252784e-15,1.593521462298533e-15,-0.013659731769478586
60,3.0415842576864307e-15,-2.65181197038318e-15,2.336714378209262e-15,-4.603367799162326e-16,-2.165164786993601e-15,-2.0759189538307252e-16,-1.0983611096802742e-15,1.9249905118051453e-15,-3.7258469722319524e-16,-3.802699934971995e-15,2.0863566888558519e-16,-3.3830688410353994e-15,-1.1215662851717617e-15,-5.320713160056321e-15,-6.115003143913062e-15,-5.73574211291359e-15,2.792221512168721e-15,3.599073577496666e-15,3.6205708497873415e-15,4.487826082804519e-15,3.64028552454279e-15,-5.368054399949863e-16,5.008306537639258e-15,1.6714036898115189e-15,-1.7266013854505863e-15,7.066811760206127e-16,-2.0047156375787157e-15,1.865617992016345e-15,2.6965019101372277e-17,-4.799154997209841e-15,-1.9019354215757307e-15,-7.47697554450678e-15,-2.673766970730883e-15,6.766267859941329e-15,-4.184659011839167e-15,-6.486646869845144e-15,-6.662255349886463e-15,-6.248577406178352e-15,4.1327608186304755e-15,-5.884736316876336e-15,4.6684682033925494e-15,1.3538839952587684e-14,-1.1386516349953082e-14,-2.622853087082492e-15,8.090160081451347e-16,-2.6310862717044123e-15,8.571928626006978e-15,-1.7440088802765903e-14,8.080753784210276e-15,-1.7714916506246311e-15,-7.265060755529047e-15,7.68083271976392e-15,-7.707111460399694e-15,3.6139260231514447e-16,1.2100424340404893e-15,1.1486120960411266e-14,1.3160026955983602e-14,-1.2833119357650999e-14,5.9010037379856985e-15,-6.946988667628664e-16,1.0,-4.1263043102384175e-16,-1.3414066534237525e-14,-5.646730778417094e-15,1.0228528180790633e-15,1.2134262961710623e-14,-1.0326142353669021e-14,-1.6469573436412282e-14,1.3264813165353726e-15,1.2619897547365673e-14,-1.0197007601848987e-14,8.760640012947406e-15,-2.334062708282592e-15,5.744344383416879e-15,5.046715191775114e-15,7.116256206002428e-15,-2.421686821608256e-15,-4.3253681322738835e-15,-1.003955624614949e-15,-9.866048175181543e-16,2.4551736839823447e-16,-6.351050286582744e-15,-5.000240958555483e-15,2.7092848190874765e-15,-6.172844250047594e-15,2.560849294754976e-15,-3.710522906201748e-15,-5.607620370125195e-15,-2.9156874447757268e-15,-4.757772285224861e-15,5.305014419406378e-15,-2.2970008405998576e-15,3.702771121237621e-15,-3.970896075815996e-15,2.139284914478023e-15,-2.419824582385257e-16,1.3192846051508164e-15,1.4247404677805592e-17,-3.313459765705819e-15,4.470133910309153e-16,2.335733078066427e-15,2.6957521272233328e-15,5.291642473699472e-15,5.616172182164817e-16,-4.508019880678386e-16,-3.46459668206245e-15,-5.666985497801398e-16,-3.5014954181237683e-15,-5.232251226310962e-16,1.0818373326540607e-15,1.083564860036518e-15,7.844980984072372e-15,1.4205035437839507e-15,0.028014630738767695
61,6.424745134645685e-15,-4.612702820046001e-15,5.418181001569517e-16,-3.3576040558725196e-15,9.311462747918806e-16,-2.7056203252848166e-15,-1.9026239534428132e-15,-1.7979035340722176e-15,2.5038112631967134e-15,3.269438764017674e-15,1.395177194890061e-15,-7.35437898255086e-15,-1.934953272611232e-16,-3.347295869714832e-15,5.021447873627717e-16,9.720824303803034e-15,3.622819145541241e-15,2.723092264791515e-15,-9.945916874561628e-16,5.5186687551451074e-15,6.682413733855148e-16,-4.29528871011547e-15,7.288262977308297e-16,-6.698214627648859e-16,-9.06140897883377e-16,9.20065285058328e-16,-1.992385622053544e-15,-9.849076614128893e-15,7.98113172369509e-15,-7.455758016019413e-15,2.4215048545995923e-15,-7.890973150048265e-17,-5.1981268928024036e-15,-1.3249563846875117e-14,5.883027700634171e-15,5.704313433333373e-15,2.0071397670556182e-15,1.3251880998728089e-15,-1.9734857220207942e-15,1.4260420827467504e-15,-6.107645015493785e-15,-1.2459262784855557e-14,-3.03192833389455e-15,5.2316049828187664e-15,1.1352106372407764e-14,8.05664394886869e-15,-2.0140530938139467e-14,-9.720308117652049e-15,-4.40761898600482e-16,2.337204533454945e-15,-2.4855177119084764e-15,4.0046241495752715e-16,-2.2385719849989365e-14,-4.3164266252299865e-15,-1.0213430591012478e-14,4.414698627632154e-15,-6.917594225678453e-15,-8.281574562147522e-16,-1.6428180514438018e-14,-8.648436742118589e-15,-4.1263043102384175e-16,1.0,-1.3247754752879502e-15,-5.272706250272514e-15,2.0953721574665202e-14,-7.49579636928054e-15,-2.6215288591932123e-15,-3.7272300934749e-15,-1.7881980261554642e-14,-9.139059509444331e-15,-7.26717393481992e-15,8.493663018270495e-15,2.001066984780201e-15,6.631768019024224e-16,7.445116522229612e-15,1.3339427840932129e-15,-6.545472993716764e-15,3.3407161830343253e-15,2.5676590133694554e-15,9.288007513919067e-15,8.04370677755476e-15,3.755938035377536e-16,-1.9176811796964623e-15,-3.2371964439546466e-15,-3.741268920503103e-15,-3.7355374527898875e-15,4.965456525310402e-15,-8.754220003658841e-16,1.636417105720232e-15,-4.330706949271763e-15,-5.883834355455436e-17,2.7811128636547182e-15,5.275405884413634e-16,-6.059205912859297e-15,9.52389492720364e-16,-9.0932033098673e-16,1.273060384345746e-15,3.842827346899067e-15,2.813562582394076e-15,-2.4540062403771275e-16,6.438284918429146e-15,3.3881210655695108e-15,6.835828050445032e-16,-1.8581469132693837e-15,-2.035611360451196e-15,1.424555888739683e-15,1.73131799754977e-15,-1.4252336959543312e-15,-2.7783992157680986e-15,6.974117490844967e-16,2.1646409557670424e-15,2.670495547721581e-15,-1.2036717869965146e-15,-0.009791415297835535
62,-1.5520778603994124e-14,1.0434137317264952e-14,3.155596317084481e-15,3.568106697532457e-15,3.4513052805489775e-15,2.806746562310766e-15,1.0824308776374696e-15,3.678830469246957e-15,-6.13442865116532e-16,6.442380534142909e-15,-8.653189222846628e-15,4.1028354713552065e-15,-5.910569836180654e-15,-5.585733925143911e-15,-2.8211989432815253e-15,-4.7972116385717525e-15,2.536251209569165e-15,2.1930416930060207e-15,-4.528076840899061e-15,-6.111877711454183e-16,-6.770167887495362e-15,1.7359921946451592e-15,-4.066332400262819e-15,8.071374024747647e-15,7.86924109594579e-15,-7.981252074638843e-15,3.0935494447469524e-15,5.7771956257208036e-15,-2.07918056587806e-15,1.4034371003257988e-14,-7.0785545734966904e-15,1.3915367347672395e-14,-4.353901641173821e-15,-6.144597287702438e-15,2.4482087243536963e-15,-3.1867449307190784e-15,8.839487498040663e-15,-7.228718572727244e-15,5.918657365884034e-15,1.0491218905323236e-15,-5.641140498651833e-15,1.595796058668881e-14,-6.133453672565725e-17,-1.904770660846553e-14,-1.106130519325874e-14,-9.920342107705788e-15,1.3548560398455898e-14,2.217843546579506e-15,-2.2039212635592082e-14,1.1768676547706187e-15,-1.3846495997522886e-14,2.0140164027833716e-15,2.5624914623635908e-14,1.4287036058927233e-14,-1.8148173943146338e-14,1.4956401435332447e-14,1.034155833193912e-14,-2.982773224537073e-16,4.670997171646646e-15,1.6395178653090594e-15,-1.3414066534237525e-14,-1.3247754752879502e-15,0.9999999999999998,9.438136627532231e-16,1.2455088769867732e-14,-1.5802226466141736e-14,7.608667540175047e-15,2.1545340259545635e-14,-2.885827020807987e-14,8.730646151204461e-16,2.6598847081502838e-15,-3.6077203627388406e-14,-1.632569660800004e-14,-1.0675503377195467e-14,-2.1300747528201442e-14,7.139861747705776e-15,-1.2327144639779229e-14,3.09133971539901e-16,-3.69076575224862e-15,-1.1465634935757378e-16,-1.2103971865957284e-15,1.1748039374675309e-14,5.4466305287670244e-15,-4.610408159156306e-16,3.827056712618953e-15,-3.5204248279211555e-15,6.82467167874749e-15,9.512513217492466e-15,1.3143601639896798e-14,1.290319695249133e-15,-1.1109208434965976e-14,-2.4191155298591372e-15,7.623663577540982e-16,6.716099669473531e-15,2.5168405653525005e-15,-1.164374691264954e-15,5.3353259661203724e-15,5.99112885016281e-16,2.0003406786535647e-15,-1.686693714124122e-15,4.531381097384048e-16,-5.444627523261533e-15,3.968121739640003e-15,-1.9693440732365348e-15,6.249439653226768e-15,-1.819992189188725e-15,-5.756952243713043e-15,1.6339477730469611e-15,8.876994304527292e-16,2.2663736755458e-15,-4.000886613732565e-15,3.0558481073261695e-16,2.2522672088335452e-15,-0.16172415382811095
63,4.5570378014849194e-15,-8.976967835477903e-16,-6.582922806906672e-15,-7.925147322434734e-15,2.6055011355787565e-15,-4.135192274391136e-15,5.829008506393813e-15,-3.851020089826928e-15,-3.3682851272905123e-15,-2.9854587885431514e-15,-1.0313398139677565e-14,2.672067474181075e-15,-5.454797936495854e-16,-2.8052159894777584e-16,1.9887464438299e-15,-6.681330617621141e-16,1.8068454547021634e-15,-9.870829864356678e-16,-1.2641637805722457e-15,3.805141256319838e-15,1.2117942310637473e-15,-1.0602766816278328e-15,-4.286281818041538e-15,-2.936082911636544e-15,-2.287314813012575e-15,6.72364057323112e-15,-3.9706777164113476e-15,6.783791681092001e-15,-7.193803955057186e-15,-1.2281232852780385e-15,-1.967592846612455e-15,-1.5301941866035242e-16,2.617585999140798e-15,-2.9649142133852865e-15,4.308952223279435e-15,-1.618032639150714e-15,4.0982904318782925e-15,-7.920068508820364e-16,-4.97954813383066e-16,1.6077360780495435e-15,4.579434616737665e-16,1.959736692181218e-15,2.568575481537062e-15,-8.850455919994314e-15,-3.673472884316952e-15,3.779703022718701e-15,2.8954330110521406e-16,9.045256776790846e-15,-8.770696125037755e-15,3.7120794108693195e-15,-4.081019958368963e-15,-5.405587881370135e-15,2.796175503293893e-15,7.656429095326338e-15,1.0229568894332738e-14,-3.355245867272265e-16,3.348681665180363e-15,1.0219914956773063e-14,-5.839203165234062e-16,5.285714316455789e-15,-5.646730778417094e-15,-5.272706250272514e-15,9.43813662753223e-16,1.0,5.1120263763062616e-15,9.506638520325742e-15,2.2569390890110237e-16,-5.259062165245175e-15,-9.865513599514475e-15,1.0849500023430822e-15,-3.5733790882195834e-15,3.3082010237183683e-15,3.5232300359928006e-15,-6.208749958210139e-15,1.5485042857464883e-15,-1.1133246698003327e-15,2.6183896185996303e-15,-6.147334954281793e-15,-1.3479412821584091e-14,-8.412527016181668e-16,4.8690389722548186e-15,-1.4141039623367018e-15,-1.004667587127254e-14,-1.685474865364413e-15,5.4722357387450406e-15,8.055722100481115e-15,1.233407846177773e-15,-3.251285424591143e-15,-4.231087023624373e-15,-7.219530567858839e-16,-1.3111634621080584e-15,2.488726507262563e-15,-2.2115705540664984e-15,-4.079586227822046e-15,-3.3214890902240613e-16,-1.018016819482655e-15,-2.0679602573883077e-15,3.2746912968134198e-15,6.261853834320814e-15,-3.075439926494382e-16,5.314837452089061e-16,-4.746899641489025e-15,1.426122150120675e-15,1.902149055228906e-15,4.0766486542674456e-15,6.419963895978494e-15,-4.378385671292979e-15,-7.065880818907377e-16,-4.204793859759293e-15,-2.4264870689107916e-15,7.636145240220851e-16,-1.9775809806938068e-17,-1.2275578174538098e-15,-0.003048938722715566
64,6.444627928593383e-15,4.116907822292974e-15,-2.7043072178058896e-15,4.533026981615173e-15,-3.1466854465662024e-15,3.006198189210459e-15,-1.8789806956243454e-15,1.913639582256418e-15,2.6486658398476774e-16,9.718433803089747e-15,4.8261329696043e-15,-1.1343408586800165e-14,-1.1244832355213565e-15,-4.308700823085006e-15,-8.692179587660872e-15,1.4417397797460295e-15,6.8173460911349154e-15,8.816857739700398e-15,3.5022982820716778e-15,5.284465949245835e-16,1.6495077592965244e-16,-8.965458460113751e-15,7.173391744429273e-15,2.630863251467464e-16,-1.4984936324426427e-15,1.4883610389115997e-15,-1.4412771950565736e-16,4.738888417356429e-15,6.23947005066873e-15,-3.620758789979072e-15,-3.4962972373918816e-15,-2.2312252851525753e-16,-7.159387789217404e-15,4.2511789143645504e-15,-1.4453611764927288e-15,4.095282869249937e-15,-2.136807997523866e-15,6.53269520277631e-16,2.8436603724185983e-15,-1.7474755053642875e-15,-3.2229284504260783e-15,3.950048235424322e-15,-7.220526142019302e-15,7.056131645568708e-15,3.4171982170213653e-15,1.137281494704644e-15,-1.789455533327959e-14,-2.637324453475175e-15,-5.617928014463496e-15,7.193499013010598e-15,1.4752385992273252e-14,1.8781984629705594e-15,-2.0193150530718226e-14,3.757233613113345e-15,-2.466767076674674e-15,1.1867276856364287e-14,-4.593526282138475e-15,3.2997404684033828e-15,-2.482869187554808e-16,6.047478328821918e-15,1.0228528180790633e-15,2.0953721574665202e-14,1.2455088769867734e-14,5.1120263763062616e-15,1.0,2.2574462998042565e-14,-3.4701398933610493e-16,-5.9899429548809616e-15,-3.4089203598485274e-15,1.2143938639894985e-14,-3.230006828682307e-16,1.971305309791481e-15,4.8348704129694124e-15,8.043565515769847e-15,5.076112583686143e-15,-3.38711879229984e-15,1.241391112057359e-14,-4.301810204607854e-15,-1.0065413324521646e-14,-2.121823242473099e-15,-1.3775180518675255e-14,-2.8089506461458468e-15,-6.411554783158049e-15,2.4046859041230265e-15,6.103201764906429e-15,6.667218840842772e-16,2.6136654937339607e-16,-3.746285096761534e-15,1.1972637757761902e-15,3.416720693961715e-15,4.985249774766639e-15,-4.019702791016257e-15,-6.097668699308066e-16,1.6162662290605428e-15,6.337682331996921e-16,-1.0516205763089658e-14,1.3451575805248617e-15,1.7475059529721725e-15,1.1635349657844245e-16,-1.0642780216051377e-15,8.68885088600927e-16,1.3017917110418392e-16,-1.1739454721162163e-15,-3.2483975317630364e-15,3.581888576292183e-15,-2.867521147935864e-15,2.8759600926759486e-15,4.153987976604143e-15,1.2455348807451604e-15,3.0269167750163315e-15,1.6168074754221668e-15,6.191203184345167e-15,-3.203461336253874e-15,0.12346158215293683
65,-1.3948508744620906e-14,3.3869605470062875e-15,8.098934269557984e-16,-5.9211305746880575e-15,-1.839516584815679e-15,-4.884354316266566e-15,-4.125945511757794e-15,-3.5395631037853188e-15,-2.3894492737491653e-16,5.5627728251921016e-15,5.0114281349723594e-17,-5.212750920578005e-15,1.2953757199496738e-15,1.3254033958067438e-15,-6.168761233242589e-15,3.7794429564593267e-16,8.551283193957138e-15,2.3354773279437153e-15,4.3080530409833997e-16,-8.517238602858607e-17,-9.205621022863171e-15,3.5337209643203466e-15,9.006357359985632e-15,-2.309313395918429e-16,-3.4813427792703005e-16,-5.085066472225156e-16,-3.310460522959823e-15,-9.001289020945845e-15,8.259645112398465e-15,-6.648319244188734e-17,2.5069605600247417e-15,1.0030195251816318e-14,-7.501694659294537e-16,-4.459661471982373e-15,-4.039643190351893e-15,-2.719881240463063e-15,-3.599015866506285e-15,-4.557529498283447e-15,9.426735262787502e-16,-5.2481952583671e-15,-4.0722223059169506e-16,-7.743574124047976e-15,5.6104686135681726e-15,-1.601086234174321e-15,2.4172563667628947e-15,8.104365377648285e-15,8.161343305475702e-15,-7.770230168090022e-15,1.2843782084250287e-14,3.584339631863462e-15,-4.013592957254867e-15,2.7425831138397224e-15,-7.026711168053381e-15,4.2542090069645464e-15,5.8936286468837475e-15,-3.3362460286428954e-15,-1.6188680024515575e-16,-4.66084286919735e-15,1.266470675844869e-14,2.260064405529225e-15,1.2134262961710622e-14,-7.495796369280542e-15,-1.5802226466141736e-14,9.506638520325741e-15,2.257446299804256e-14,1.0,-1.2955169142069223e-14,-1.2533674439001267e-14,6.616964598726615e-16,1.476380507017378e-14,-6.903838092080782e-15,1.214355584603379e-14,1.8571390708318215e-14,1.6367899239772887e-14,9.474028444187484e-15,-1.642434250089845e-14,8.284427128692499e-16,-5.5511887033411435e-15,-6.899595601878107e-15,-2.8242968400874637e-15,-9.462232727140566e-15,-3.081983891462486e-14,5.629692915337532e-15,-2.133949329340415e-15,-8.207286672486654e-15,-9.59094859801826e-15,6.092955155356053e-15,-4.734289965752209e-15,8.275916374161569e-16,1.053706940705412e-15,-1.062036981278874e-15,-8.344952693521484e-16,-3.7912225354492504e-15,-6.965330536740882e-15,-1.9678188062238963e-15,-2.5680976887794485e-15,4.084390346255489e-15,4.267446105058171e-15,3.501866117690972e-16,9.300525321580593e-16,-4.855044444618895e-15,1.1717952040110014e-15,-2.137539413090097e-15,2.998779577648646e-15,-1.4914314591205418e-15,-3.921948550608009e-16,3.0252256338985494e-16,-1.5993868421084127e-15,-1.119860383736012e-15,-6.77551360016358e-16,5.132332667754352e-15,3.2205443047791297e-15,-1.097491138163229e-15,0.18067818857596848
66,-1.6296369812499067e-15,-4.692973078245107e-15,-4.212866147342934e-15,1.3325669551494562e-15,4.332830149238628e-15,3.466241120575777e-16,8.976870015439642e-16,1.9109054546971292e-15,5.603489960754208e-16,-1.095931564400889e-16,-5.441226538081387e-15,3.4940139232101403e-15,-7.385499172359791e-16,-3.8756917654662023e-16,4.0741967861016865e-15,-4.869546851951438e-15,-4.2821704012681435e-15,-2.62698967042689e-15,-1.8001820338246186e-16,-4.3059827610413785e-15,1.149639311152934e-15,1.985335083868413e-15,-2.9690025893507587e-15,7.754309516855342e-15,-1.4267022394852701e-15,3.8882907122485695e-16,3.91443676008149e-15,7.296922770524371e-17,-3.2739373033232255e-15,-1.2323410814742274e-15,-9.104726446956655e-15,4.691945377227925e-15,1.9252326992208865e-15,3.0433142009122046e-15,4.785795937018067e-15,1.4556416620608658e-15,3.7057771405966125e-16,-2.8642296948124807e-15,4.3153670877731455e-17,3.972463991001879e-16,5.274088363345307e-15,-2.1063560554965348e-15,2.395624229640782e-16,-7.705120598339218e-16,2.1286078895385117e-15,-5.457296211096839e-15,1.789184810875511e-15,-2.6046525665015732e-15,2.8191025711287266e-16,1.3408421080561284e-16,1.0300551942567398e-14,-2.5834080960684828e-15,1.1360102184521467e-15,-5.693959234345361e-15,1.179991008348787e-14,2.277876037843068e-15,-3.1413172095215184e-15,9.497119089712845e-15,-3.6330265049966304e-15,-2.6859863149416416e-15,-1.0326142353669021e-14,-2.621528859193212e-15,7.608667540175047e-15,2.256939089011024e-16,-3.4701398933610493e-16,-1.2955169142069223e-14,1.0,4.5306669011985665e-15,-1.3972899084843061e-14,-6.349276318912553e-16,-4.783172681525748e-15,-1.0671553938795477e-14,-1.3687094094384278e-14,9.576996285924229e-15,7.825828338227e-16,1.1754831603622522e-14,9.269981032387322e-15,-1.1947218510189558e-14,5.0718147248709706e-15,5.679941049057474e-15,-4.264518881878578e-15,-1.0977208705681668e-14,3.0706115344367885e-15,-6.288287469388393e-15,3.819615263167713e-15,-7.210786459350605e-15,2.8460135836137817e-15,8.045365739028615e-15,9.573543962401395e-15,2.9910211301839707e-15,3.712686061179753e-15,8.52520048322737e-15,-2.411210378399634e-15,-8.267805192437567e-15,6.343282887968009e-16,-4.541205723414747e-15,-7.057584907753304e-15,7.067789851824425e-16,-1.2916507553517072e-15,-1.1827613328220088e-15,4.619778656712571e-15,-3.0646389795250046e-15,-2.168643113579554e-15,-3.674289646576613e-16,-2.5257005997613817e-15,-5.592237642424468e-15,-4.9285507410606226e-15,1.5724492739791024e-15,2.624057981621076e-15,-1.0406266451329563e-15,-7.660497783051597e-15,-8.35864178506129e-15,2.188133961875372e-15,-0.05428414665702207
67,-4.898388521744285e-15,-2.279286210685086e-16,6.641076121032632e-16,-4.43793963339902e-15,4.026954240002105e-15,-2.876816086349275e-16,6.096904003390596e-15,-2.1894571696963816e-15,-3.0332034114675685e-16,-6.278231463673613e-15,-3.518156968467309e-15,6.23607927622463e-15,3.126865200222736e-15,2.0797286829111498e-15,6.472688168478013e-15,5.560347820818741e-16,-4.904449546081258e-16,-4.2490746676728385e-16,-7.53967972129747e-16,-2.6650243745949385e-15,-4.136873906812342e-15,-8.329110857180614e-16,-4.4083281623780046e-15,8.495626555283246e-16,2.7675154888687767e-15,-3.5248030386872525e-15,7.45159773997187e-16,1.855221479471886e-15,-1.0825744361927259e-14,3.528743747277385e-15,-6.119669380935956e-15,9.279934347195429e-15,-1.3446427292766282e-15,-7.0765114619945725e-15,3.1023938115007972e-15,-2.7641828317224297e-18,1.1230623110847787e-14,1.4169881168116494e-15,-2.407302541195717e-15,6.844647048267942e-15,5.77019697017281e-16,-2.293911273515973e-15,-1.4293519702492918e-15,-1.1482663608190519e-14,1.935601385211884e-15,-6.9710120466337555e-15,1.622720213917666e-15,7.945861538635626e-15,-7.840489649803935e-15,7.514955009518448e-16,6.770089788899788e-15,6.3073816181041125e-15,5.095274565487209e-15,7.51022048913722e-15,5.933739776157209e-15,-3.204944789619701e-15,-7.537520433876371e-15,1.481029555602087e-14,-1.14904563524054e-14,-9.500837438854848e-15,-1.6469573436412282e-14,-3.7272300934748996e-15,2.1545340259545632e-14,-5.259062165245174e-15,-5.9899429548809616e-15,-1.2533674439001267e-14,4.530666901198566e-15,1.0,-1.457304450439153e-14,-1.0686939737816264e-14,8.183127584396023e-15,-2.3257386859252217e-14,7.385575324437739e-15,3.9078479880247705e-15,-9.475724041812672e-16,2.2003898583594792e-15,8.561737247608738e-15,-2.7782062940719956e-15,-1.454253180395815e-14,-7.171539969670076e-15,-4.145904214376225e-15,1.658725325563039e-14,4.907322129378078e-15,-6.972571926561668e-16,-1.4236893174321075e-15,-1.1420092202752333e-15,1.3390269856470242e-15,6.701497967026228e-15,2.8086554821918707e-15,-2.9095059393152736e-16,-8.477333554308237e-15,2.8883124267133697e-15,8.446525041206994e-15,1.3777241834513055e-14,1.2151418365044983e-15,-2.642232652454718e-16,2.824874559842157e-15,1.0059066623848415e-15,-1.2219347014102048e-16,-3.8993200148531295e-15,4.814000266957221e-16,-3.36493357255027e-15,4.3314421485630174e-16,1.068171283728239e-15,3.5069821515206044e-15,-9.866888224135384e-16,-3.3922510437785635e-16,4.265125996550737e-15,3.6403877860815255e-15,1.179665510847381e-15,-2.3731141278592446e-15,2.6435472867795844e-15,-1.5090721937994469e-15,-0.07777271606027528
68,3.578687240552053e-15,5.2890376763000176e-15,1.538217904169714e-15,2.1771753379553227e-15,-1.688002310857236e-15,-2.264010779319971e-15,-1.3571842423102566e-15,1.984811289132772e-15,-1.2717599901938115e-15,-1.9471581234762498e-16,-2.4717188879280565e-15,5.4871997485410015e-15,-1.1245217106637729e-15,-9.62841462711577e-16,2.6151993064072053e-15,3.008545397183622e-15,9.652425523883316e-16,1.7819760511118842e-15,-1.1129282673379834e-15,1.280719066790353e-15,2.3812414184930723e-15,4.431046630546694e-16,4.9314535780594955e-15,-1.1220239426732476e-15,-8.804090701113399e-16,1.5064997873144542e-15,-4.852484136998312e-15,1.9960674031793696e-15,6.188893090947045e-16,2.7648376543375685e-15,-4.4470998624300356e-15,3.538263150487264e-15,3.644217538911565e-15,-2.341716619397356e-15,-5.277289755365566e-15,6.320951930017215e-16,-4.14036828694634e-15,-3.3992252501682714e-16,-8.137531410954815e-16,-5.5444747588793575e-15,-3.694891069857172e-15,-1.529141610087932e-15,3.572465919801553e-15,1.484720856132284e-15,5.217637228534559e-16,8.208436220962856e-17,-4.06281450002014e-16,-9.288825360751152e-16,-4.00210384272846e-15,-1.5442517874081652e-15,2.1596218786064735e-15,-4.1131094087102964e-15,7.020558477934882e-16,1.7333024151486081e-15,1.0228123101753852e-15,1.2491903173760174e-14,-1.8676155530223488e-15,8.976936495664098e-15,1.9152568560994956e-16,1.594666082489917e-15,1.3264813165353724e-15,-1.7881980261554645e-14,-2.885827020807987e-14,-9.865513599514473e-15,-3.408920359848527e-15,6.616964598726615e-16,-1.3972899084843061e-14,-1.4573044504391528e-14,1.0,1.1719061839378548e-14,-5.3646808763505765e-15,6.750818828555499e-15,4.743768643308313e-15,-6.0236184629793566e-15,3.4672972433665364e-15,5.700947318769132e-15,-8.741069580404494e-15,1.364258489783511e-14,7.944580955434353e-15,-4.5484038547722176e-15,1.0354448779361364e-14,2.7932077180919757e-15,5.5441331298276014e-15,-3.1305140608756582e-15,-1.3348306457548477e-14,-8.023632548517853e-15,5.282881369551774e-15,4.267607507079828e-15,-2.1148408871666204e-15,-2.296956345160021e-16,-5.100646665439368e-15,1.2066561616590331e-15,-4.2825077619023995e-15,4.075616329415213e-15,6.357004282397184e-15,2.0718800617677746e-15,-3.780397443915986e-15,-2.4903168842834764e-15,-4.746890461525821e-16,-2.7633400437132407e-16,-3.989257448879625e-15,3.230424123521448e-17,-7.433534710599117e-15,-5.120610261846919e-16,3.021178592057208e-15,3.2662379856735314e-15,-1.8221184000809225e-15,-2.1262379465767913e-15,-5.020051921006295e-15,1.8091715798756655e-15,2.7119047325227007e-15,1.9073946043553827e-15,-4.464060125911041e-16,0.06217886908631515
69,3.101170758105513e-15,2.986757879520587e-16,4.574173213737397e-15,-2.8119521252490783e-16,1.9336052375829854e-15,8.365002759572324e-16,-2.1471342612609424e-15,4.1212195516061e-15,-4.526366742169801e-16,-3.980571008593583e-15,2.9652216945856577e-15,1.6421980451613375e-15,-4.254190003923074e-15,2.0863685608217764e-15,-1.945049619812959e-15,-1.3433361314001707e-15,8.380036090865528e-16,4.185195682475667e-16,-9.87277341214781e-16,5.351225056421138e-15,1.3248348493608607e-15,2.1408618031515609e-16,-1.919677864040243e-15,-4.029565277511837e-15,6.340980661149132e-16,-3.696683755470984e-15,-8.470982478384655e-15,1.1344318263742725e-15,2.0280485133616516e-15,-6.446858029452502e-16,-1.1367350786611937e-15,-3.0458480565685754e-16,-1.7695942394529132e-15,-1.0434280060392864e-15,1.6874913920967302e-15,4.666870271915702e-15,-3.703975236031801e-15,-1.1364736296101176e-15,-3.0062001739337935e-15,3.59204386777216e-15,-2.0676311043958294e-15,-3.282699376514488e-15,1.693225794245644e-15,3.487296888201664e-15,-2.707835031795122e-15,1.3051869096713653e-15,6.199138317003602e-15,6.328815263182748e-15,1.5041211638783124e-15,6.2138572424091466e-15,-8.554266683399387e-15,2.465868627166042e-15,6.005950100032388e-15,-2.17455003175877e-15,-4.946612336100181e-15,1.187276538404432e-15,8.153212383574323e-15,-4.382524345822239e-15,2.9289724475290635e-15,-2.0878672968631564e-15,1.2619897547365673e-14,-9.139059509444331e-15,8.73064615120446e-16,1.0849500023430822e-15,1.2143938639894984e-14,1.476380507017378e-14,-6.349276318912554e-16,-1.0686939737816264e-14,1.1719061839378548e-14,1.0,-2.1090268127426367e-15,5.933939984991546e-15,1.1812859652168315e-15,-4.294414685997944e-15,7.929261046264336e-15,-1.116526941838061e-14,4.624990940083603e-15,-1.499674907130985e-15,-7.71919422424474e-15,-9.588374811225493e-15,-1.1639699285331584e-17,-7.893393460957155e-15,-2.6574478301629953e-16,-3.206088103295883e-15,-2.252335722880622e-15,1.684815297634271e-15,9.866320466240685e-15,5.472065055512916e-15,1.2903723080534271e-14,-7.51403487700272e-16,-5.030475705763918e-15,-6.477339345949712e-17,9.477617123451592e-16,2.619215134126962e-15,-5.990475945461984e-15,2.4838381054381894e-15,-2.820968442771033e-15,-3.610398576569433e-15,-2.0538228406025046e-17,7.0373566364137936e-15,7.406436617858211e-16,1.6569831305265274e-15,-1.9576213926003482e-16,-6.280528300972468e-16,-4.1067583754472084e-15,-2.458196831709758e-15,4.356404208286563e-16,-4.3322267842246784e-16,3.0430555045470886e-16,-1.8597851696603624e-16,3.1366780881476657e-15,-2.6273938590951907e-15,4.240459525538417e-15,0.017025057379291535
70,-3.3111396969605115e-15,-4.785769893796762e-15,-2.3920145366241656e-15,-1.7969377539175987e-16,7.327339831972244e-16,-1.6674026219929432e-15,1.7253944960837884e-15,2.6896543663633724e-15,-2.9992273823930515e-15,-8.314957285683876e-16,-7.913956467039891e-15,3.460784016224519e-15,4.6819373161088255e-15,-6.790365473209211e-15,4.9582960290226945e-15,-6.182489343645027e-15,-4.921170829624866e-15,-7.431897896205494e-16,-6.625751452489011e-15,-3.7180841501081385e-15,2.3180161756802068e-15,3.736255240729917e-16,-4.533924577739162e-15,-2.262431369696448e-15,2.4894151153244517e-16,4.742847150706149e-15,9.050286940058212e-17,1.751441501041399e-15,3.407499113089292e-15,3.462484327269142e-16,1.470968438372041e-15,2.865587233939391e-15,7.025084231436196e-16,3.2036889654880718e-15,-2.0180177207581257e-15,-5.499565503970947e-15,1.0933965520416585e-14,2.1907282723126826e-16,4.993293346894154e-15,-3.927475177617503e-15,-5.406910274100878e-15,1.0677627784950395e-15,6.09663376696183e-15,-8.238260646293522e-16,2.6737297111530975e-15,-2.684181178999968e-15,4.047083366519307e-15,5.232911499253798e-15,-4.894996701099582e-15,6.138963664431578e-15,-1.0696608308138824e-14,3.39022019490163e-15,-8.284290912504122e-16,8.722594268983481e-15,1.1827430828412052e-15,-1.899210380846299e-15,-1.67104356369548e-15,2.577104979193279e-15,-5.7975797214599006e-15,-1.9464767685598053e-15,-1.0197007601848987e-14,-7.26717393481992e-15,2.6598847081502838e-15,-3.5733790882195834e-15,-3.230006828682307e-16,-6.903838092080782e-15,-4.783172681525748e-15,8.183127584396023e-15,-5.3646808763505765e-15,-2.1090268127426363e-15,1.0,-1.073665207777238e-14,-6.697156814879851e-15,-3.503633238235372e-15,-2.6612255956740717e-16,-5.176947877642952e-15,6.263258618146761e-16,-2.2867829809352738e-15,-5.976517062710075e-15,-5.196280713132188e-15,5.33330385885983e-15,8.900675177680264e-17,-1.8865873400709634e-15,1.2530277244475535e-14,-2.5048536281035017e-15,4.759055786369108e-15,-3.65243957173326e-15,6.493933292679801e-15,1.855377153079824e-15,8.212057367526415e-15,3.187195101789143e-15,8.910239952050052e-15,-7.53619136103356e-15,8.203646487769229e-16,-1.026194625221172e-14,-3.616735153540522e-15,-5.1546784337167196e-15,-5.786693898866948e-15,1.3984477098753902e-15,7.723039525501553e-15,2.9353148926392464e-15,-8.361330294344557e-15,7.50730922912903e-15,5.784221816639442e-16,1.0183355643581359e-16,2.35055099254609e-15,3.5326482443386323e-15,1.6298701030817472e-15,6.336116559374316e-15,-8.258117752355079e-16,-4.293874194690368e-15,9.211098701653047e-16,-1.5725493912575251e-15,-0.20975558744590025
71,9.752555267174439e-16,-4.837929700261528e-15,-2.3257169650678087e-16,4.667476133415766e-15,1.1854925787781912e-16,1.2475597368737678e-15,-1.6866197854297346e-15,2.1848077771584285e-15,-1.1039651438837945e-15,1.3730197414825475e-15,6.241122224882363e-15,-8.288163386073135e-15,-8.764461185925648e-16,-2.8271466548176308e-15,-8.848666882021025e-16,2.0057817570676625e-15,2.8591154939452455e-15,2.295946275830319e-15,-2.7223361865960485e-15,1.673608045545344e-14,4.447521849350341e-15,-1.7107871782865512e-15,1.1645924029831282e-15,-2.4315457044802916e-15,2.7339787857327983e-15,3.2794436011922974e-15,-2.3850159734984094e-15,6.049339293639987e-15,2.5732980245249963e-15,-7.38159157569826e-15,-1.85315027134022e-15,-5.1134067071714045e-15,3.052547016284524e-15,5.965181112805589e-16,2.664055338524547e-15,5.332087278917237e-16,-4.2705500279862605e-15,-2.604503599215848e-16,3.0184211020179307e-15,1.704351617088133e-16,2.005663668410851e-15,1.3154089217913097e-15,1.967786279084832e-15,1.5461997546130075e-14,1.540758492806785e-15,1.0210060261635897e-15,-4.3697256098577945e-15,4.149859028579842e-15,7.212228359550996e-15,1.801313038227081e-15,1.5842487059835974e-15,-7.682123262353317e-15,-7.878601577088584e-15,9.077825862589217e-16,-2.595773500061608e-15,-1.3965856043008155e-14,1.87127075197669e-15,-1.7710008146581618e-14,3.067948024756166e-15,-4.761295213855596e-15,8.760640012947406e-15,8.493663018270495e-15,-3.6077203627388406e-14,3.3082010237183683e-15,1.9713053097914805e-15,1.2143555846033792e-14,-1.0671553938795475e-14,-2.3257386859252217e-14,6.750818828555499e-15,5.933939984991546e-15,-1.073665207777238e-14,1.0,-1.3522628923385264e-15,-3.0865902712332463e-15,1.2591531552671138e-14,-5.368411197013847e-15,1.7385926198388058e-14,-5.650781988559087e-15,4.636077698997914e-15,-2.52822579248258e-15,-2.450038217117995e-15,-1.825950432012537e-14,1.0211133336468302e-14,1.0598882333716503e-14,6.0200607540402924e-15,-4.496036542426209e-15,1.1479103697641641e-14,-1.0132798374405207e-14,1.820050455915656e-15,-2.6997892177137353e-15,8.176968238188926e-15,-2.809646739477706e-15,-2.254829210147116e-15,-6.867304530288042e-16,-2.9458184618726884e-15,1.3847446700352753e-15,1.4539439899156224e-15,-6.344480644085251e-15,-2.5856141052127217e-15,3.7884847782129345e-15,-1.5722166592426367e-15,-7.191587898904323e-16,-2.974016371612982e-15,-5.316129234548408e-16,-8.761984133008052e-16,-1.4367180507857675e-15,-2.14524662968169e-15,-5.7467240710043435e-15,2.832288878331114e-16,2.2203716840960486e-16,-1.350022277835517e-15,3.860039977282172e-15,1.003733454217729e-15,0.07918638323291331
72,4.810300013585967e-15,-8.856392205951223e-15,-2.1981740193442713e-15,4.26434513649308e-15,-2.1691494519567398e-15,2.420596352893791e-15,-5.947792392963838e-16,-1.7383145656703417e-15,8.595250467913163e-16,-2.9864528332444785e-15,5.1311310794093254e-15,-5.860169814261497e-15,6.094796907693828e-15,-6.023772788590879e-15,3.822385206180374e-16,-8.539116623870403e-16,2.9022999705668623e-15,6.291312007763738e-15,6.368637086572958e-15,7.151625952588082e-16,4.827069109802681e-15,8.73671251234738e-16,8.205144988115746e-15,-5.723659897284357e-16,-2.4430531263781668e-15,4.796152220031401e-15,-1.7333289309789767e-15,3.0687732477731042e-15,3.699036357880754e-15,-3.961030751379436e-15,4.7197312378140905e-15,-1.9458053378734207e-15,-4.382836226365227e-15,-3.9674614958926344e-16,3.3672878807203556e-16,5.036589843775136e-15,-7.264146549369188e-16,1.5321374303760125e-15,1.0175212468486517e-15,5.3172429918044505e-15,5.203684541952578e-15,4.172461402318768e-15,5.295516672161672e-16,2.1569501868019126e-15,2.942191849555902e-15,-2.6820265021165585e-15,4.665594629398244e-15,-2.519956807405112e-15,7.676994903417936e-16,-1.3444055642366385e-15,5.297170303395707e-15,6.733444194342025e-15,5.892931033578847e-15,-1.5019123266661128e-15,1.8646014144117974e-15,1.200122460610486e-14,-7.45276763139452e-15,3.187757356098923e-15,-2.4716714443021925e-15,-1.0757947848085291e-14,-2.3340627082825924e-15,2.001066984780201e-15,-1.632569660800004e-14,3.5232300359928006e-15,4.8348704129694124e-15,1.8571390708318215e-14,-1.3687094094384278e-14,7.385575324437739e-15,4.743768643308312e-15,1.1812859652168315e-15,-6.697156814879851e-15,-1.3522628923385262e-15,1.0,2.799919829172817e-14,-7.331359797766696e-16,5.114939028751628e-15,1.0739695330933787e-14,1.225107410202806e-15,4.237361941088256e-15,8.435893419488054e-15,5.389853472380015e-15,-4.7903619124758814e-15,2.377519028377331e-16,-1.0486484858218695e-15,3.1557332430284835e-15,-3.436214852041447e-15,-2.4542654427105387e-15,-2.4525863014223708e-15,-1.2601125272758344e-14,5.406006443848872e-15,4.185056265466212e-15,-1.2500742020074852e-15,7.986882236960458e-15,-7.245128871275052e-15,-1.7759951723202665e-15,1.0873868473370484e-15,5.138953357707363e-15,9.175919058597203e-15,4.357676022419008e-15,3.0578429619718293e-16,3.469942758672309e-17,7.169077718298864e-15,-1.1624713302071544e-15,4.368724581770122e-15,-9.708919548089747e-16,3.5455499539436563e-15,-4.9492269362622444e-15,1.4148387114655546e-15,-2.669907666898274e-15,3.8330577061104705e-16,1.8154948500935336e-16,6.7106638949530645e-15,1.1433162179014571e-16,0.08981766909804757
73,3.3930096744071856e-15,4.293843735113188e-15,-4.996829089533647e-15,2.38516581094907e-15,-3.5390906876009836e-15,-7.526946492175018e-16,-1.6656736761704393e-16,2.24020774913518e-15,-2.3532489831010342e-15,-4.8129419783022e-15,1.1136476234786286e-15,-3.594872768163403e-15,1.924144903005512e-15,-4.829077501933472e-15,-1.0374281189156315e-17,-1.2940160986548811e-15,-1.820741010845213e-15,-1.961232204534138e-15,-3.4573881182020408e-15,2.5806219189710818e-15,-9.39900086392583e-16,-3.26957925472869e-15,5.724881429744304e-15,-3.992743494987354e-15,-1.2285974748788498e-15,1.6216341550082374e-15,-2.9472248094461618e-15,-2.901693471018411e-16,1.9363406242423627e-15,-6.38321601685269e-15,-4.061233181602342e-15,-6.682051360058282e-15,6.014282614029703e-16,-3.0385386297846876e-15,-4.6169019981970105e-15,-4.825429476942785e-15,-8.926348458624795e-15,-9.17014969780685e-16,8.027096734447701e-16,-1.2821665129251576e-16,-1.334969615117539e-15,-3.0416215167654782e-15,-3.895900486503496e-15,2.3364012783104903e-15,-2.412966125072272e-15,5.7526495721978755e-15,-1.0308121145051062e-14,2.597000793174608e-15,2.9458506134443456e-15,7.861175922084332e-15,-4.9115313072039134e-15,-4.851628858645432e-15,-6.654273626057966e-15,-1.1210346819999922e-14,-7.792139609429149e-16,-2.0154956739305254e-16,6.437326523363744e-15,1.1124231145262457e-15,1.5426069604424973e-15,3.876473947717263e-15,5.744344383416879e-15,6.631768019024224e-16,-1.0675503377195467e-14,-6.20874995821014e-15,8.043565515769847e-15,1.6367899239772887e-14,9.576996285924227e-15,3.90784798802477e-15,-6.023618462979357e-15,-4.294414685997945e-15,-3.503633238235372e-15,-3.0865902712332466e-15,2.7999198291728168e-14,0.9999999999999999,1.4967629627167867e-14,1.0664870767026697e-15,2.981872773974093e-15,-4.8917484961440086e-15,1.2393560441462466e-15,7.708427925304073e-16,-3.563804168214784e-15,2.044200905548894e-15,2.5872686451618224e-15,-6.333066008556081e-15,-5.0689679456483005e-15,2.1983717339528254e-15,-2.9164003853453544e-15,1.8584285393762615e-15,6.085990925511902e-15,-4.653964696536041e-15,1.0201957352368141e-14,-6.561737093032142e-15,2.6475157679841165e-15,-8.021747874740916e-15,3.9461840788342425e-15,-4.493872917144538e-15,4.133682269634806e-15,-6.357403217592258e-15,-1.2518743210457035e-14,1.6920653248286347e-15,-3.4597485959866643e-15,1.013961877153515e-16,1.6706864007503124e-15,-4.05274939590326e-15,-4.3089087962141177e-16,1.920886498265061e-15,5.588261263359024e-15,2.265104954623076e-15,-3.0325636780886774e-15,1.7003389913298478e-15,-4.216217465900767e-17,-2.0481151023211356e-15,-3.7215507538415204e-15,0.027923174225266637
74,8.31749568069703e-15,9.239236917942287e-15,-6.7144911965761115e-15,-1.7283529084584075e-15,3.5821288290762635e-15,-2.5977899730216658e-15,6.830247548940639e-15,2.908935985986477e-15,1.2640704368728076e-15,1.4823731868345202e-15,1.2846244872041907e-15,6.745519460162022e-16,3.86095833572389e-15,1.0047830081045779e-15,-2.245606519150447e-15,2.690447832130968e-15,5.7910567109926e-16,7.429811376810099e-16,3.182826533193349e-15,-1.2480032254303383e-16,-2.0154076786582815e-15,6.606129884070853e-16,-1.5088311086135183e-15,-3.2776050396588996e-16,5.306592578044638e-15,1.2350170037426627e-15,-4.88248760423079e-16,-3.269678089871901e-16,-2.219676412507112e-15,5.271487496714813e-15,-1.8587439185521842e-15,-1.2738366421917552e-15,-7.748956441841165e-16,-1.134722247279055e-15,-6.249415680484074e-16,2.9793774172385517e-16,1.6772236807558183e-15,5.315445315599396e-15,5.188454439027246e-16,5.587475389892761e-15,-5.9072638734047684e-15,6.367751655012434e-15,-2.744205884016381e-15,-2.1315568121877247e-15,-1.8854315101570646e-15,-1.580570214763437e-15,-7.83464335870158e-15,1.0426053955794267e-15,-4.87643104545488e-15,-1.7102510259695634e-15,4.4066852139117095e-15,1.6925240910063392e-15,-1.5599485973915132e-15,-6.7320073859546905e-15,2.360326826804223e-15,-3.993734757069524e-15,-4.5728947116729736e-15,-2.533348935091581e-15,-3.785739337629151e-15,1.649721056194867e-15,5.046715191775114e-15,7.445116522229612e-15,-2.1300747528201442e-14,1.5485042857464885e-15,5.076112583686143e-15,9.474028444187482e-15,7.825828338227e-16,-9.475724041812672e-16,3.467297243366536e-15,7.929261046264336e-15,-2.6612255956740713e-16,1.2591531552671137e-14,-7.331359797766696e-16,1.4967629627167867e-14,1.0,-2.002851219528145e-14,7.84642345889173e-15,-1.6401672100281323e-15,-7.266265346297916e-15,8.275801265672223e-15,-6.451081743887047e-15,-4.036886892378311e-15,-1.8586946922367927e-14,-1.0728236566000082e-14,-6.6815783086139236e-15,-3.3690859942326967e-15,7.19561074016558e-16,5.7999306740938625e-15,-8.322360301594563e-15,-3.012583371624963e-15,2.851374029238658e-15,-3.9902122399364575e-15,8.911456437014728e-15,2.74113930738688e-15,7.294921510845247e-15,-3.51037116836913e-15,5.522534486809862e-15,-2.9801274318195186e-15,-3.025049655888318e-15,4.879669363760279e-15,-4.3620729866652465e-15,1.9842209439269417e-15,-1.7531312888531417e-15,1.7089976748556455e-15,-1.7467031189375692e-15,1.018208768316723e-16,-1.3433742042839447e-15,-9.200119608069274e-16,-4.021632415391784e-16,1.1695060917401024e-15,-2.8279027582179557e-15,2.3518557317318166e-15,-6.043953633184193e-15,-0.1255108015914885
75,-4.396225071987261e-15,4.263576215204714e-16,-4.274393582936044e-15,-7.077307033300794e-15,-4.75765132012177e-16,-3.728922768253603e-15,-1.5937138136833765e-16,-6.604996643086298e-15,9.313771763458344e-16,2.402030114673946e-15,-8.878430115932543e-15,1.5875723125103515e-15,8.315082687482399e-16,-2.8149315666965064e-15,4.53785121348291e-15,-1.143321652312784e-15,-3.485677073702008e-15,-3.7848916896566344e-15,-1.4602263747360942e-15,2.4146827572002146e-15,-4.907576943375515e-15,-2.0801045779090386e-15,-4.196012459114544e-16,4.08004654558066e-15,-1.2956818089023392e-15,1.2268568087839034e-15,3.4308491091493783e-15,1.7973444483511037e-15,3.522663358408774e-15,3.922208103539328e-16,2.8030310619188157e-15,-4.207275411729825e-15,6.49007807221796e-16,-3.1267553074533685e-15,-1.3853718284246851e-15,1.3469905715854394e-17,-1.0203686053118646e-15,-6.752714030939893e-17,-5.373447785140472e-15,-7.0766956745442774e-15,4.2830865322704235e-15,1.6183268024694754e-15,-4.536637046203755e-15,-3.8227240197820164e-15,-8.146368562794664e-15,2.3618466817401444e-15,2.44975782278608e-15,7.539055438417255e-15,-7.020705599910212e-15,-1.584481117273001e-15,-4.191547214912315e-15,4.2886100086672606e-15,1.5666500402041214e-15,1.2693360831159822e-15,1.6513280932589483e-16,3.887451992821089e-15,1.0580274940089564e-14,-7.145332739596e-15,1.0593663195190398e-14,5.780110220414013e-15,7.116256206002426e-15,1.3339427840932129e-15,7.139861747705774e-15,-1.1133246698003329e-15,-3.38711879229984e-15,-1.6424342500898454e-14,1.1754831603622522e-14,2.2003898583594792e-15,5.700947318769131e-15,-1.1165269418380608e-14,-5.176947877642952e-15,-5.368411197013847e-15,5.114939028751628e-15,1.0664870767026697e-15,-2.0028512195281454e-14,1.0,-1.3472767457198755e-15,-4.829907732740113e-16,7.527457827527889e-15,-9.051396628410544e-15,5.744930695927876e-15,-1.270203029258834e-14,1.8614175651041263e-16,-1.7554880328774942e-14,1.1890129813666601e-14,-1.071911643663659e-15,9.019694832986606e-15,2.37387826838385e-15,5.306016032552569e-15,4.925498958777737e-15,9.655865739506982e-15,6.515043296124061e-15,-6.86062368143482e-15,-4.99246567254426e-16,-7.025074209033267e-15,-3.1190528194733095e-15,-1.5607935912423007e-15,-1.0497348127836374e-15,-2.5639177490968427e-15,-6.671106440012429e-15,2.5587679281063216e-15,-1.3556464096168118e-16,3.618105506596026e-15,1.7354288286907744e-15,2.092176211337594e-15,1.067394749801067e-15,-1.8702319411077966e-15,3.648369110499749e-15,6.853286330350291e-15,7.124520136063763e-16,-7.082464135266609e-16,2.7733068859913767e-15,7.518338022013557e-16,-0.1397918298146724
76,-4.285214032311455e-15,2.571797138323831e-15,-2.9811167168551394e-15,5.270699778463273e-15,-3.8626314177628535e-15,5.41742572431029e-16,3.872218525879099e-15,-2.171386340817124e-16,-8.897726572503397e-16,-1.3727328599070558e-15,2.7299719839831473e-15,-3.296682785005545e-15,-2.2446000547651863e-15,1.539461209469141e-15,2.84765212193491e-15,7.111599341583843e-15,3.2755843338318085e-15,-1.6307262201729689e-15,-1.9963125989753914e-15,-1.1835093024879311e-15,1.982990993952117e-15,4.770873169821776e-16,-9.32294788461231e-16,-2.3702276042600634e-15,4.250598681179849e-15,-1.2963687520810056e-15,4.933314292540628e-16,-2.5384580023559045e-15,-9.779866101037559e-16,2.2743420200298984e-15,7.947292097303328e-15,7.250860918049161e-15,2.2255564861134145e-15,-4.511436015169354e-15,6.677216237070949e-15,6.251878988399031e-16,2.0140383768544382e-15,4.901801994850786e-16,-5.027605883890549e-16,5.652011330246154e-15,-3.2153292777752528e-15,-5.37162829217223e-15,-2.2288618860174055e-15,7.848857194627399e-16,-3.5508694175274744e-16,-1.3194146379352412e-15,-3.18855661615506e-15,-1.7752397864577375e-15,4.508405676370263e-16,-3.842163903832323e-15,-8.233436793434115e-15,7.621855877097951e-16,-2.093052402147347e-15,-1.641099627112075e-15,-2.159183354836759e-15,4.568532185413825e-15,4.958239107898283e-15,3.994429502471922e-15,1.4813776773593408e-15,4.2053237562232006e-16,-2.421686821608256e-15,-6.545472993716764e-15,-1.232714463977923e-14,2.61838961859963e-15,1.241391112057359e-14,8.284427128692499e-16,9.269981032387322e-15,8.561737247608738e-15,-8.741069580404494e-15,4.624990940083603e-15,6.263258618146761e-16,1.738592619838806e-14,1.0739695330933787e-14,2.981872773974093e-15,7.846423458891732e-15,-1.3472767457198755e-15,1.0,2.6551250979728033e-15,1.0665673494602399e-15,-1.2379164721110106e-15,-1.8712132106835708e-14,4.4600657130119166e-15,-7.997791830250819e-15,-4.893837533865234e-15,-4.403918698484809e-15,1.2307082009721758e-14,-1.8944994914052504e-15,1.1049393799203665e-14,1.4673180868362488e-14,1.0370867351592902e-14,-7.612289648828418e-15,-1.3080685494059322e-15,5.1771405871747975e-15,9.107652694171971e-15,7.931860370739633e-15,-1.6585563238594132e-15,1.0287291917591184e-14,7.590041159384062e-15,4.027678395608433e-15,-1.2039173312887504e-14,-9.223465467751813e-16,-1.2092429571624077e-15,3.634518225835826e-15,1.6206215769209868e-15,4.400581561345343e-15,-2.4034483628738494e-15,-1.6781774652994992e-15,-3.357351559266798e-15,1.4685917362955202e-15,2.5260557577161284e-16,2.292423696539104e-15,3.369538175532032e-15,-2.2202449677015045e-15,0.026059197578784495
77,-1.709470756563523e-15,3.137084605968417e-15,-1.530292613613091e-15,-4.869048470699555e-15,4.6059997740788885e-15,-2.324161335956221e-15,-1.436660109964528e-15,3.742877807115647e-17,-2.148806004083093e-16,1.4829361042197928e-15,-4.2653634395776515e-15,7.000701811767764e-15,-3.3814326087228008e-15,2.980705986409891e-16,3.6586740327173226e-16,9.477525954431909e-15,9.667113155832045e-16,-3.872209946463476e-15,3.2515672700100996e-17,-1.4964610875506846e-15,6.572896071893169e-15,-6.536896132007691e-15,6.899153384043046e-15,1.5648059995784726e-15,-1.3050590076251377e-15,4.0385875790955746e-15,-2.1125669208912863e-15,-7.820781384818239e-15,4.189955008302031e-15,-3.885098013382645e-16,7.527542569633171e-15,-4.5841954182537505e-15,2.4730655672815184e-15,-3.0987163554240154e-15,-3.6753545880987817e-16,6.845000364318031e-15,-2.0516845657388095e-15,-8.500744653808514e-16,-2.0434476222850123e-15,-3.8829961155907275e-15,4.771667750821806e-15,-6.964473340263245e-15,5.892406376508579e-15,-3.9389086395171605e-15,-3.974554145873193e-15,5.5426277716549934e-15,-2.7707366793329545e-15,-4.849806428558583e-15,4.610595873408258e-17,-2.3973027961095794e-15,4.095670572672999e-15,-4.442297461894912e-15,1.4681235088168079e-15,-4.325821719047068e-15,-1.3542694405548886e-15,-8.836236752435798e-16,-9.281688902785405e-16,2.657953727163733e-15,3.587871988758773e-15,1.5770014269274417e-15,-4.3253681322738835e-15,3.3407161830343253e-15,3.09133971539901e-16,-6.147334954281794e-15,-4.301810204607854e-15,-5.551188703341143e-15,-1.1947218510189558e-14,-2.7782062940719956e-15,1.364258489783511e-14,-1.499674907130985e-15,-2.2867829809352738e-15,-5.650781988559087e-15,1.225107410202806e-15,-4.8917484961440086e-15,-1.6401672100281323e-15,-4.829907732740112e-16,2.6551250979728033e-15,1.0,-3.0023509100440276e-14,-7.690074857233314e-15,-1.8833385815304614e-14,1.5669718672339288e-14,4.003483949665351e-15,1.9919383691792944e-15,6.572039593483153e-15,1.462046224683099e-14,-6.013008980465084e-15,6.415236442934481e-15,-4.747077285951111e-15,3.5815896512281175e-15,-8.177510074684108e-15,3.2341504829280393e-15,-4.262963350016683e-15,-6.827433095421915e-15,1.4751004180199425e-15,2.9596672752779235e-15,-2.132783594226313e-15,9.190827285239935e-15,1.9944628821263796e-15,-1.600716473535006e-15,-2.9736352500082247e-15,-1.6177888119069058e-15,-1.356279337612474e-15,8.749103899242285e-16,1.6900991351211895e-15,-4.0486317206516805e-15,-4.196945847306126e-15,-9.544449298106084e-16,-6.127769127676001e-16,-2.125306460313915e-15,4.630803712398847e-16,7.607906143373539e-15,-2.7738732544367135e-15,0.03703524075733639
78,4.249139160887542e-15,-1.676665201994832e-16,4.033908399315161e-15,5.450481643733253e-15,2.0969503014435814e-15,2.5949767556454313e-16,2.6273713345433833e-15,9.272329581533168e-16,-4.102191228588018e-15,-2.526743648784099e-16,-7.027217102523386e-16,1.674968871514809e-15,2.9250875100030442e-15,-1.8984192566044862e-15,2.160615117032985e-15,-7.177528805875787e-15,-5.665024937619561e-15,-8.827235319440883e-16,3.5252045225777822e-15,-6.930298860133435e-17,6.432626180976288e-15,1.07217537480066e-15,-4.2010409965627926e-15,1.0750463032601092e-15,-2.8890415512842595e-15,4.393749540559758e-15,-4.872910046203051e-15,-2.159370479001536e-16,-3.884803576647517e-15,3.4077789608127983e-16,1.7271124211365929e-15,-5.033864767423927e-15,5.073809710417159e-15,6.138964254156478e-15,-2.8324030142749925e-15,-2.9387055031364964e-15,-2.5529634301979123e-15,-2.7208377665873476e-17,6.254515227586095e-16,6.444563793391314e-16,5.395501897392349e-15,1.2881128604916738e-16,1.8244123500862662e-15,2.0252081831923082e-15,-2.1279469288158314e-15,7.259673885295476e-15,-6.296806754009504e-15,-5.094595888398427e-16,3.621256488934791e-15,1.837382634147264e-15,-8.533573952048924e-15,-6.982972910802205e-15,-2.045848505745744e-15,-7.284188484829296e-15,-5.041623328221969e-15,-6.819167634709532e-15,-1.979714170239074e-15,5.392557007138694e-15,1.038123830830655e-15,5.1262057404107166e-15,-1.0039556246149488e-15,2.5676590133694554e-15,-3.6907657522486194e-15,-1.3479412821584092e-14,-1.0065413324521647e-14,-6.899595601878107e-15,5.0718147248709706e-15,-1.454253180395815e-14,7.944580955434353e-15,-7.719194224244741e-15,-5.976517062710075e-15,4.636077698997913e-15,4.237361941088256e-15,1.2393560441462466e-15,-7.266265346297916e-15,7.527457827527889e-15,1.0665673494602397e-15,-3.0023509100440276e-14,1.0,1.1413047226990973e-14,1.4038842303484924e-14,-1.570689482739175e-14,-2.2688994015491916e-14,-3.375242725575156e-16,-4.046731616506135e-15,-7.886184586075408e-15,3.2292092888650725e-15,6.994750832243167e-15,2.8973705538048003e-16,-1.0666093702721071e-14,8.31861232224433e-15,2.6404827000502534e-15,-4.932524440940896e-15,7.769962712111086e-15,-3.914658973801492e-15,2.621513961015464e-15,2.8025549552635644e-15,-4.215040165478818e-15,9.253827721027531e-15,-3.3318939008989e-15,-1.7452426902309642e-16,2.3645971288129883e-15,2.265779003181298e-15,-1.3872814565541693e-15,-3.1976440077630114e-15,1.739353243351439e-15,-1.5923002650781882e-15,5.774951091923867e-16,-1.0880058471857749e-15,-2.227855033440131e-15,-4.65534209482331e-15,-5.706676869990187e-15,-1.990976261102721e-15,-0.018300805177376873
79,2.7230935397685786e-15,1.8159700828460735e-15,1.094414360446256e-14,2.5843244911484787e-15,-4.460387140404548e-15,2.3999261061590574e-15,2.0043578685688305e-15,-1.4337050955880478e-15,-6.923595317656935e-16,4.207811573135568e-15,7.257337377110893e-16,-1.0832803001007654e-15,7.94101984412578e-15,7.797737371258063e-16,2.030612936697074e-15,2.2807011322679786e-15,5.588583247224192e-16,-2.4435611275493926e-15,3.640977917743202e-16,3.5058352128127594e-16,-9.310010658279503e-16,2.547001333943506e-15,-7.089161990062912e-16,3.1918669053533553e-16,-3.648647817844078e-16,5.993347764344594e-15,-3.134699339739671e-15,8.741288210425654e-17,6.588613168805173e-16,-1.2499998189244842e-15,-3.3028407829023748e-15,-3.5332256154875885e-17,-6.58652517952536e-16,2.895580577162529e-15,-2.0867647618081804e-15,5.108114503842316e-15,-1.5130258273309712e-15,4.274887855092923e-15,1.9111201810559074e-15,-1.947205488280976e-15,1.7994250093448438e-15,5.122183696562698e-16,-1.168955376358747e-16,2.183859128996604e-15,-6.768837920172772e-16,1.6019095630228045e-15,-6.657249830688886e-16,1.5534138465518957e-15,-4.0391831287566485e-16,-1.171238698283092e-16,3.899881113362014e-15,-1.3631039844347702e-15,-1.3179363737385153e-15,1.5581339814611333e-15,5.195980995889004e-15,1.9738286253119403e-15,1.2604897810317819e-15,2.8612734963778574e-15,1.7582979440558603e-15,4.94381874672655e-15,-9.866048175181545e-16,9.288007513919067e-15,-1.1465634935757378e-16,-8.412527016181668e-16,-2.121823242473099e-15,-2.824296840087464e-15,5.679941049057474e-15,-7.171539969670078e-15,-4.548403854772218e-15,-9.588374811225493e-15,-5.196280713132188e-15,-2.5282257924825804e-15,8.435893419488055e-15,7.708427925304074e-16,8.275801265672223e-15,-9.051396628410544e-15,-1.2379164721110104e-15,-7.690074857233314e-15,1.1413047226990971e-14,1.0,5.706814277822072e-15,-1.3828529352292047e-14,-6.200629040893249e-17,8.351146525896214e-15,-5.00632596963844e-15,-1.9045676395435456e-14,-7.0665870899172446e-15,7.25017589748294e-15,-4.0623347798307284e-15,6.292960156463515e-15,1.2736877019297766e-14,-1.120169937449851e-14,2.4489091071587127e-15,-3.4011014601878077e-16,-1.5343989696399955e-15,2.0864615918708453e-15,4.355825320043337e-15,-1.5288075681513172e-15,-1.5183436792950402e-15,-1.2708094787778767e-15,-2.0452833567349712e-16,4.963517828614829e-16,8.37698975390708e-15,2.5952795478689036e-15,-9.076989468448066e-16,1.4946301072408678e-15,1.6975647849628151e-15,3.4647220539139113e-15,4.324766426318624e-15,2.3569902909755523e-15,-1.148117201165607e-15,5.09636313417141e-16,-2.313507742362531e-16,-0.0666369355540006
80,1.5223231805927525e-15,-5.860698790011742e-15,4.882779095297559e-15,-4.436631357514683e-15,-1.0621390432113718e-15,3.100656018238819e-16,3.683584797354055e-16,-4.728518098245992e-15,1.532127302828745e-15,-2.291453010885915e-15,-1.3062804050969188e-14,1.2660143631752853e-15,1.3369589485968128e-15,-1.382883054446044e-14,7.297741228509797e-15,-1.4152434331424495e-14,-9.668207890498797e-15,-3.385411610364699e-15,-6.076638542283986e-16,9.627949464429797e-15,9.341117776048146e-15,8.094759143027632e-15,-2.0177205742104964e-15,6.797560787242971e-16,-4.831344763123632e-16,-1.2044937222507918e-15,5.196022631503648e-15,-7.165084641890295e-16,4.358261760728324e-15,5.935419989577465e-15,-4.04630495021976e-15,-1.4025106562632681e-15,7.64042643734622e-15,1.3064093937934937e-14,-7.792395677945759e-15,7.959178145592846e-16,1.5602576486252697e-15,-1.6310243236914048e-15,-1.0460793234462737e-15,-3.2738179697963875e-15,5.65743527938291e-15,-1.4121549161145536e-15,5.640644219672499e-15,1.0488086390089024e-15,3.591137923059079e-15,4.153928732373766e-15,2.299585623332371e-15,-3.351791822802297e-15,2.453676244609921e-15,-5.6716945083407514e-15,6.73025998155426e-15,-1.1137256990868835e-15,3.801507997591353e-15,6.080428061264111e-16,-1.2720261678319456e-15,5.053310394297336e-15,-2.698840803017802e-15,-4.612755758356608e-15,-4.832655988100028e-15,7.995544435709068e-15,2.4551736839823447e-16,8.04370677755476e-15,-1.2103971865957284e-15,4.869038972254819e-15,-1.3775180518675255e-14,-9.462232727140566e-15,-4.264518881878578e-15,-4.145904214376225e-15,1.0354448779361364e-14,-1.1639699285331584e-17,5.333303858859831e-15,-2.4500382171179947e-15,5.389853472380015e-15,-3.563804168214784e-15,-6.451081743887047e-15,5.744930695927876e-15,-1.8712132106835705e-14,-1.8833385815304614e-14,1.4038842303484922e-14,5.706814277822072e-15,1.0,-9.200239032789645e-15,-1.1095945499249065e-14,1.2412670208990652e-14,-6.642770116255039e-15,1.8768087362711563e-14,-1.79653750840031e-14,-5.0937305693087124e-15,3.105876696566575e-15,-6.1002974503809226e-15,4.118482859792681e-15,-1.1966638759593099e-14,3.6260562008483197e-16,-1.2168015989655547e-15,9.642803040353759e-15,-2.594681582008164e-15,8.042100324616886e-15,-8.467587208477301e-15,-5.543653394956318e-15,2.7836517014253327e-16,-4.842267390446822e-15,-5.3248518185513976e-15,-5.928953216959268e-15,-1.8811255179880086e-15,-2.897142002041175e-16,-4.8574770342311674e-15,-3.212647125351956e-16,-1.7887510463057947e-16,-1.9360988830385465e-15,-2.455042714342129e-15,-8.45331987299735e-15,-3.4028773966064808e-15,6.053752349480575e-16,0.10847956511360793
81,-1.9244247440959715e-15,-4.9897341070041e-16,1.0790431010924729e-15,-1.076622401786094e-14,1.1029302380011714e-14,-5.909202662793515e-15,6.240331530924602e-16,-2.944175667471863e-16,-5.331207731991768e-16,-4.501071215222691e-15,-8.562133441176158e-15,3.841517782250171e-15,5.2010810195733354e-15,-1.33565986179418e-15,5.124035174045034e-15,8.385721226028237e-15,-2.3398984705211723e-15,-4.29979242133922e-15,-1.3215298344077761e-15,2.0256655119711773e-15,-7.498885485902448e-15,-5.743283579339289e-16,1.7131019814342462e-15,1.0916121116075122e-15,-1.3365770608734028e-15,3.579000201064196e-16,2.8483056043599505e-15,2.6864157730281487e-16,1.6897849113609562e-15,1.1713125813722564e-14,6.836690520044664e-15,-1.6331773981013375e-15,2.5728423946463854e-15,-4.555744429263281e-15,5.2293888000327564e-15,-2.3834595918481054e-15,8.040234707363187e-15,4.94803755205419e-15,3.608943417867879e-15,2.9536523211597606e-15,-1.6444956001952038e-15,-6.378829884357932e-15,1.2448333220641356e-15,-1.2254514013114339e-14,-1.113910161132539e-15,1.813808398541473e-16,3.764164979162136e-15,-4.044801019503458e-15,-2.496822095074058e-15,8.371101026967686e-16,2.329469065848637e-15,-6.575164625082034e-15,-1.0939297978583997e-16,-1.4155280045018932e-15,7.147233321112833e-15,6.115527277168851e-15,5.395363964566068e-15,3.1511475476413205e-15,-7.014874493138889e-15,5.778670114666853e-15,-6.351050286582744e-15,3.755938035377536e-16,1.1748039374675309e-14,-1.414103962336702e-15,-2.8089506461458468e-15,-3.081983891462486e-14,-1.0977208705681668e-14,1.658725325563039e-14,2.7932077180919753e-15,-7.893393460957155e-15,8.900675177680264e-17,-1.8259504320125372e-14,-4.7903619124758814e-15,2.044200905548894e-15,-4.036886892378311e-15,-1.270203029258834e-14,4.4600657130119166e-15,1.5669718672339288e-14,-1.5706894827391754e-14,-1.3828529352292049e-14,-9.200239032789645e-15,0.9999999999999999,-2.0518806253733738e-14,1.0935910265936014e-14,-7.164562794906318e-16,-1.267617172517508e-15,8.002440343141948e-15,-4.615899471214885e-15,4.4751218019186104e-15,1.3984273055922427e-15,-8.243389752863311e-15,-2.0003843593852856e-15,-4.6204392357097026e-15,-2.6844792582081974e-15,4.0758157477738756e-15,6.12266146139413e-15,7.671281827708443e-15,6.8206742880422455e-16,5.1378456781346e-15,-5.144929970905331e-16,2.758094500552781e-15,1.246822793346114e-15,4.154358968191752e-15,-7.835034562206813e-16,-2.8509085935816414e-15,-3.3653382729883135e-15,-1.7846432778723648e-15,-1.825105179629433e-16,-3.648845612229744e-15,-1.220352310834352e-15,-1.5361775645403782e-15,2.517541067861789e-15,-2.1231390855086995e-15,-0.06896732574085034
82,5.383063042609143e-15,-3.4056376493355455e-15,-7.0407139741985284e-15,-3.997940853964839e-15,4.03553582040169e-16,1.0939661188895002e-15,7.23095724618523e-17,9.118523122205403e-16,1.228019218570203e-15,5.179885746346101e-17,-6.181337436199126e-15,3.17734648495516e-15,4.00618525767425e-15,2.804125945313875e-15,3.5901597040806315e-15,2.536325214009173e-16,1.086357055561421e-15,-2.4881651661896963e-17,9.765046445607261e-16,-8.217162187217476e-16,4.108701550293055e-15,6.008695937581924e-16,1.9208374957937107e-15,9.887130975253679e-16,4.5560912222000305e-15,9.27254357409866e-16,2.8458890886196235e-15,7.857923535114904e-16,-3.621508493250949e-16,4.934870404827835e-15,3.0626433108842403e-15,1.3104842184894917e-15,1.6764875033093646e-15,-1.6846241020723835e-15,-1.0148891862313416e-15,-2.5465613689485418e-15,2.0919904260816506e-16,3.791041277182122e-15,-2.2893145329565794e-15,3.46678261554971e-15,-1.380888843607837e-15,3.0834403804880456e-15,-1.3638426005780229e-15,-8.951188212886038e-15,-1.6480357996765002e-15,1.475752564247539e-16,4.059671791046265e-15,-3.5129180936342185e-15,-1.0966718739358558e-16,1.2389459411183323e-15,2.6491073921978764e-15,2.8340688103689634e-15,-3.464907633859884e-15,-2.007440805703566e-15,4.778025009418057e-15,-2.569972798514677e-15,2.320285476433865e-15,6.509571542118136e-15,-1.9374383258807132e-14,-7.632001126358864e-16,-5.000240958555483e-15,-1.9176811796964623e-15,5.4466305287670244e-15,-1.0046675871272541e-14,-6.411554783158048e-15,5.629692915337532e-15,3.070611534436788e-15,4.907322129378078e-15,5.5441331298276014e-15,-2.657447830162996e-16,-1.8865873400709634e-15,1.0211133336468304e-14,2.377519028377331e-16,2.5872686451618224e-15,-1.8586946922367927e-14,1.8614175651041263e-16,-7.997791830250819e-15,4.003483949665351e-15,-2.2688994015491916e-14,-6.200629040893249e-17,-1.1095945499249064e-14,-2.0518806253733738e-14,0.9999999999999999,-1.2477076825530653e-14,-6.1890121558193365e-15,-1.1254145768976552e-14,2.2957158827117907e-15,9.707330320367691e-15,-8.583796155348274e-15,-9.782224183782505e-15,-1.3348370792494097e-14,-8.575691262716838e-15,1.0618887884757038e-14,-9.662683256172558e-16,-3.207540221342224e-15,1.6933477248154188e-15,4.627724943545238e-16,1.4273507898421675e-15,1.1172454407069667e-16,2.178147307909861e-16,-5.892385481910226e-16,1.4131199253371656e-15,2.0963435582632985e-15,1.5891307403063475e-15,-1.308999529984168e-16,3.1652174185413483e-15,2.7595562512521476e-15,3.76400165739868e-15,1.5245285765700955e-15,2.9931196825825504e-16,-1.461377177928021e-15,9.100871517071886e-16,3.2525860087657145e-15,-0.05957261833987608
83,3.284650751057379e-15,8.301830188697206e-16,-3.690588937772396e-15,-4.316681622028647e-15,1.0233872943079648e-15,1.8137297666597768e-15,4.107109761889298e-15,-3.1892778238586642e-15,2.5400434333084526e-15,-3.13800439396452e-15,1.322309780456295e-15,-2.742082706746401e-15,-1.7589362470184221e-15,-3.4502748065166264e-15,-2.3033945634578867e-15,-1.1358326679243284e-14,-3.1175397816336976e-15,-5.00625021397635e-16,-1.5347072595017156e-15,3.7987307999814736e-15,4.899601376885651e-15,-1.7150581049700393e-15,-1.5784781369271717e-15,2.6503006981185458e-15,2.376524213882538e-15,-1.550443802502127e-15,-7.85768274875377e-16,-2.4841214671502218e-15,2.3030042390526524e-15,5.374340828865105e-15,-4.7435729309354046e-15,2.715340105827983e-16,-1.9481293727418423e-15,5.24485013619617e-15,-9.312720487793895e-16,2.1529583997748107e-15,7.29777635360413e-16,-8.389903752819595e-17,-4.137833276190918e-15,2.6163133658545512e-15,-1.6951599865304384e-15,5.924891020560077e-16,-8.136222571311555e-16,4.184801445164124e-15,-6.036466418913079e-16,-2.7914286893547693e-15,-2.0265268156049037e-15,-2.6184865868063924e-15,1.88690518807227e-15,-3.31282629911114e-15,1.0695425397212031e-15,-9.446458823990254e-17,-1.5962385660896754e-15,1.3443036818775735e-15,4.568142028548325e-15,-1.5353010051951182e-15,-1.6978567680940457e-15,9.056979037669002e-16,1.5735282968599193e-15,1.9640056880544384e-15,2.7092848190874765e-15,-3.2371964439546466e-15,-4.610408159156306e-16,-1.685474865364413e-15,2.404685904123026e-15,-2.133949329340415e-15,-6.288287469388394e-15,-6.972571926561669e-16,-3.1305140608756586e-15,-3.206088103295883e-15,1.2530277244475536e-14,1.0598882333716503e-14,-1.0486484858218697e-15,-6.333066008556081e-15,-1.0728236566000082e-14,-1.755488032877494e-14,-4.893837533865234e-15,1.991938369179295e-15,-3.3752427255751563e-16,8.351146525896214e-15,1.241267020899065e-14,1.0935910265936014e-14,-1.2477076825530653e-14,1.0,7.617533830127507e-15,-1.6502683102169805e-14,3.3550765636676107e-15,3.620726639803009e-15,-7.509140723380016e-15,6.602470747801893e-15,-1.0960710380179364e-15,-1.6478387364178874e-14,-4.814442562187818e-15,-1.3734838218589228e-14,-2.955469309099658e-15,6.816064212231857e-15,7.98053824142635e-15,4.022156685153109e-15,-9.226365916678746e-15,7.707138767744907e-15,7.450699070511009e-16,-2.8923230077916023e-16,3.6830445955104572e-16,-3.6431297314988935e-16,-1.9325107754083386e-15,2.213243967376748e-16,2.700939739086043e-16,8.837190437202489e-16,5.176721459798535e-15,-9.408547756759227e-17,-5.493762638916088e-15,6.491806597772122e-15,-2.129490116622555e-15,-0.037019643427322606
84,-4.338349830479301e-15,2.801362399253012e-15,9.919250729692403e-16,-2.953836704300851e-15,-4.192750569234023e-16,1.1379606897338744e-15,2.7778557820032382e-15,-1.471927637683863e-16,2.386302518141481e-15,-2.0514500977388261e-16,8.639768340565603e-16,-2.1421060445877803e-15,3.3879276487595827e-15,7.337771960996439e-16,-9.683825185348995e-17,8.173574618714802e-15,2.6503465739475893e-15,2.4534896912420196e-16,5.685482110970455e-16,-5.0157172927896416e-15,7.234945470211726e-15,-3.331815491870001e-15,-8.175301319179896e-17,1.0249096759976901e-15,2.4046150238609035e-15,2.0192580523160826e-15,3.993783055716639e-15,-2.9687873674206717e-15,2.858926086229184e-15,-4.0329788960088e-16,2.2733839482637565e-15,1.638648654503425e-15,-1.9878523141242675e-15,3.670335062403765e-15,3.62598130184644e-15,1.1561301255623563e-15,-8.196698274027768e-16,-2.964906961773828e-15,1.7304866010212614e-15,-3.623958862505741e-15,-1.697186681951215e-15,-5.838150389048783e-17,5.184050336540406e-15,6.5135933217630296e-15,-6.8094780025436086e-15,-3.3517957837591894e-15,6.0533350016575624e-15,1.7045866460362946e-15,2.962761552812003e-15,1.7520441603236085e-15,-4.730326721569978e-16,-9.299806649794514e-16,1.2140526640795295e-15,-3.3898417171704273e-15,-1.730425586111269e-15,-7.18242746229273e-15,3.4817045877130926e-16,-1.6661895863730685e-15,2.452491136307185e-15,1.720974913124246e-15,-6.172844250047595e-15,-3.7412689205031035e-15,3.827056712618953e-15,5.472235738745041e-15,6.1032017649064284e-15,-8.207286672486654e-15,3.819615263167713e-15,-1.4236893174321075e-15,-1.3348306457548477e-14,-2.252335722880622e-15,-2.5048536281035017e-15,6.0200607540402924e-15,3.1557332430284835e-15,-5.0689679456483005e-15,-6.681578308613923e-15,1.1890129813666601e-14,-4.403918698484809e-15,6.572039593483154e-15,-4.046731616506135e-15,-5.00632596963844e-15,-6.642770116255039e-15,-7.164562794906318e-16,-6.189012155819336e-15,7.617533830127509e-15,1.0,2.1963382536260372e-14,1.3334579250458152e-14,-1.408081515202874e-14,-9.774812865192527e-15,-5.139539804923626e-15,4.738276022629951e-14,-1.6945833747272217e-14,-1.148272562565558e-14,2.05795255281548e-15,-3.499380117369016e-15,-3.98950104768199e-15,-1.298797419636751e-14,2.4996746702947447e-15,-4.188040740359574e-15,6.621487067777949e-15,5.088166185032103e-15,-4.257648999824938e-15,-2.4298726454791447e-15,-1.1182333662270694e-15,5.1879062839700334e-15,8.910090753004523e-15,4.18192749831839e-15,4.0800055067558914e-15,-1.6947919167122568e-15,-8.820450671097476e-16,2.2701830326225835e-15,2.3985223104183946e-15,-1.295894578286213e-15,-0.04962197730928746
85,-4.39568772659967e-15,3.70936541015e-15,-5.178108317917821e-15,-3.2784737957588744e-16,-6.848120336428034e-15,3.6598572965365464e-15,1.731323985560039e-15,7.424607348956301e-16,-1.0087373140671453e-15,-3.3583287899800135e-15,5.690149972730751e-15,1.6593042939250847e-15,-2.160838987041253e-15,4.198059560548395e-15,-3.0586600729101456e-15,-7.171128269288203e-15,1.6853120939873905e-15,1.8602597378230287e-15,1.9374745031167094e-16,5.2859326837825794e-17,3.255023532469495e-17,4.947101991309511e-15,-6.645155387643828e-15,3.150130292736859e-15,1.2467358854849711e-15,2.7482743262999367e-15,-4.565042371718683e-16,-1.227017196027768e-15,-4.5121957146608555e-15,-2.6181846462086077e-15,1.1958661926937442e-15,1.5347874122868114e-15,1.4292242186858505e-16,-1.3315900645882517e-16,2.9233661222820745e-18,-2.5650875406820295e-15,-5.11045970435048e-15,-2.1142336635259666e-15,-4.754639927908909e-15,-2.7263988869194963e-15,2.0751894651426866e-15,2.134857357357265e-15,9.773743205028288e-16,-3.493990360057282e-15,9.05558316117629e-15,-3.81592084493922e-15,8.875233157505752e-16,-8.643873182897469e-15,-9.91993477528843e-16,7.430167246044427e-16,-2.1633080454277255e-15,-4.552430507056109e-16,7.047847709004123e-16,1.9641512096225213e-15,-2.4194253861484142e-15,-2.2220731981892306e-15,4.881683743342569e-15,-6.760874416958562e-15,5.876774521137869e-15,-8.00252501712006e-15,2.560849294754976e-15,-3.7355374527898875e-15,-3.5204248279211555e-15,8.055722100481115e-15,6.667218840842772e-16,-9.59094859801826e-15,-7.210786459350605e-15,-1.1420092202752333e-15,-8.023632548517853e-15,1.6848152976342711e-15,4.759055786369107e-15,-4.496036542426208e-15,-3.436214852041447e-15,2.198371733952825e-15,-3.3690859942326967e-15,-1.071911643663659e-15,1.230708200972176e-14,1.462046224683099e-14,-7.886184586075407e-15,-1.9045676395435456e-14,1.8768087362711563e-14,-1.267617172517508e-15,-1.1254145768976552e-14,-1.6502683102169805e-14,2.1963382536260372e-14,1.0,-1.6662248760652676e-14,-1.5081251708789317e-14,5.376586042780224e-15,2.4839285117626612e-14,4.753180604735395e-15,2.600299776481966e-14,3.360137312367066e-15,-3.9905689958536326e-15,-4.572310261728106e-15,-2.2510161248780886e-15,-1.0990732832694683e-15,-2.024786611485068e-15,5.452734528969196e-15,-6.153472279558045e-16,-5.084248384114004e-15,2.9670676891889582e-15,-3.686986049800976e-15,-7.325150162797131e-15,-9.721691004897157e-16,-5.887318547525393e-15,-3.941164215954221e-15,-5.087117440667352e-16,-2.820455555404106e-16,-1.9212504805873986e-15,-1.4751191335914864e-15,-2.721683957992464e-16,-1.0426191318186846e-16,-0.020929486303998237
86,2.8966447964730245e-16,1.9209329194208697e-15,-3.3186857666039146e-15,3.228249447086299e-15,5.269130381911417e-15,-1.962806634943115e-15,-1.6934301160430263e-15,2.3888738029963716e-15,3.393410290611585e-15,-2.5400406407772245e-15,-1.5277772619069423e-15,-6.686499534350778e-16,-1.106476553048104e-15,-4.221100918767255e-16,5.798915233518923e-16,5.075816953462277e-16,3.920797844097009e-15,-1.1797152474756315e-16,2.1455229460691338e-15,-2.6669879206518247e-15,7.560803595886128e-16,-2.0644813716788918e-15,3.2169869684176125e-15,5.021023721198295e-16,-4.993887215049321e-16,-1.8379048978888817e-15,-1.3484695944683287e-15,-1.548821997306151e-15,2.821302390482038e-15,-4.109073237739809e-17,-2.823191763356997e-16,4.4614313567966175e-15,-1.2974122933899222e-15,-6.280588938279798e-16,-2.3690253921042204e-15,-1.2964939298560636e-15,-5.744112668860108e-16,-4.961025893317148e-16,1.1452606956461478e-15,3.965546381213976e-15,3.542580103788917e-15,4.5604001619050286e-15,-5.374300972912424e-15,-9.335468054923915e-16,-1.830610312005995e-15,1.3795051965636019e-15,1.4580755670102446e-15,5.123063630823272e-15,3.3978926278419146e-16,-3.564130538859051e-15,4.307491906785007e-15,3.0701817053461705e-15,1.7341444587549355e-15,2.181280434332467e-15,-5.1553958173814124e-17,6.255137466999965e-16,-4.295552001747743e-15,1.2476029070995934e-15,-9.644481643572778e-16,1.8456137931182186e-15,-3.710522906201748e-15,4.965456525310402e-15,6.82467167874749e-15,1.233407846177773e-15,2.6136654937339607e-16,6.092955155356053e-15,2.846013583613782e-15,1.3390269856470242e-15,5.282881369551774e-15,9.866320466240685e-15,-3.652439571733261e-15,1.1479103697641641e-14,-2.4542654427105387e-15,-2.9164003853453548e-15,7.19561074016558e-16,9.019694832986606e-15,-1.8944994914052504e-15,-6.013008980465083e-15,3.229209288865072e-15,-7.0665870899172446e-15,-1.79653750840031e-14,8.002440343141948e-15,2.295715882711791e-15,3.3550765636676103e-15,1.3334579250458152e-14,-1.6662248760652676e-14,1.0,-4.2103606358957105e-15,6.8936511618911845e-15,-7.993488230417625e-15,-3.925385985932473e-15,2.874379486066229e-14,1.1882745510550226e-15,-5.962084356144918e-15,-4.2152833098098004e-15,-2.1262498925161464e-16,-2.880133872256408e-15,6.3531151864999396e-15,7.170714217418767e-15,-3.0892602696033974e-15,-1.3917133358606702e-15,1.0197849867023378e-15,1.3562292629514902e-15,1.9116586414452293e-15,-3.4510786785511405e-15,-3.578795732194739e-15,-5.075937405687461e-15,-7.939458062400237e-16,-2.9860819773112726e-17,5.587841591695885e-16,-2.6755024687132157e-15,-2.9275574264673205e-16,-1.6781666159214243e-15,-0.02010671570989691
87,8.201887159838719e-15,3.846333620669865e-15,-1.5733666746157953e-15,-4.929638200072694e-15,-7.492825278529567e-16,-8.708425439605369e-15,-2.2002377692782254e-15,-3.2982571716896365e-15,1.85366430678871e-15,5.408463581604774e-15,-6.640188731539029e-15,5.806034629128685e-15,1.2225065766962594e-15,-7.424472008754409e-15,-4.239452405499325e-15,1.4106489952315442e-15,2.5033652035777835e-15,3.071790469986441e-16,1.8296577270781695e-15,-8.128097077228834e-15,-5.007315493175007e-15,-3.831537099874528e-15,8.300554493518395e-16,1.8457287753587689e-16,-4.9270604322750014e-15,-2.503633051836883e-15,-3.5054573140519415e-15,3.866922757094305e-15,-1.8578244574843153e-15,-3.2392077890195205e-15,1.0086430218641608e-15,-1.0589527533143407e-16,-2.4850886483979574e-15,-1.5937346414265342e-15,-7.171635164663552e-16,6.54368801437189e-17,3.48140221846265e-15,-1.3247560120699515e-15,-2.8618755053905424e-15,2.6297608463285615e-15,-2.3260869208064804e-16,-3.5317165070356007e-15,3.239011865154649e-18,-1.1161933439790313e-15,6.817546840526724e-15,1.6485381444033138e-15,2.144137921691065e-15,8.158846867680804e-16,-2.744910692632425e-15,7.6954088237502e-15,-2.075652683258397e-15,3.831200735651085e-15,9.750061720625565e-16,-2.818018608252525e-15,2.5144809141544165e-15,7.963493565257004e-16,-2.568907189498399e-15,1.7285478285553764e-15,-7.0432420675013155e-15,-4.890452612618857e-16,-5.607620370125194e-15,-8.754220003658841e-16,9.512513217492466e-15,-3.251285424591143e-15,-3.746285096761534e-15,-4.734289965752209e-15,8.045365739028615e-15,6.701497967026228e-15,4.267607507079828e-15,5.472065055512916e-15,6.493933292679801e-15,-1.0132798374405207e-14,-2.452586301422371e-15,1.858428539376262e-15,5.7999306740938625e-15,2.3738782683838506e-15,1.1049393799203663e-14,6.415236442934481e-15,6.994750832243166e-15,7.25017589748294e-15,-5.0937305693087124e-15,-4.615899471214886e-15,9.707330320367691e-15,3.620726639803009e-15,-1.4080815152028742e-14,-1.5081251708789317e-14,-4.2103606358957105e-15,1.0,2.3050355516801393e-15,1.4564371261908253e-14,1.2727098188151633e-14,-5.982178897449564e-15,6.924725186163402e-16,5.947281538769525e-15,-3.371742155100834e-15,5.68091532034023e-16,-3.8513524711052195e-15,4.652754114396826e-15,7.023007244428574e-15,1.5966725385481368e-14,-4.997251084881674e-15,-3.919929806536862e-15,9.928696278117558e-16,-4.422855611261505e-15,7.83783060954398e-16,5.3575586075473475e-15,2.8561344949628743e-15,2.2429886329278946e-16,-2.0218079477968503e-15,4.652714552285798e-15,-1.5862013569704653e-15,-2.3160809330748147e-15,-5.25073367063446e-17,-0.047870714007732906
88,2.047777636119845e-15,-7.810298474616168e-15,-5.31955844029544e-15,-1.6831542920607589e-15,5.1762888590050805e-15,-6.623430586557971e-16,-3.917642916212607e-15,5.732227650842359e-16,-2.6097686745705497e-15,-3.6130238861926115e-15,1.0366755304508795e-15,7.299576493480392e-16,1.7494650660949148e-15,-1.9536374781950823e-15,8.61413932715992e-16,-2.8291105578235235e-15,-2.1074440583889644e-15,1.2349900864321838e-15,2.70067746558531e-15,7.18049646880869e-16,2.701465643490856e-15,-3.966633230393963e-15,-2.311683620230349e-15,-2.1757695086162985e-15,1.5985574077729504e-15,-6.112993287676296e-15,-6.883603940770807e-16,3.3208463839140373e-15,2.1232870614732182e-15,4.802368743664768e-15,7.251337500143307e-15,-2.2877806913811023e-15,1.3456306233593324e-15,1.8551301730327962e-16,3.1610765496677605e-15,-1.943681879942177e-15,6.031558862176611e-15,-2.761364002251372e-15,1.2751594772728016e-15,-6.266724536874663e-16,-4.66162856049288e-15,2.072623681777021e-15,-8.519733080498193e-16,2.2340507677638203e-15,-5.286425124048745e-15,-3.1945929752768842e-15,3.2824990195520936e-15,-5.125344880742292e-16,5.412979879219071e-15,5.551287011882762e-15,-2.6028442782064572e-15,1.8437604838274183e-15,1.8448186093706386e-15,-3.2112809280264323e-15,-1.9259291931529716e-15,1.9577674306066967e-15,-8.796421324209777e-15,-6.868420341024804e-16,-9.020441116599243e-15,4.626203165653194e-15,-2.9156874447757268e-15,1.636417105720232e-15,1.31436016398968e-14,-4.231087023624373e-15,1.1972637757761902e-15,8.27591637416157e-16,9.573543962401395e-15,2.808655482191871e-15,-2.1148408871666204e-15,1.2903723080534271e-14,1.855377153079824e-15,1.820050455915656e-15,-1.2601125272758344e-14,6.085990925511903e-15,-8.322360301594563e-15,5.306016032552568e-15,1.4673180868362488e-14,-4.747077285951111e-15,2.8973705538048003e-16,-4.0623347798307284e-15,3.1058766965665753e-15,4.4751218019186104e-15,-8.583796155348274e-15,-7.509140723380016e-15,-9.774812865192527e-15,5.376586042780224e-15,6.893651161891184e-15,2.3050355516801397e-15,1.0,-6.3837303980649716e-15,1.377892146995498e-14,-2.3376124598322034e-14,1.5197626137083855e-14,9.302934861752756e-15,1.4028779061359932e-14,6.35369319154182e-15,1.68474950975466e-14,-2.0040140458612094e-15,1.0586296564804204e-14,-6.0455096014063e-15,-4.4145159730502944e-16,8.530703242599782e-16,3.541955768411824e-15,-1.2788858315397704e-15,1.449828152860008e-15,6.961279904715475e-15,2.093928394264009e-15,4.091971135242067e-17,-2.3791663703006485e-15,-2.745454648498394e-15,1.3686212940105494e-15,-7.16980934238888e-15,2.7595621429270887e-15,-0.09914179344559647
89,-3.3065066056153963e-16,1.1227788629169589e-14,4.9277793702472044e-15,-7.387829241553775e-16,-1.6246055339197252e-15,-6.454606848952316e-16,-3.0582194415164198e-15,3.4548332391100395e-15,1.5474394910448798e-15,3.3856040807224117e-15,-1.453578193077627e-15,4.608228860758582e-16,3.604560485631918e-15,1.3543227054274184e-15,9.0184307006833e-16,5.269296359321731e-15,1.4933118195495745e-15,9.171302986467355e-16,3.751888929656641e-15,7.504125545336919e-17,-1.6544988417642233e-15,-3.048392090285432e-15,-2.645211570959637e-15,3.9626008120312056e-15,1.5482180116415585e-15,-2.0999312784902965e-15,8.124783513905842e-16,-2.608540630934555e-15,-1.390752852662013e-15,1.8833294404551024e-15,2.8574035148179384e-15,5.633895224757394e-15,1.6488218110218032e-15,-2.3463399823549606e-15,-4.978725511038546e-16,-4.534476647339109e-15,-2.534523776446051e-15,2.7327023190413975e-15,-5.308917754514264e-16,6.22923778499823e-16,-4.968967659964509e-16,5.360835127584392e-15,2.6801363282133895e-15,-3.5097076984881394e-15,-3.1191251695593553e-15,-3.554058727637201e-15,1.6543591207224395e-15,5.889527029522777e-16,3.528390412997875e-16,-3.4036754719776133e-15,4.923333837768205e-16,-2.217859541923423e-15,5.258122621576417e-16,5.1729554711463486e-15,1.378817180179754e-15,-1.101289801520185e-15,-4.626358230946322e-16,2.9001376820928052e-15,7.067641785573434e-15,-3.3298491907444327e-15,-4.757772285224861e-15,-4.330706949271763e-15,1.290319695249133e-15,-7.21953056785884e-16,3.416720693961715e-15,1.053706940705412e-15,2.9910211301839707e-15,-2.9095059393152736e-16,-2.2969563451600205e-16,-7.51403487700272e-16,8.212057367526415e-15,-2.6997892177137353e-15,5.406006443848872e-15,-4.653964696536041e-15,-3.012583371624963e-15,4.925498958777737e-15,1.0370867351592902e-14,3.5815896512281175e-15,-1.0666093702721071e-14,6.292960156463515e-15,-6.100297450380923e-15,1.3984273055922427e-15,-9.782224183782505e-15,6.602470747801893e-15,-5.139539804923627e-15,2.4839285117626612e-14,-7.993488230417625e-15,1.456437126190825e-14,-6.3837303980649716e-15,0.9999999999999999,1.8808906403695254e-14,8.530040650667854e-15,9.082000009079666e-15,-1.2222317963375683e-15,1.7606674350030943e-14,7.980193178760816e-15,-4.45128734799631e-15,6.489301863596672e-15,3.293238585546468e-15,-2.867316640994727e-15,5.554063021349215e-15,-1.1155800986771024e-14,1.497037346782167e-14,2.085240727744862e-15,-7.812295431701072e-15,-5.100173010327472e-15,-2.070820779077578e-15,-8.595567650604504e-16,-7.783439719926493e-16,3.96912629032304e-18,7.049632746819616e-16,4.89873375577951e-15,5.052591718885596e-15,0.03011425407363526
90,4.4060157437458024e-15,2.9910226197926556e-15,5.171547746799521e-15,2.0214226556049064e-15,-7.09387336412195e-15,-1.57879197557439e-15,-1.7688366111397194e-15,-2.420977699793547e-15,7.282726705118724e-15,2.21672140034945e-15,-1.2672451806608222e-15,-3.913478538839031e-15,2.243270841979017e-15,-2.737870704007206e-15,-1.2100770551245525e-15,2.2824704157276584e-15,-2.3610294909461137e-15,-3.092397718414959e-16,-2.0012676327729537e-15,2.484438759624278e-16,2.5836579978044496e-15,3.875324631707475e-15,-3.76443510578569e-15,3.927906968684774e-15,2.588674049313937e-15,3.367107620321267e-15,1.024497729466194e-15,-7.721299853396113e-16,1.2579022266785366e-17,-2.686400809144737e-16,3.3185073525311257e-15,-2.9470056122853886e-15,4.242915828424558e-16,1.9279138373712657e-15,1.5132653851075035e-15,-1.1822305571617845e-15,-6.971718223944884e-15,1.9141797438058357e-15,-5.6222641275971e-16,-3.713192971210094e-16,-3.238441280500128e-15,1.1919152443032182e-16,3.5093387477778906e-15,2.9276302888618356e-15,-1.242182340969828e-16,-1.0331488519091992e-15,5.2045215711260636e-15,1.6638929215249344e-15,1.8547580110176737e-15,-3.57004351137718e-15,-4.203995707864854e-15,7.203012431221632e-15,-3.8643580950088896e-15,-3.356368310214018e-15,-2.6542227741168807e-16,6.784441676229637e-15,5.618879650871101e-15,-3.8936989353999174e-16,3.51962706899577e-15,-1.657412797200259e-15,5.305014419406378e-15,-5.883834355455435e-17,-1.1109208434965974e-14,-1.3111634621080582e-15,4.985249774766639e-15,-1.062036981278874e-15,3.712686061179753e-15,-8.477333554308239e-15,-5.1006466654393675e-15,-5.0304757057639175e-15,3.187195101789143e-15,8.176968238188926e-15,4.185056265466212e-15,1.020195735236814e-14,2.851374029238658e-15,9.655865739506982e-15,-7.612289648828418e-15,-8.177510074684109e-15,8.31861232224433e-15,1.2736877019297767e-14,4.11848285979268e-15,-8.243389752863311e-15,-1.3348370792494098e-14,-1.0960710380179362e-15,4.7382760226299516e-14,4.753180604735395e-15,-3.9253859859324734e-15,1.2727098188151634e-14,1.377892146995498e-14,1.8808906403695257e-14,1.0,-7.857486652412642e-15,3.3654639166313976e-15,-1.7845657510943366e-14,2.405350760659179e-17,-7.26398950424207e-15,1.2293693313118758e-14,8.11278248938704e-15,-7.944023236078049e-15,9.996399907581253e-15,-6.576385511128967e-15,2.5401973252641744e-15,-4.442164153221547e-15,-2.7821734213621694e-16,-1.7276885305210367e-15,-4.6819320845755955e-15,1.8602376074516107e-16,1.7086279079969393e-15,1.0475345959756095e-16,4.057474202682346e-15,1.1121710249240337e-14,2.496037012648638e-15,8.12798898433868e-16,0.03406874284417675
91,-7.797056034817819e-16,1.534957473047242e-15,-1.6355822309130436e-15,1.1622067142308979e-15,1.6854239949060628e-15,1.0966858331840288e-15,-2.0611169856401208e-15,1.2732578686741965e-15,-2.8449491298307578e-15,3.5409492380819756e-15,1.8071823994000084e-15,-4.7674914439369e-15,4.0084581197412765e-15,-3.485939367107812e-15,-2.2496614819356963e-15,4.376093870615941e-15,-9.219265648430056e-16,3.2534301245832153e-15,8.449172057682412e-16,-9.77508828469966e-16,-7.240070045973466e-16,5.934011082672605e-16,-3.1238171799543148e-15,4.031550837860729e-15,9.109195060300397e-16,2.9624589072386605e-16,-3.630258651717842e-15,2.0206499058166874e-15,1.9229879475894743e-15,1.917316996474619e-15,2.6140292341140955e-15,-1.405006854386856e-15,-1.7336714067726028e-15,-5.233831301377325e-17,6.562365331634753e-15,-1.0048718428458304e-16,1.4471001431547934e-15,5.332300740602408e-16,3.5195247774570883e-15,-2.8007409797765568e-15,-4.7554958125547844e-15,4.922386203786594e-15,9.089801566101598e-16,-4.17734290110746e-15,1.361147425939414e-15,-5.13347810142577e-15,-1.0318009974736648e-15,-3.223414477116533e-15,-6.578530625542573e-16,3.4002216296218792e-15,5.485346476792125e-16,-3.134556430716702e-15,-1.936410331444989e-15,-1.3871924751364005e-15,3.8444886451338683e-16,-4.741065938279525e-15,-3.552934617097449e-15,-9.845235431891006e-16,4.1606591591094835e-15,3.113373340860124e-15,-2.2970008405998576e-15,2.7811128636547186e-15,-2.4191155298591372e-15,2.4887265072625627e-15,-4.019702791016257e-15,-8.344952693521484e-16,8.52520048322737e-15,2.8883124267133697e-15,1.206656161659033e-15,-6.477339345949712e-17,8.910239952050052e-15,-2.8096467394777055e-15,-1.2500742020074852e-15,-6.561737093032142e-15,-3.9902122399364575e-15,6.51504329612406e-15,-1.3080685494059322e-15,3.234150482928039e-15,2.6404827000502534e-15,-1.120169937449851e-14,-1.1966638759593099e-14,-2.0003843593852856e-15,-8.575691262716838e-15,-1.6478387364178874e-14,-1.6945833747272217e-14,2.600299776481966e-14,2.8743794860662297e-14,-5.982178897449564e-15,-2.3376124598322037e-14,8.530040650667854e-15,-7.857486652412642e-15,0.9999999999999999,-3.2255783470952486e-15,-2.0165874227509522e-14,3.0189945874028105e-15,2.0010449042762524e-14,-3.682543444335985e-15,1.131179376686559e-14,4.421511388478366e-15,-2.794489432106647e-15,1.2363564074300732e-14,3.405066974984303e-15,9.247051807770696e-15,-8.849392143470843e-16,2.0576795820310964e-15,1.600388811943219e-14,7.331058194398408e-15,7.316450160478036e-15,7.672877449094326e-15,3.6775328331776e-15,-3.57419444564333e-15,6.424314187836193e-16,-2.318601761178187e-15,-0.09479189594847062
92,9.977840755595285e-16,-1.0138215437827138e-15,3.937166474928757e-15,-2.5644020511936606e-15,-6.31178364242674e-16,1.1957516601056234e-16,-2.4725053682905373e-15,1.4317992260226872e-15,-4.3136219214401584e-16,1.7005070553778684e-15,-2.7397716434827586e-15,-1.6999878146085586e-15,-1.2622940947398253e-15,-6.431295289818054e-16,3.724077348838631e-15,5.319440783860094e-15,-4.564665894740415e-16,-1.7782390171533162e-15,1.8009781174422383e-15,1.0728956508437953e-15,-1.1007258345782462e-15,-1.202310844527772e-15,-3.2294290271175317e-15,6.05522137671706e-15,9.961944637063617e-16,3.361149832955936e-15,-9.911990772728938e-16,6.307304665904119e-16,-2.9021618984002416e-15,4.0522302554438e-15,-2.5446922273264348e-15,2.3570647644880056e-15,3.33391670303763e-16,2.3206005954206886e-16,-1.0308655647550652e-16,-2.8577812743777953e-15,-4.183825567608308e-15,-1.6199304990615734e-18,2.5680856586840324e-15,-2.825574697975873e-16,3.855310667717431e-15,1.7052075085094268e-15,4.660714001111462e-15,9.951510235566189e-17,7.489289435853975e-16,-1.2834431948681683e-15,9.810893944102133e-16,-3.838508718130963e-15,6.868698485318248e-16,-1.9748417897873145e-15,8.597787844340761e-16,-1.17446396782368e-15,-1.5976283069888306e-15,-2.2372170017561987e-15,4.959262263797622e-15,2.184662905992511e-15,6.002178131341925e-16,-1.362695618922257e-16,4.473816997334441e-15,-3.2893426212587623e-16,3.70277112123762e-15,5.275405884413634e-16,7.623663577540981e-16,-2.2115705540664984e-15,-6.097668699308066e-16,-3.7912225354492504e-15,-2.411210378399634e-15,8.446525041206996e-15,-4.2825077619023995e-15,9.477617123451592e-16,-7.53619136103356e-15,-2.254829210147116e-15,7.986882236960458e-15,2.6475157679841165e-15,8.911456437014726e-15,-6.8606236814348204e-15,5.1771405871747975e-15,-4.262963350016683e-15,-4.932524440940896e-15,2.4489091071587123e-15,3.626056200848319e-16,-4.6204392357097026e-15,1.0618887884757038e-14,-4.814442562187817e-15,-1.148272562565558e-14,3.360137312367066e-15,1.1882745510550224e-15,6.924725186163403e-16,1.5197626137083855e-14,9.082000009079666e-15,3.3654639166313976e-15,-3.2255783470952486e-15,1.0,-2.3138696573341467e-15,-6.3196321889836996e-15,6.486826111681634e-15,-2.414617100081677e-14,1.9715239455751787e-14,-7.923790441110558e-16,-2.6897890965089884e-15,5.382824448513863e-15,2.7177222253838995e-15,4.159007487842744e-15,2.802778827783893e-15,7.000421277384353e-15,1.06382736973875e-15,-2.5575748589596622e-15,2.299072016885748e-15,-5.764309087555664e-16,5.054062139025652e-15,5.134358699596816e-16,-2.327541769186886e-16,1.8625002038960532e-15,0.0180072411358046
93,-4.4602813907104794e-15,6.056546739078018e-15,-3.3681144070632834e-16,1.4351783245523604e-15,6.3063271039836424e-15,2.4207271339317016e-15,5.549696205383127e-15,-4.1608953489394875e-16,5.0457515966495745e-15,-1.0784602260760248e-14,-5.214946927269447e-15,-4.123552361316235e-15,3.839736193999879e-15,-2.0585251012278577e-15,-2.1338571196646115e-15,3.280049834723558e-15,2.1540520433068347e-15,5.629349966534812e-15,-6.10682820685628e-16,-7.775377121890567e-16,-9.001787552644774e-16,3.6247508138272654e-15,-3.813036845259855e-15,1.5351092298369667e-15,-1.1553683124515416e-15,-2.5526237690322914e-16,-1.5293683069194175e-15,4.885182612714534e-17,-4.941511832604761e-15,3.363666469981431e-16,1.5179971008298304e-16,4.594065233197744e-15,1.0844601711037377e-15,-2.1446161841305877e-15,-5.250176640847962e-15,-3.9960516191789934e-15,1.7225110627933248e-15,-9.32542746882837e-16,3.4866853132139616e-15,-1.6739394417245435e-15,-2.8249198445583174e-16,-6.826640557212854e-16,-2.5822673539001415e-15,-1.8043281426609965e-15,-4.130234800325951e-16,9.881976710139988e-16,-1.2670040480985123e-15,2.0613221001393138e-15,-4.128757129387547e-15,3.030411999439047e-15,-2.021976886745413e-15,-4.741179029847518e-15,-3.001741593592532e-15,-3.5747298066908315e-15,1.5611898356643525e-15,2.423522822470974e-15,-4.33942078852912e-15,2.3205264219855094e-15,4.259529818271511e-15,-2.5682239672355977e-15,-3.970896075815995e-15,-6.059205912859296e-15,6.716099669473531e-15,-4.079586227822046e-15,1.6162662290605428e-15,-6.965330536740881e-15,-8.267805192437567e-15,1.3777241834513053e-14,4.075616329415214e-15,2.619215134126962e-15,8.203646487769229e-16,-6.867304530288042e-16,-7.245128871275052e-15,-8.021747874740916e-15,2.74113930738688e-15,-4.99246567254426e-16,9.107652694171971e-15,-6.827433095421915e-15,7.769962712111086e-15,-3.4011014601878077e-16,-1.2168015989655545e-15,-2.684479258208198e-15,-9.662683256172558e-16,-1.3734838218589228e-14,2.05795255281548e-15,-3.9905689958536326e-15,-5.962084356144918e-15,5.947281538769524e-15,9.302934861752756e-15,-1.2222317963375685e-15,-1.7845657510943366e-14,-2.0165874227509526e-14,-2.3138696573341467e-15,1.0,-1.0735343969320206e-14,-1.805626476208489e-14,-3.142822740380196e-14,4.885741192816677e-15,2.6048976638771616e-15,-4.386414243863326e-15,-7.416651839594027e-15,-2.2977487735512756e-15,1.3283230699560108e-15,4.310544776637933e-15,2.366433155188557e-15,2.508181912399876e-16,-4.632112734162453e-16,-4.418094345384089e-15,-5.350553716331367e-16,3.581105084641279e-15,-4.851206595133817e-15,-4.523794338041499e-16,-1.0114927547196816e-14,-0.055620349766059826
94,6.730747122593273e-15,1.12076790446315e-14,-2.0829694723353916e-15,1.4702170283251597e-15,1.3477384839752247e-15,-5.153772183674908e-16,3.979669443965775e-15,2.0714420976620778e-15,1.0670055730791824e-15,1.7547074435068367e-16,-1.2164695044268733e-15,-4.711624604362e-15,5.825837518192463e-16,6.728087556861686e-16,1.0974820966698188e-15,-2.508188529294304e-15,5.720552550982908e-16,1.2626136292516336e-15,1.0084118130986238e-15,2.8052050955655456e-15,-2.4622783045286538e-15,-5.788718907957507e-16,-2.1882827295787704e-15,3.4317062631761396e-15,-5.861976992667205e-16,2.457761246228461e-15,7.403249580326283e-17,-4.786628485132276e-16,-1.7293575334134765e-15,-3.5263972918305343e-15,-1.5501105408508602e-15,2.830322712001597e-15,1.2981271349575283e-15,-2.2169736477453692e-15,-1.7190127984039836e-16,-2.856303687460939e-15,-3.79690594478996e-16,2.5098547062485127e-15,5.2469218861239865e-15,1.763381565294088e-15,-4.235185154473949e-15,-1.051849837310806e-16,8.966802331025624e-17,-3.553080523517277e-15,2.3314873342979308e-15,1.177088728060196e-15,2.291745987015427e-15,3.8291653629577075e-16,-3.2014618356512226e-15,5.475049465773902e-16,3.028677932270437e-16,-3.481546911533094e-15,-5.161341145204015e-16,-1.3129222985561846e-15,3.3821811668046028e-15,-2.4776613933781855e-15,-1.2156830233525296e-15,-2.301217175572389e-15,-5.1061594936447435e-15,-4.040013594915942e-15,2.1392849144780228e-15,9.523894927203637e-16,2.5168405653525005e-15,-3.3214890902240613e-16,6.337682331996921e-16,-1.9678188062238963e-15,6.34328288796801e-16,1.2151418365044983e-15,6.357004282397185e-15,-5.990475945461983e-15,-1.026194625221172e-14,-2.9458184618726884e-15,-1.7759951723202665e-15,3.946184078834242e-15,7.294921510845247e-15,-7.025074209033267e-15,7.931860370739633e-15,1.4751004180199423e-15,-3.914658973801492e-15,-1.5343989696399955e-15,9.64280304035376e-15,4.0758157477738756e-15,-3.2075402213422236e-15,-2.955469309099658e-15,-3.4993801173690164e-15,-4.572310261728105e-15,-4.215283309809801e-15,-3.3717421551008344e-15,1.4028779061359932e-14,1.7606674350030943e-14,2.4053507606591786e-17,3.0189945874028105e-15,-6.319632188983699e-15,-1.0735343969320206e-14,1.0,1.5251119510632818e-14,4.385753462817761e-15,3.572503132538223e-15,-4.005921082365948e-15,6.2924948249449025e-15,4.0862653014330455e-16,-5.349264674355186e-15,-1.9192153796106478e-14,1.2296265074849545e-14,-6.935133827305092e-15,-3.3676566917912e-15,3.769523695449414e-15,-5.745015802971598e-15,4.285046921094522e-15,-6.207730621007961e-15,5.176370197424788e-16,-1.305737465728596e-15,-1.3990064561666001e-15,-0.015263947847700576
95,2.633598275784172e-16,-7.22591654716674e-15,1.339070967814649e-15,1.5652082524104875e-16,6.109410279023044e-15,6.062072238457896e-17,4.801832520047698e-16,-3.0202801186400415e-15,-1.818724309318815e-15,-3.575450989755529e-15,2.4458267373935033e-15,-9.525225558267476e-16,-2.8475041526243425e-15,-6.001111621287129e-16,1.2499304069667278e-15,2.5858544103052407e-15,2.7122982208763344e-15,2.1784871305189783e-15,-1.9512188997857837e-17,2.9092502773464096e-15,-1.1417863711482786e-15,2.2716292340635025e-15,-7.386696188210233e-15,3.615578360660718e-15,2.1680786124761466e-15,-3.636741661385896e-15,4.312314681596631e-15,-1.7380895574715766e-15,-5.891684116680355e-16,3.3085531880397354e-15,3.4340743343085013e-15,3.900201646704625e-15,-5.407640616926996e-15,-4.711135216408808e-15,4.712934892080309e-16,3.658183499150013e-15,1.5384813517618028e-15,2.117817359468427e-16,9.877552969443072e-16,2.293099952635114e-16,-1.44957163644029e-15,-1.0428460506493202e-15,-6.763177632248749e-16,-2.1893288843114158e-15,-1.2370138195086559e-15,-1.7007510890371443e-15,-1.9108767736033156e-15,-2.397688131323464e-15,-4.76595343937312e-15,7.739236621620696e-16,2.9195419894684018e-15,-4.080582606286666e-16,-1.8344706533737815e-16,3.6615889487561145e-15,5.571719816210565e-15,3.1916079952859743e-16,-4.018773359490897e-15,2.4823737025619763e-15,-2.7076902996924984e-15,1.6862332842510442e-17,-2.4198245823852565e-16,-9.0932033098673e-16,-1.1643746912649542e-15,-1.0180168194826549e-15,-1.0516205763089658e-14,-2.568097688779449e-15,-4.541205723414747e-15,-2.6422326524547186e-16,2.0718800617677746e-15,2.4838381054381894e-15,-3.616735153540522e-15,1.3847446700352753e-15,1.0873868473370484e-15,-4.493872917144538e-15,-3.51037116836913e-15,-3.1190528194733095e-15,-1.6585563238594134e-15,2.9596672752779235e-15,2.6215139610154635e-15,2.0864615918708453e-15,-2.5946815820081645e-15,6.12266146139413e-15,1.6933477248154186e-15,6.816064212231857e-15,-3.989501047681991e-15,-2.2510161248780882e-15,-2.1262498925161464e-16,5.68091532034023e-16,6.35369319154182e-15,7.980193178760816e-15,-7.26398950424207e-15,2.0010449042762524e-14,6.486826111681634e-15,-1.805626476208489e-14,1.5251119510632818e-14,0.9999999999999999,2.3590789674554263e-14,1.4603829985380316e-15,1.3046068865503633e-14,-2.643458930984426e-15,5.663044783453672e-15,1.2519466505025271e-14,9.327870198828357e-15,5.585636693154053e-15,6.100701687862017e-15,1.511016605594137e-15,3.27978377156177e-15,4.062594638441816e-15,3.483279481395647e-15,2.9857527319073394e-15,6.358028149630524e-17,4.019808515640964e-15,-3.5100553489925826e-15,0.05082451886677579
96,9.20604049925808e-15,6.335974230982205e-15,3.112018444665021e-15,-1.311988608174757e-15,-1.7016910562749202e-15,1.4917127253870464e-15,2.3916457894790154e-15,-5.84777829517841e-16,2.9877625990508084e-15,3.189030508911485e-15,-5.9731873140145566e-15,2.0602452740519363e-15,2.310080159679872e-15,5.671688802268128e-16,4.541465731848069e-15,-2.033086740095689e-15,-5.537550397961373e-15,-5.022002857275918e-15,2.9614852880665634e-15,1.8899931249960494e-15,-2.352701981211739e-15,-2.2727535248159452e-15,4.260774402777803e-15,-2.2979338755928475e-15,-3.0803831562341764e-15,3.168481872734976e-15,3.5373662889841262e-15,-3.101184444770643e-15,9.753546069217676e-16,1.7825973943363572e-15,-2.888774284116296e-15,-6.361818253250513e-15,1.2637334765056407e-15,5.684096647359989e-15,-4.611063137696846e-15,-2.594930540545999e-15,4.648656880197768e-15,3.169041652777949e-15,6.611112553044266e-16,1.604003762922477e-15,1.0844924699513458e-15,9.123404366398179e-18,-3.2811156343856145e-16,7.163801578286892e-16,-2.8155667597340836e-15,5.988474555920399e-16,3.575674993579383e-15,-1.2444241186396928e-17,5.963719575999484e-16,-2.6161793124791224e-15,1.5524244932679069e-15,3.61484736419657e-15,-1.9579241767184476e-15,-5.104437071705895e-15,-3.136601859504059e-15,4.416153864600733e-16,-5.518880851860998e-15,-1.4484118731625282e-15,5.062666803981994e-16,4.704712683659937e-15,1.3192846051508166e-15,1.273060384345746e-15,5.335325966120372e-15,-2.0679602573883077e-15,1.3451575805248615e-15,4.084390346255488e-15,-7.057584907753304e-15,2.824874559842157e-15,-3.780397443915986e-15,-2.8209684427710325e-15,-5.15467843371672e-15,1.4539439899156222e-15,5.1389533577073625e-15,4.133682269634806e-15,5.522534486809862e-15,-1.5607935912423007e-15,1.0287291917591184e-14,-2.1327835942263125e-15,2.802554955263564e-15,4.355825320043337e-15,8.042100324616888e-15,7.671281827708443e-15,4.627724943545238e-16,7.98053824142635e-15,-1.298797419636751e-14,-1.099073283269468e-15,-2.880133872256408e-15,-3.8513524711052195e-15,1.68474950975466e-14,-4.45128734799631e-15,1.2293693313118758e-14,-3.682543444335985e-15,-2.4146171000816766e-14,-3.142822740380196e-14,4.385753462817761e-15,2.3590789674554263e-14,1.0,1.6865700687982887e-14,9.408953641936756e-15,1.0320694205646946e-15,-1.2263654712883247e-14,3.3854149170891342e-15,-1.0272501255703085e-14,-1.5987526428883806e-15,-5.422821874179366e-15,-3.0853137373847933e-15,-3.69283141373223e-15,-2.8090324546445785e-15,-5.440365102276843e-15,-8.462807650009719e-15,-1.6537410722494946e-15,-2.350512974266722e-15,-3.230304823239938e-15,-0.12542933717159532
97,-1.3485828327881265e-15,-1.8569222730014014e-15,7.1030427425780415e-15,-3.360822682758876e-15,1.6201606583309594e-15,2.1555606254818056e-15,1.0434708963375977e-15,7.371007310057946e-16,5.594503050115153e-17,4.790588840699722e-16,1.5681027675977062e-15,7.501504311313621e-17,-1.0810445414532083e-16,4.4783728846529025e-15,-4.26409611659107e-16,6.5708711876270914e-15,4.9220900776602136e-15,8.690755888281163e-16,4.015370065060037e-15,-1.2122502558339959e-15,1.065201190427634e-15,1.0699386060124922e-15,-4.239818449395345e-15,-1.1372282797679273e-17,9.833448898325657e-16,-2.3068591994840436e-16,5.614119456349323e-16,2.7241903093965243e-15,-2.5287900892627813e-15,1.2943536778542559e-15,-3.4598348519924145e-15,2.818627760254501e-15,4.279869969992687e-15,-2.570176238129357e-15,1.6622277983383738e-15,1.7185870266823604e-15,-3.0001971667944687e-15,1.3557975507002873e-15,3.6761341618320148e-16,-1.5878772041733761e-15,1.9802815769605473e-15,4.19124119748572e-15,-2.9602597612573016e-15,-2.70471864252443e-16,6.972964496207452e-16,-2.272084528770616e-15,3.1398234054972908e-15,-4.63348783979244e-15,-1.0951168587605874e-15,4.195807145788133e-16,-4.089105578682018e-16,-2.475140554365398e-15,4.891812482469293e-15,2.8704804954688295e-15,1.9095971340957814e-15,-2.4473612840646963e-16,2.2471539626064212e-15,-2.581918818122142e-15,-4.219384027522314e-15,-2.0310277558038988e-15,1.4247404677805592e-17,3.842827346899067e-15,5.99112885016281e-16,3.2746912968134198e-15,1.7475059529721723e-15,4.267446105058171e-15,7.067789851824425e-16,1.0059066623848415e-15,-2.490316884283476e-15,-3.610398576569433e-15,-5.786693898866948e-15,-6.344480644085251e-15,9.175919058597203e-15,-6.357403217592258e-15,-2.9801274318195186e-15,-1.0497348127836376e-15,7.590041159384062e-15,9.190827285239937e-15,-4.215040165478818e-15,-1.5288075681513172e-15,-8.4675872084773e-15,6.8206742880422455e-16,1.4273507898421675e-15,4.022156685153109e-15,2.4996746702947447e-15,-2.024786611485068e-15,6.3531151864999396e-15,4.652754114396826e-15,-2.0040140458612094e-15,6.489301863596672e-15,8.11278248938704e-15,1.131179376686559e-14,1.9715239455751787e-14,4.885741192816676e-15,3.572503132538223e-15,1.4603829985380314e-15,1.686570068798289e-14,1.0,1.4924578616836453e-14,1.795943300676061e-14,3.968067898708237e-15,1.644599812856574e-15,-4.227481028616599e-15,1.1842428329364938e-14,7.497848562832262e-15,1.111549864264749e-14,3.482372841797903e-15,-2.6069494753450083e-15,7.422836786863093e-15,-5.238452467456239e-15,3.575213575543012e-15,1.57604599660899e-15,-3.239545516452702e-15,0.04789107084113477
98,-4.2025963854972434e-15,-3.571604455516971e-15,4.361271701059338e-15,-1.3195671886931077e-15,6.04460136077497e-15,-1.7596876704713253e-15,-3.5445568286491955e-15,-2.8835553304041334e-15,1.8024048442353948e-15,-3.0207865932639938e-15,3.2805703236659774e-15,1.2769661813332063e-15,1.4945254722027449e-16,-3.582771839644161e-16,2.5788849444756107e-15,4.3992987185435795e-15,-3.1236108679144724e-15,5.258977901221269e-15,3.625406677454187e-16,1.2896463065983186e-15,-1.2952584323673472e-16,8.445492013951084e-17,-6.149107331366149e-15,4.3776652426013225e-15,1.2828027100632895e-15,9.033461867101088e-17,6.797664533770467e-16,3.0217948249362645e-16,1.7597671844648335e-15,4.2868151052494234e-15,1.6871861510708935e-15,1.2110927686939787e-15,-2.8121853520772017e-16,-4.0005653786914836e-15,3.00673170423389e-15,1.199783679179487e-15,1.8112593824533668e-15,2.2516532088712284e-15,-1.5072720228394056e-15,-8.300773325766087e-16,-3.5444935989869043e-16,-4.181105304227822e-15,-3.8412288395985516e-15,-3.2453943255798057e-15,-5.1520507397342356e-15,-4.5777279111912856e-15,-3.833325959356727e-15,-2.8106353112555273e-15,2.4884448851534182e-15,3.87706001049164e-15,-2.5002094807502637e-15,-2.4880916820625296e-15,6.01565963601913e-15,3.564759533094774e-15,-6.814923838933492e-16,2.211099376585755e-15,-2.4057443830486152e-15,1.511768273835811e-15,-4.510532645356958e-15,6.318768410434158e-16,-3.313459765705819e-15,2.813562582394076e-15,2.0003406786535647e-15,6.261853834320814e-15,1.1635349657844243e-16,3.501866117690972e-16,-1.2916507553517072e-15,-1.2219347014102048e-16,-4.74689046152582e-16,-2.053822840602505e-17,1.3984477098753902e-15,-2.5856141052127217e-15,4.357676022419008e-15,-1.2518743210457033e-14,-3.025049655888318e-15,-2.5639177490968427e-15,4.027678395608433e-15,1.9944628821263796e-15,9.253827721027531e-15,-1.5183436792950402e-15,-5.543653394956319e-15,5.137845678134601e-15,1.1172454407069667e-16,-9.226365916678746e-15,-4.188040740359574e-15,5.452734528969195e-15,7.170714217418767e-15,7.023007244428574e-15,1.0586296564804202e-14,3.2932385855464685e-15,-7.944023236078047e-15,4.421511388478366e-15,-7.923790441110558e-16,2.604897663877162e-15,-4.005921082365948e-15,1.3046068865503633e-14,9.408953641936756e-15,1.4924578616836453e-14,1.0,-1.5200394575323004e-14,7.11673604307784e-15,-2.4955980489042597e-15,-7.491487892361493e-15,-2.35762482824012e-14,9.549952707454445e-17,6.931896183197935e-16,-4.621479240351826e-15,1.3854227693971488e-15,-1.7375747915191596e-15,2.8691887401701137e-15,-2.7249437348406822e-15,4.792250153070268e-15,-9.670539155380434e-15,0.04328975884656884
99,-1.676096219502351e-15,-3.5223567414281665e-15,-2.8094855486621923e-15,3.6808809653424995e-15,-6.944487372599661e-15,8.122727764411883e-15,4.913618652272757e-15,-5.204858347780552e-15,1.964766982129388e-15,3.114577086453049e-15,2.6526333511985752e-15,-5.179580478550622e-16,-1.5719855622170452e-15,-2.8157599476881743e-15,-6.441964846578996e-16,-7.7379343413039e-15,-4.3579775821101464e-15,9.344201665483473e-16,3.190086201708066e-16,-1.8075986989058115e-15,4.764010541837962e-16,-1.6243907634593689e-15,6.476855494391359e-16,1.949235949414063e-16,-4.0750490444566953e-16,2.4592159658991607e-15,1.3399876866813311e-15,6.693062649183039e-16,-1.6506066523406357e-15,-2.3397341274482e-15,-1.3744984746785733e-15,-1.44851102820429e-15,9.9463575496066e-16,5.425107839435605e-15,-8.238104849818877e-16,1.198680791903124e-15,-9.650842329975664e-16,-7.441787600016046e-16,-1.3469550135449494e-15,-4.17542807689179e-16,4.248959430353357e-15,2.286782457117038e-15,7.482279277016249e-17,2.2500227973951416e-15,3.969650758871959e-15,5.1995943300182966e-15,-4.308448618954419e-15,-1.5057355253022528e-15,-4.801490980038866e-16,-1.2586196028370625e-15,-3.285758860174804e-15,-2.296559487742164e-15,8.23193902163636e-16,2.428910636981062e-15,3.504437806583696e-15,2.9184400674539237e-16,1.4997030753116387e-16,-3.0118014255938777e-15,5.315487448511919e-16,1.6621085987178746e-15,4.470133910309153e-16,-2.4540062403771275e-16,-1.686693714124122e-15,-3.075439926494382e-16,-1.0642780216051377e-15,9.300525321580593e-16,-1.1827613328220088e-15,-3.899320014853129e-15,-2.7633400437132407e-16,7.037356636413794e-15,7.723039525501553e-15,3.788484778212935e-15,3.05784296197183e-16,1.6920653248286347e-15,4.879669363760279e-15,-6.671106440012428e-15,-1.2039173312887504e-14,-1.6007164735350058e-15,-3.3318939008988998e-15,-1.2708094787778769e-15,2.7836517014253327e-16,-5.144929970905331e-16,2.1781473079098612e-16,7.707138767744906e-15,6.6214870677779484e-15,-6.153472279558045e-16,-3.0892602696033974e-15,1.596672538548137e-14,-6.0455096014063e-15,-2.867316640994727e-15,9.996399907581253e-15,-2.794489432106647e-15,-2.689789096508988e-15,-4.386414243863326e-15,6.2924948249449025e-15,-2.643458930984426e-15,1.0320694205646946e-15,1.795943300676061e-14,-1.5200394575323004e-14,0.9999999999999999,-1.0430222068185496e-14,1.4221752362762353e-14,-3.654756855672155e-15,3.2681151519415244e-15,1.4580586762635374e-14,3.770178263353621e-15,-9.689494993660836e-15,-5.851556614377427e-15,-5.993593811873444e-15,4.24720508485913e-15,-3.515911334452497e-15,-2.1596604503240577e-15,-5.3457878794771596e-15,0.021629257335166987
100,-7.311201297463387e-15,-8.469568362184631e-16,-2.920891541034379e-15,1.002930170946739e-15,-5.598218231102192e-15,-1.9784953476148796e-15,-1.271665494932417e-14,4.5681903340011015e-15,-6.8918932882242026e-15,-6.945316508759001e-15,-1.095608372213972e-15,-3.381598594160258e-15,-6.165035297463963e-15,-1.4730543812441166e-15,7.013200517750812e-15,2.2168960302523185e-15,-1.5404955526951668e-15,5.572928504624464e-15,1.4970171793097065e-17,4.412366763788778e-15,2.290264346131534e-15,1.0906178858541452e-15,-3.500074848990665e-15,-1.1035769945820968e-15,4.458591674378582e-16,1.829113669606885e-15,-1.2204393964520475e-15,4.298531646049421e-15,1.1138735872392492e-15,2.20112118140893e-15,-2.0312091219185905e-15,-3.0647331423605142e-15,1.5067270542428604e-15,5.686229152407537e-16,-1.3805484902663832e-16,-6.171284680026876e-15,-2.458824877522324e-15,-2.873042421178328e-16,-1.7560247288951106e-15,-5.949858515180402e-15,1.7802652375912867e-15,1.1130530061207527e-15,5.7549624249069376e-15,-1.7388856824598033e-15,6.414958116330075e-16,-6.196881026591327e-16,2.482725460923731e-15,-1.3046136913997692e-15,9.175604343007444e-16,3.900630022464144e-15,6.269608678451753e-16,-2.0316611484456243e-15,7.032619620102438e-16,3.7566016920173813e-16,-5.4520476490395496e-15,-1.1417918014863323e-15,2.3227753128027844e-15,-2.949066100840523e-15,-3.3968674230030625e-15,3.0683474040453276e-15,2.335733078066427e-15,6.438284918429146e-15,4.531381097384049e-16,5.314837452089061e-16,8.688850886009271e-16,-4.855044444618894e-15,4.619778656712571e-15,4.814000266957221e-16,-3.989257448879625e-15,7.406436617858211e-16,2.9353148926392464e-15,-1.5722166592426367e-15,3.469942758672309e-17,-3.459748595986664e-15,-4.3620729866652465e-15,2.558767928106321e-15,-9.223465467751813e-16,-2.9736352500082247e-15,-1.7452426902309642e-16,-2.0452833567349712e-16,-4.842267390446823e-15,2.758094500552781e-15,-5.892385481910226e-16,7.450699070511009e-16,5.088166185032103e-15,-5.084248384114004e-15,-1.3917133358606704e-15,-4.997251084881675e-15,-4.4145159730502944e-16,5.554063021349215e-15,-6.576385511128967e-15,1.236356407430073e-14,5.382824448513862e-15,-7.416651839594027e-15,4.0862653014330455e-16,5.6630447834536714e-15,-1.2263654712883245e-14,3.968067898708238e-15,7.11673604307784e-15,-1.0430222068185496e-14,1.0,2.2145948609588247e-14,-2.1840853463460218e-14,-7.430302913079918e-15,2.070724032623307e-15,6.232513175715437e-15,-1.6822020814139091e-15,5.875060026878519e-15,-8.00889406361973e-15,-8.926345012113595e-16,1.0703614644255709e-15,5.928955003361905e-16,-5.092940443518278e-15,-0.0546326222233786
101,-4.694707069389844e-15,1.3965378692833433e-15,4.600018812317219e-15,-2.5372444068585774e-15,-1.2709409918568338e-14,-2.324500575922214e-15,-1.1347070896179378e-14,2.568618405484666e-15,-5.478707132965828e-15,-3.864169864174752e-15,-2.2524400028015058e-15,-6.353998314768733e-15,-1.9055787652909657e-15,-8.792485839718564e-16,1.9759229766677772e-15,5.343538341265453e-15,3.1502983402788907e-16,3.988988279702599e-15,-4.2981520423785345e-16,4.920792513293311e-15,-1.6833286117838519e-15,-6.525449771475683e-16,-2.405612658117511e-15,-9.91117179549465e-16,9.017036399290124e-16,-2.478255738130605e-15,-3.915950405346154e-15,-1.8952927324783137e-16,6.707448775042082e-15,1.0302563870047986e-15,-1.1937634371808165e-15,1.3374767267519457e-15,-2.419912424421274e-15,-3.638714770115356e-15,4.5414750850034164e-15,-3.641933733990372e-15,8.90187310519483e-16,7.328921512314092e-16,-4.797718499113446e-15,-4.014817417406856e-15,-9.968749139008334e-16,9.820534284126727e-16,2.8883117869517222e-15,-1.0026093003212182e-16,-1.1408963487306752e-15,-9.092204585054408e-16,-3.616173046177865e-15,3.4938880164108667e-15,-5.328733378308483e-15,1.9625344837346465e-15,1.5401179943560225e-15,-4.042418410465122e-16,-5.861990017581667e-16,-1.6255984627676671e-15,6.158293062716233e-15,-4.93367188606361e-15,3.1414287598399138e-15,-2.0614620180265436e-15,2.5731593680291686e-15,-1.5266946140296501e-15,2.6957521272233328e-15,3.3881210655695108e-15,-5.444627523261533e-15,-4.746899641489025e-15,1.3017917110418392e-16,1.1717952040110014e-15,-3.0646389795250046e-15,-3.3649335725502703e-15,3.230424123521448e-17,1.6569831305265272e-15,-8.361330294344557e-15,-7.191587898904323e-16,7.169077718298864e-15,1.013961877153515e-16,1.9842209439269417e-15,-1.3556464096168118e-16,-1.2092429571624077e-15,-1.6177888119069056e-15,2.3645971288129883e-15,4.963517828614829e-16,-5.3248518185513976e-15,1.2468227933461138e-15,1.4131199253371655e-15,-2.892323007791603e-16,-4.257648999824938e-15,2.9670676891889582e-15,1.0197849867023378e-15,-3.919929806536862e-15,8.530703242599783e-16,-1.1155800986771024e-14,2.5401973252641744e-15,3.405066974984303e-15,2.717722225383899e-15,-2.2977487735512756e-15,-5.3492646743551855e-15,1.2519466505025271e-14,3.3854149170891342e-15,1.644599812856574e-15,-2.4955980489042597e-15,1.4221752362762353e-14,2.2145948609588247e-14,0.9999999999999999,4.206238954724835e-15,-1.0696046948426703e-14,-5.1688542257409475e-15,5.049530184463845e-15,-4.0841488958874016e-16,4.6369479046708235e-15,-4.0123302597961625e-15,1.2224207180092321e-14,-1.8349360251413766e-15,4.3348673452607066e-15,2.327573625407561e-15,0.018157639428575314
102,5.501377409799364e-15,-1.8100432892826526e-14,-3.6059878414312134e-16,-3.458984008611248e-16,9.51837708725369e-15,2.4711472996698396e-15,4.017295030543616e-15,-7.782088148460576e-15,-9.18120572973103e-16,4.328761018442656e-15,4.512115206725481e-16,2.8729926313260826e-16,2.43702469740834e-15,-5.034340755146487e-15,1.0891540790885267e-15,6.8649280089771516e-15,3.3803493279142272e-15,4.53974927698217e-15,4.248604904769273e-15,-6.543294298635622e-15,1.964843550675806e-15,3.5370604743327854e-16,-3.672013451522324e-15,6.778043107953265e-16,-1.9523159250613407e-15,2.186342492341338e-15,-2.5758018681739793e-15,2.2044112655364542e-15,-4.722746103628821e-15,1.4999238756539825e-17,-8.671306749026272e-16,-3.3365517437053324e-15,1.8903811047276075e-15,4.9386782261411e-15,-2.1393735656177756e-15,3.4746546117520936e-16,3.966847652233058e-16,-1.7997429403714508e-16,1.5612743699047465e-15,-2.691882065864062e-15,5.340172662575462e-15,2.015014785497208e-15,-3.787953388880449e-15,3.0767963581266914e-16,-1.7753688705723329e-15,-4.1830292296890884e-15,1.4522982759510232e-15,4.242911435646101e-15,-2.267046184549762e-15,-6.644907767614857e-16,-7.956091443408359e-16,1.843360468852608e-16,-1.6902391853028096e-15,4.389063072415949e-15,-2.1739254355417603e-15,-3.3780831331217945e-15,-7.393989752824004e-17,-3.9054004032037454e-15,-7.35368062140124e-16,2.7385917674071147e-15,5.291642473699472e-15,6.835828050445031e-16,3.968121739640003e-15,1.4261221501206748e-15,-1.1739454721162165e-15,-2.137539413090097e-15,-2.168643113579554e-15,4.3314421485630174e-16,-7.433534710599117e-15,-1.9576213926003485e-16,7.50730922912903e-15,-2.9740163716129823e-15,-1.1624713302071544e-15,1.6706864007503126e-15,-1.7531312888531415e-15,3.618105506596026e-15,3.6345182258358266e-15,-1.356279337612474e-15,2.265779003181298e-15,8.37698975390708e-15,-5.928953216959268e-15,4.154358968191752e-15,2.0963435582632985e-15,3.6830445955104577e-16,-2.4298726454791447e-15,-3.686986049800977e-15,1.3562292629514902e-15,9.928696278117558e-16,3.541955768411824e-15,1.497037346782167e-14,-4.4421641532215474e-15,9.247051807770696e-15,4.159007487842744e-15,1.3283230699560108e-15,-1.9192153796106478e-14,9.327870198828357e-15,-1.0272501255703087e-14,-4.2274810286165995e-15,-7.491487892361493e-15,-3.654756855672155e-15,-2.1840853463460218e-14,4.2062389547248355e-15,1.0,8.986788086287605e-15,-1.6426681887475502e-14,-2.1853320609114767e-15,1.9141370288946156e-14,2.3107895350737816e-14,7.84182130237622e-15,5.943003076206553e-15,1.2887636360951004e-16,-4.908198350866915e-16,-7.822180674151655e-15,0.03247295963364934
103,-2.571798743296061e-15,-3.816354514131182e-15,-6.44655520979223e-16,2.3709797102620227e-15,4.507378384058755e-15,1.0556370267246172e-16,2.2757201177781837e-15,2.8998899084918363e-15,-5.759608345127691e-15,2.180104542820609e-15,6.8971541859962585e-15,-4.736049349785061e-16,-3.682692862907015e-15,8.288871911652044e-16,-3.3075205211583476e-15,8.120836423489823e-15,2.2984752243417345e-15,8.737940737454358e-16,2.711629568728532e-16,-5.703869537831892e-15,4.1229195478365296e-16,4.4972851913515215e-16,7.843098329936447e-16,1.9654859721882227e-15,1.843687281755561e-15,-1.8657431806083266e-15,-2.3768689481216284e-15,9.929685936148935e-16,-2.2684990320335507e-15,1.3691500662036605e-16,2.1182356410783053e-15,1.754457681865586e-15,3.48155989121609e-15,1.890427265616305e-15,-3.237890726929748e-15,4.26000054805887e-15,-4.07762833873178e-15,-2.1456412562567742e-15,-8.68607533883003e-17,-4.608377926029828e-15,2.380103705227896e-16,3.557935974162519e-15,1.7250881026005097e-15,4.73727309322507e-15,5.425977613399535e-15,1.6524598383273173e-15,-3.043471484818495e-15,-2.242319229660845e-15,2.0182278843466874e-16,4.712614394989984e-15,-4.236482942624094e-15,-1.4908783128357544e-15,2.3370008437656e-15,-1.7946248899860047e-15,1.4424821326676991e-15,-3.472286427664245e-15,2.547992675736436e-15,1.6114939990122785e-15,-2.13444581693758e-15,-4.620001154237029e-15,5.616172182164818e-16,-1.8581469132693837e-15,-1.9693440732365348e-15,1.902149055228906e-15,-3.2483975317630364e-15,2.998779577648646e-15,-3.6742896465766126e-16,1.068171283728239e-15,-5.12061026184692e-16,-6.280528300972468e-16,5.784221816639442e-16,-5.316129234548408e-16,4.368724581770122e-15,-4.052749395903261e-15,1.7089976748556455e-15,1.7354288286907742e-15,1.620621576920987e-15,8.749103899242285e-16,-1.3872814565541693e-15,2.5952795478689032e-15,-1.8811255179880086e-15,-7.835034562206813e-16,1.5891307403063475e-15,-3.643129731498894e-16,-1.1182333662270694e-15,-7.325150162797131e-15,1.9116586414452297e-15,-4.422855611261505e-15,-1.2788858315397704e-15,2.085240727744862e-15,-2.7821734213621694e-16,-8.849392143470843e-16,2.8027788277838933e-15,4.310544776637933e-15,1.2296265074849545e-14,5.585636693154054e-15,-1.5987526428883806e-15,1.1842428329364938e-14,-2.3576248282401197e-14,3.2681151519415248e-15,-7.430302913079918e-15,-1.0696046948426703e-14,8.986788086287605e-15,1.0,-2.2976682466371176e-14,3.7672083169019415e-15,-7.429051995486698e-15,-8.49813042705865e-15,7.373485832541561e-15,-1.6170987475539753e-14,1.4129332600740392e-14,-1.9786168062125395e-14,8.534893577465172e-16,-0.062475619169976265
104,-2.5757560786965633e-15,-2.52214957854199e-15,5.130309322768138e-17,-2.4381552461747273e-15,3.861182463711927e-15,-4.979899163805167e-15,-1.2549997637729934e-15,2.55516454590352e-15,-4.5973299070986703e-17,5.033328935985184e-15,-5.122104275868294e-16,-7.851240445902329e-16,-1.272215934169089e-15,1.9546618897817156e-15,1.3086850835543196e-15,8.891291942296571e-15,1.9059694160938446e-15,-7.747775400628353e-16,-2.9694800621726534e-15,-2.7382186943080968e-15,2.5251134747935025e-15,2.509283983208214e-16,-5.012384597708813e-15,2.1231772121650793e-15,-8.895796676877615e-17,-3.130381853769876e-16,8.374460236139572e-16,6.80175513067514e-16,-1.0852596877843044e-15,1.5261065947696381e-15,4.1729945703247984e-15,3.234972406328292e-15,4.566169259740258e-15,5.585816650912557e-16,2.3856672327484404e-15,-1.1351646999314417e-15,2.9642584159231325e-16,1.7807874794224863e-15,2.91396074110421e-15,4.283181274969848e-15,1.6780639793553296e-15,-1.986882391167839e-15,-3.9007413591792866e-15,-1.9178015150856015e-15,3.58442249279438e-15,-2.518940467403506e-15,-2.3504471167620024e-15,-2.6730976294614786e-15,-5.838409521887427e-16,-3.372287408332332e-15,2.2762344886856507e-15,9.196852092069755e-15,-5.259654132010813e-16,8.986683052292451e-16,-2.0377849937554718e-15,3.2097268218547334e-15,2.427400677187794e-15,7.082488373890229e-15,1.0119528587694948e-15,-1.40988145505232e-15,-4.508019880678386e-16,-2.035611360451196e-15,6.249439653226768e-15,4.0766486542674456e-15,3.581888576292183e-15,-1.4914314591205418e-15,-2.5257005997613813e-15,3.5069821515206044e-15,3.0211785920572074e-15,-4.1067583754472084e-15,1.018335564358136e-16,-8.761984133008053e-16,-9.708919548089747e-16,-4.3089087962141177e-16,-1.746703118937569e-15,2.092176211337594e-15,4.400581561345343e-15,1.6900991351211899e-15,-3.1976440077630114e-15,-9.076989468448064e-16,-2.897142002041175e-16,-2.8509085935816414e-15,-1.3089995299841677e-16,-1.9325107754083386e-15,5.1879062839700334e-15,-9.721691004897157e-16,-3.4510786785511405e-15,7.837830609543979e-16,1.449828152860008e-15,-7.812295431701072e-15,-1.7276885305210367e-15,2.0576795820310964e-15,7.000421277384353e-15,2.3664331551885574e-15,-6.935133827305092e-15,6.100701687862017e-15,-5.422821874179366e-15,7.497848562832262e-15,9.549952707454446e-17,1.4580586762635374e-14,2.070724032623307e-15,-5.168854225740947e-15,-1.6426681887475502e-14,-2.2976682466371176e-14,0.9999999999999998,-2.419083274775005e-15,1.846045577358778e-14,1.0904709447711919e-14,-1.680989450157544e-15,5.627911472741784e-15,6.028383297978887e-15,-3.811549168729249e-15,1.433254105374454e-14,0.06739038926239
105,-4.4531680878168504e-15,-9.234683419513031e-15,4.838886831346649e-15,-5.500695394350253e-15,-1.0111782335182925e-14,7.445283810851955e-15,9.71744148734451e-15,-5.64347011817045e-15,5.708472693633934e-15,-1.0918618874576076e-17,4.988327424744562e-15,-1.0106181139380571e-14,1.6034760095083707e-15,7.659985331043389e-15,-8.459420994295564e-16,1.511643671420775e-14,2.794757135069872e-15,-2.1887279981354987e-16,3.254226872167042e-15,-4.46264124650119e-15,-4.7990329267605345e-15,-3.22285038758086e-15,-1.5368820953369042e-15,-1.4732319035785706e-15,-6.221660383743065e-16,4.249433434288601e-15,-3.750265841250878e-15,6.481273163114522e-16,-3.900521530030654e-15,1.16513886750199e-15,-7.843290734754473e-15,1.893885675329755e-15,5.063031332317906e-15,4.013920250557608e-15,-6.869267376795958e-15,-2.1057195335717803e-15,-2.3241951081477584e-15,1.5348778133738852e-16,4.82943608939819e-16,-1.0834544417049498e-15,2.612293820740659e-15,3.0029749781324864e-15,-5.865567095058099e-15,-4.696544783385527e-15,3.626215338819142e-15,1.5123268325226137e-15,1.4006006204331328e-15,-1.0674408250690994e-15,-2.4461337855861843e-15,-6.110785314416297e-15,3.1792056578594838e-15,3.520353127397879e-15,-3.926096705591782e-15,-7.834973391855905e-15,2.1464327060407655e-15,-9.550511465858248e-16,2.5094267240080145e-15,1.4284388248699918e-15,-1.424434364188138e-15,-7.033091030229692e-15,-3.46459668206245e-15,1.4245558887396829e-15,-1.819992189188725e-15,6.419963895978493e-15,-2.867521147935864e-15,-3.921948550608009e-16,-5.592237642424468e-15,-9.866888224135384e-16,3.2662379856735314e-15,-2.458196831709758e-15,2.35055099254609e-15,-1.4367180507857675e-15,3.545549953943656e-15,1.920886498265061e-15,1.0182087683167232e-16,1.067394749801067e-15,-2.4034483628738498e-15,-4.0486317206516805e-15,1.739353243351439e-15,1.4946301072408678e-15,-4.857477034231167e-15,-3.365338272988313e-15,3.1652174185413483e-15,2.2132439673767479e-16,8.910090753004523e-15,-5.887318547525393e-15,-3.578795732194739e-15,5.3575586075473475e-15,6.9612799047154754e-15,-5.100173010327472e-15,-4.6819320845755955e-15,1.600388811943219e-14,1.06382736973875e-15,2.5081819123998766e-16,-3.3676566917911996e-15,1.511016605594137e-15,-3.0853137373847933e-15,1.1115498642647492e-14,6.931896183197934e-16,3.770178263353621e-15,6.232513175715437e-15,5.049530184463845e-15,-2.1853320609114767e-15,3.7672083169019415e-15,-2.419083274775005e-15,1.0,3.4501294096409504e-15,2.2317422161580215e-14,-8.655166253665178e-15,5.849308327167795e-15,1.4179509585764511e-15,3.4163212683377157e-16,-1.157716419207866e-15,0.04965540755202253
106,4.2222566087039294e-16,1.4171142806259097e-15,-7.18971434406184e-15,6.282827094692468e-16,-8.088139172139729e-16,-8.246819578209837e-15,-6.144246391373655e-15,5.085111695707328e-15,2.0870398085391295e-15,6.123841475271841e-16,-1.3508026631839159e-15,-2.340391715350072e-15,-6.961463440017755e-16,6.832228808070577e-16,2.0824964505773745e-15,-3.2598954170424737e-15,4.869827179390064e-16,-1.644873886482426e-16,1.964798977946177e-15,3.3068623009735223e-16,-3.673371390481925e-15,-3.098006055517236e-15,2.978655634628955e-15,-3.470286082885647e-15,-1.9269166215672144e-17,7.977690722359793e-16,3.114064661910942e-15,9.131673842042008e-16,-4.7410418028453486e-15,-2.7525265794318955e-15,-2.909660715453494e-15,1.598092181517333e-15,2.4164880947813328e-15,3.795622893373041e-15,-1.7638136450075398e-15,-9.632412761130047e-16,2.6309680844647837e-15,1.1375862491316157e-15,3.39233340595038e-16,-5.055273975881268e-16,-3.266337645679416e-15,4.832123163881936e-17,-5.240168167216959e-16,-1.0594537489472085e-15,-1.0888540651109706e-15,2.74586274026735e-15,-1.7477835023950793e-15,-2.904119354082741e-15,-1.5083476690332243e-15,-4.634124901720907e-16,2.3937012735689243e-15,-3.015282774741647e-15,-5.0544787348632654e-15,-2.944438579959933e-15,-2.492743860672826e-15,-1.2299433830784196e-15,-3.035310459667075e-15,-2.2748481267975373e-15,-9.238631536626528e-16,-5.0350048181411186e-15,-5.666985497801399e-16,1.7313179975497699e-15,-5.756952243713044e-15,-4.37838567129298e-15,2.8759600926759482e-15,3.0252256338985494e-16,-4.9285507410606226e-15,-3.3922510437785635e-16,-1.8221184000809225e-15,4.356404208286563e-16,3.5326482443386323e-15,-2.14524662968169e-15,-4.9492269362622444e-15,5.588261263359024e-15,-1.3433742042839447e-15,-1.8702319411077966e-15,-1.6781774652994994e-15,-4.196945847306125e-15,-1.5923002650781882e-15,1.6975647849628151e-15,-3.2126471253519563e-16,-1.784643277872365e-15,2.7595562512521476e-15,2.700939739086043e-16,4.18192749831839e-15,-3.941164215954221e-15,-5.075937405687461e-15,2.8561344949628747e-15,2.093928394264009e-15,-2.070820779077578e-15,1.860237607451611e-16,7.33105819439841e-15,-2.5575748589596622e-15,-4.632112734162452e-16,3.769523695449414e-15,3.27978377156177e-15,-3.692831413732229e-15,3.4823728417979032e-15,-4.621479240351826e-15,-9.689494993660836e-15,-1.6822020814139091e-15,-4.0841488958874026e-16,1.914137028894616e-14,-7.429051995486698e-15,1.8460455773587777e-14,3.4501294096409508e-15,1.0,1.586859911327414e-14,-1.4116829860436534e-14,1.6918898831592059e-15,-3.2927969333520415e-15,5.3870727771015946e-15,-2.5148983422760935e-15,-0.027589892058674712
107,-6.42750345112858e-16,2.9885265216737663e-15,-4.412977443621603e-15,-3.305827671050043e-16,-6.160800420223371e-16,-4.331735144966686e-16,3.718456391856942e-15,5.34970136683469e-16,1.6475104397681867e-15,-7.295587584173111e-16,-2.1509478681702004e-15,2.119321261169166e-15,3.3952666446396127e-15,3.873749744822453e-16,3.803485432774303e-15,-4.442012973317151e-15,1.5843114152267581e-15,-1.5468897736365817e-15,7.170551893369991e-16,1.3653938463808996e-15,-6.595514524942782e-15,-2.7228275893828493e-16,-7.49874630150239e-15,2.2492009009951636e-15,-1.0808844124238038e-15,-1.4652883554296382e-15,3.551754520721627e-15,-3.876518793954696e-15,-2.629310534370904e-15,4.5912817708283935e-15,-6.060365031853812e-16,5.0776399171803155e-15,-3.6319878818927736e-15,-7.398502221449505e-15,1.2418424096634045e-15,5.862007522321989e-16,9.336200454488321e-15,5.713230015881537e-15,1.0336376811257534e-15,-1.0876965930106501e-15,-5.11112453013733e-15,-1.566876957292679e-15,4.751547294142076e-16,4.330197303668317e-17,-5.90591567210938e-15,-2.2797500845589723e-15,4.603054011304654e-16,-1.6010953247569267e-15,-6.35219902407179e-15,-1.1569327031343498e-15,9.446616882201513e-16,-1.2911657943387855e-15,2.3852513067443746e-15,-2.093513242528544e-15,3.2169773112788553e-15,4.0999732388254205e-15,8.393819611513886e-16,-3.7863146838057014e-15,-1.7946404631075004e-15,-6.401929568859036e-15,-3.501495418123768e-15,-1.4252336959543312e-15,1.6339477730469611e-15,-7.065880818907378e-16,4.153987976604144e-15,-1.5993868421084127e-15,1.5724492739791026e-15,4.265125996550737e-15,-2.126237946576791e-15,-4.3322267842246784e-16,1.6298701030817474e-15,-5.746724071004343e-15,1.4148387114655548e-15,2.2651049546230763e-15,-9.200119608069274e-16,3.64836911049975e-15,-3.357351559266798e-15,-9.544449298106084e-16,5.774951091923866e-16,3.4647220539139113e-15,-1.7887510463057945e-16,-1.8251051796294333e-16,3.76400165739868e-15,8.83719043720249e-16,4.0800055067558914e-15,-5.087117440667352e-16,-7.939458062400237e-16,2.2429886329278946e-16,4.0919711352420675e-17,-8.595567650604503e-16,1.7086279079969393e-15,7.316450160478036e-15,2.299072016885748e-15,-4.4180943453840885e-15,-5.7450158029715976e-15,4.062594638441816e-15,-2.8090324546445785e-15,-2.606949475345008e-15,1.3854227693971488e-15,-5.851556614377427e-15,5.875060026878518e-15,4.636947904670823e-15,2.3107895350737813e-14,-8.49813042705865e-15,1.0904709447711919e-14,2.2317422161580218e-14,1.5868599113274137e-14,1.0,2.324598475312191e-14,-1.1803201740330437e-14,6.5103569514007315e-15,-2.648713760671601e-15,1.8983538183090556e-15,0.08142096096921728
108,-2.062852471026175e-15,-3.813733668093545e-15,2.659718065382179e-15,-3.743248350268542e-15,1.0846024953076647e-15,-1.1217821143602372e-15,3.6868589116115785e-15,-2.8236647068627398e-15,-7.705738218477035e-16,5.756488782534625e-15,-2.7430008008357256e-15,2.5371164789003977e-15,2.6240852625170572e-15,5.527676497480739e-16,-5.957454977531916e-15,1.5442535194379606e-15,1.3301883208876647e-15,2.20178322913531e-16,3.0567473044608036e-15,-5.725621557880319e-15,-1.2545764805300506e-15,-2.229777662430489e-15,-4.668982937994821e-16,2.9794035426458856e-15,-2.223895878184753e-15,-1.4351789636287751e-15,-2.352695743181836e-16,2.2679070080323475e-16,-4.6112954022551e-15,-2.0014253530772757e-15,3.730126209373872e-15,1.4719812890508026e-15,-1.6068822217840304e-15,-2.00668134634265e-15,2.74796238079962e-15,2.5789768319045034e-16,-2.8138917876268553e-15,4.830644200222523e-16,-7.936415049829573e-16,-1.8616644590614716e-15,2.3633097289757842e-15,-2.403361240244116e-15,-1.5704812912523323e-15,-8.197454953526517e-16,-4.070723563199289e-15,-7.909148679764424e-16,-1.935451498074742e-16,-2.2133767180233204e-15,-9.955840688393053e-16,-2.8452617872565426e-15,3.8635673599891176e-16,-1.3271810096640397e-16,3.85368574426225e-15,-2.5684234137668623e-15,-3.0207865862238535e-15,-3.20590616982806e-15,1.6026417347879566e-16,-1.8356601129783297e-15,3.331162119209103e-15,-4.580333419787074e-15,-5.232251226310962e-16,-2.778399215768098e-15,8.876994304527292e-16,-4.204793859759293e-15,1.2455348807451604e-15,-1.119860383736012e-15,2.624057981621076e-15,3.6403877860815255e-15,-5.020051921006294e-15,3.043055504547088e-16,6.336116559374315e-15,2.832288878331114e-16,-2.6699076668982735e-15,-3.0325636780886774e-15,-4.021632415391784e-16,6.853286330350292e-15,1.4685917362955204e-15,-6.127769127676e-16,-1.088005847185775e-15,4.324766426318624e-15,-1.9360988830385465e-15,-3.648845612229743e-15,1.5245285765700953e-15,5.176721459798536e-15,-1.6947919167122568e-15,-2.820455555404106e-16,-2.9860819773112726e-17,-2.0218079477968503e-15,-2.3791663703006485e-15,-7.783439719926493e-16,1.0475345959756096e-16,7.672877449094326e-15,-5.764309087555664e-16,-5.350553716331367e-16,4.285046921094522e-15,3.483279481395647e-15,-5.440365102276843e-15,7.422836786863093e-15,-1.7375747915191596e-15,-5.993593811873444e-15,-8.00889406361973e-15,-4.0123302597961625e-15,7.84182130237622e-15,7.373485832541561e-15,-1.680989450157544e-15,-8.655166253665178e-15,-1.4116829860436532e-14,2.324598475312191e-14,1.0,-4.39239459351037e-15,2.0579627755278563e-15,-2.4413488425629185e-14,-4.456637942940184e-16,0.05339635236252467
109,1.3512276791359053e-15,-1.543585813176042e-16,3.905457510688317e-15,-1.6954798208548776e-15,-4.335920573182455e-15,4.047188885363733e-15,2.5011871782977774e-15,-2.2647923503518965e-15,6.395235925631814e-15,1.2174308678361125e-15,-1.998972568947245e-15,-1.4162963495445784e-15,1.2373991795785048e-15,-1.127370800471548e-17,2.4507212075183993e-15,-4.891280360553278e-16,-1.114507042567816e-15,-1.5642448552038971e-15,2.844670921495239e-15,1.524655240895558e-15,-1.4703860963858467e-15,-5.428973957834542e-16,2.3440068750566708e-15,-1.8814419173624111e-16,1.5598977010421534e-16,-4.967043926662891e-16,-7.466674360305729e-16,-2.5560469926169604e-15,-8.1881875014853175e-16,7.0212584450460895e-16,6.939004235605413e-16,2.1022714387040494e-16,-2.3492233534579916e-15,6.015140898189867e-16,-2.174796098448161e-16,2.5794773737779298e-15,6.181336533555109e-16,-2.379711225532395e-16,1.1718243801775607e-15,-7.877643184509024e-16,3.719713956169692e-15,-9.7941750589576e-16,2.4096668860510287e-15,1.2610091631232866e-15,-5.747926286169132e-15,7.581342160212518e-16,4.412981288520721e-15,1.4345071023418672e-15,-1.7621551059083628e-16,-1.5647467293053646e-15,3.0039776637355195e-15,2.424187717004684e-15,-1.844374505631381e-15,-7.907838385535105e-16,1.892515134425564e-15,4.3903906210393325e-16,4.274000239026626e-16,3.1799944346541714e-16,7.301274336902744e-16,2.655217467948242e-15,1.0818373326540607e-15,6.974117490844968e-16,2.2663736755458e-15,-2.4264870689107912e-15,3.026916775016331e-15,-6.77551360016358e-16,-1.0406266451329563e-15,1.179665510847381e-15,1.8091715798756655e-15,-1.8597851696603621e-16,-8.258117752355079e-16,2.220371684096049e-16,3.8330577061104705e-16,1.700338991329848e-15,1.1695060917401026e-15,7.124520136063763e-16,2.5260557577161284e-16,-2.125306460313915e-15,-2.227855033440131e-15,2.3569902909755523e-15,-2.455042714342129e-15,-1.220352310834352e-15,2.9931196825825504e-16,-9.408547756759227e-17,-8.820450671097476e-16,-1.921250480587398e-15,5.587841591695885e-16,4.652714552285798e-15,-2.7454546484983934e-15,3.96912629032304e-18,4.057474202682346e-15,3.6775328331776e-15,5.0540621390256514e-15,3.581105084641279e-15,-6.207730621007961e-15,2.9857527319073398e-15,-8.462807650009719e-15,-5.2384524674562384e-15,2.8691887401701137e-15,4.24720508485913e-15,-8.926345012113593e-16,1.2224207180092321e-14,5.943003076206554e-15,-1.6170987475539753e-14,5.627911472741784e-15,5.849308327167796e-15,1.6918898831592059e-15,-1.1803201740330437e-14,-4.39239459351037e-15,0.9999999999999998,2.0737919010140445e-14,4.3517603433477784e-15,-5.477941308902135e-15,0.007234162696746156
110,-5.958216986732646e-16,-1.0820557988782369e-15,3.122206021014935e-16,5.196381270311356e-15,-1.877582561891423e-15,2.465502875873889e-15,-1.6138734225993266e-15,2.1932118110865546e-15,-6.632669340043217e-16,-1.5545441491001685e-15,8.294692179948323e-15,-5.696014685942804e-15,3.076964893089382e-16,-2.1311004878648105e-15,-1.4954270762941988e-15,-4.953230608381071e-16,5.161873443749685e-17,5.5889826468271705e-15,3.897358929934323e-15,-9.460588723418774e-16,3.938477062860398e-15,5.660843004400853e-15,-5.960171315262741e-15,1.4554321999834535e-15,1.1582187711126411e-17,2.859661924596986e-15,-1.1266846460616927e-15,1.2365680278663816e-15,-4.571004211053955e-15,-2.745374049422451e-16,-2.332622040031306e-15,-1.9988582155971585e-15,1.1041273945678785e-15,3.589503739322152e-15,-5.380114086431573e-15,-3.1189390331583564e-15,-5.57322884829169e-15,7.085588536114703e-16,-2.0630458663194916e-15,-4.41289580613344e-15,4.3182114072308033e-16,1.6081919950620455e-15,4.874416058040195e-16,-4.2126334328949585e-16,1.7399782855037335e-15,2.82030998681836e-15,-4.0233772751648903e-16,8.043906162074594e-16,1.5862218665740929e-15,4.2183434499709936e-16,2.353683486914887e-16,-1.9146247270155746e-15,-2.266969641479272e-15,-1.8332316841626743e-15,-1.2119349774047697e-15,-1.2830499680747787e-15,5.161388363338635e-16,2.332867553122582e-16,-6.337397126349683e-16,-1.6883606080161872e-15,1.083564860036518e-15,2.1646409557670424e-15,-4.000886613732565e-15,7.63614524022085e-16,1.6168074754221668e-15,5.132332667754352e-15,-7.660497783051597e-15,-2.373114127859244e-15,2.7119047325227007e-15,3.1366780881476657e-15,-4.293874194690368e-15,-1.350022277835517e-15,1.8154948500935333e-16,-4.2162174659007676e-17,-2.8279027582179553e-15,-7.082464135266609e-16,2.2924236965391043e-15,4.630803712398847e-16,-4.6553420948233094e-15,-1.148117201165607e-15,-8.45331987299735e-15,-1.5361775645403784e-15,-1.461377177928021e-15,-5.493762638916088e-15,2.270183032622584e-15,-1.4751191335914864e-15,-2.6755024687132157e-15,-1.5862013569704653e-15,1.3686212940105494e-15,7.049632746819615e-16,1.1121710249240337e-14,-3.574194445643331e-15,5.134358699596816e-16,-4.851206595133817e-15,5.176370197424788e-16,6.358028149630524e-17,-1.6537410722494946e-15,3.575213575543012e-15,-2.7249437348406822e-15,-3.515911334452497e-15,1.0703614644255709e-15,-1.8349360251413766e-15,1.2887636360951004e-16,1.4129332600740392e-14,6.028383297978888e-15,1.417950958576451e-15,-3.292796933352042e-15,6.510356951400731e-15,2.0579627755278563e-15,2.0737919010140445e-14,0.9999999999999998,1.0945610629260392e-14,3.2554344901651552e-15,0.012778394783668186
111,4.537391333021995e-15,2.110874417671878e-15,-4.355552995785094e-15,2.273946857384994e-15,-5.089293159205369e-16,-1.6577198902505662e-15,-8.738476174065131e-16,-5.541791740302427e-16,1.9408233055441823e-15,5.7415342162516636e-15,1.2036125096897167e-15,-9.5591268088751e-16,1.4867126263117358e-15,2.5336774849360642e-16,-4.91558256562362e-16,4.031900964876152e-15,7.395853674554746e-16,1.1153527560858495e-15,-2.3339426640621837e-16,-1.6178544262090842e-15,-2.004230826284358e-15,-2.96136401637715e-15,-8.510608856226389e-16,-3.848449420021409e-16,-2.3236964842425256e-15,-4.2240447791255554e-15,-7.93902052532464e-16,-3.6324345108346173e-16,-2.0499615425053627e-15,-1.5020551661357125e-15,1.1554474936057822e-15,-4.045108493252981e-16,9.709279891929808e-16,7.606561581763346e-16,-3.2336305088701866e-16,4.323465919431578e-15,1.943753883853262e-15,-2.95389365229389e-15,2.9212685286352238e-15,1.7343949076365625e-15,-3.1995377412049007e-16,-7.286197615260583e-16,3.957263531182383e-15,1.4186191393377029e-15,-1.6910926658955866e-15,-2.0492863590287604e-15,-2.4637420207319597e-15,-1.8769145385070826e-15,-2.487318796430642e-15,-2.323871187631404e-15,6.581176765925791e-15,2.3685818028974087e-16,-2.887634768413086e-15,2.7809801793149296e-15,-2.373388390895025e-15,-1.6912694832015524e-15,2.2233631988202926e-16,-2.0872617133093788e-15,1.4725675076262539e-15,-1.7945248717252784e-15,7.84498098407237e-15,2.670495547721581e-15,3.0558481073261695e-16,-1.977580980693807e-17,6.191203184345166e-15,3.22054430477913e-15,-8.35864178506129e-15,2.6435472867795844e-15,1.9073946043553827e-15,-2.6273938590951903e-15,9.211098701653045e-16,3.860039977282172e-15,6.710663894953064e-15,-2.0481151023211356e-15,2.3518557317318166e-15,2.7733068859913764e-15,3.3695381755320325e-15,7.607906143373539e-15,-5.706676869990187e-15,5.09636313417141e-16,-3.4028773966064808e-15,2.517541067861789e-15,9.100871517071888e-16,6.491806597772122e-15,2.398522310418395e-15,-2.721683957992464e-16,-2.9275574264673205e-16,-2.316080933074815e-15,-7.16980934238888e-15,4.898733755779509e-15,2.496037012648638e-15,6.424314187836193e-16,-2.3275417691868857e-16,-4.523794338041498e-16,-1.3057374657285961e-15,4.019808515640964e-15,-2.350512974266722e-15,1.57604599660899e-15,4.792250153070268e-15,-2.1596604503240573e-15,5.928955003361905e-16,4.3348673452607066e-15,-4.908198350866915e-16,-1.9786168062125395e-14,-3.811549168729249e-15,3.416321268337715e-16,5.3870727771015946e-15,-2.6487137606716008e-15,-2.4413488425629185e-14,4.351760343347779e-15,1.0945610629260392e-14,1.0,7.025672293419639e-15,0.07066066126462164
112,-2.1814197037357537e-15,-3.3076470223056615e-16,5.768777466286335e-16,-1.9437120192465513e-15,-1.793268785138389e-15,1.2245697695820466e-15,3.30187315337414e-15,-1.6993365872046218e-15,6.269504816768473e-16,-1.747036853639952e-15,-2.542546461645561e-15,3.3637941812541027e-16,-2.3626621579897722e-15,9.904998631811903e-16,-2.305567715873884e-15,-4.430792129972818e-15,1.1078792210397677e-15,-5.032370999572444e-16,-5.05234774422923e-16,-1.1180660958691257e-15,7.926524184418839e-16,4.079692442698056e-16,1.1878314534838028e-15,-2.0552090499271596e-15,-1.903372076387632e-15,-3.603698555847613e-16,-3.610206924139014e-15,4.213904717781773e-15,1.0270568738068737e-15,5.522943638353497e-15,-2.384736853568417e-16,-4.170326915444153e-15,-1.1787373052110017e-15,2.3781665480989706e-15,-2.9606999979722606e-16,-3.9183181527905586e-16,-4.113214134807488e-16,3.5463738482461025e-15,-8.530886999066196e-16,-2.3399440063797824e-15,9.233960265715004e-16,1.6320304146646662e-15,-5.922672255292896e-16,1.7089920720030632e-15,-3.1494683697238058e-15,-6.764527413934957e-16,-4.175070598500713e-15,9.84429605620342e-16,5.150122856543654e-16,-2.6013150264972497e-15,-4.094025012307616e-15,-2.6493422381661924e-15,5.685030621629486e-16,2.7616221605422994e-15,-6.4834407808217e-16,-1.2629509997124375e-15,-3.1258219577146006e-15,4.1080863319036453e-16,-1.7753245443882648e-15,1.5935214622985332e-15,1.4205035437839507e-15,-1.2036717869965146e-15,2.2522672088335452e-15,-1.2275578174538098e-15,-3.2034613362538735e-15,-1.097491138163229e-15,2.1881339618753716e-15,-1.5090721937994469e-15,-4.464060125911042e-16,4.240459525538417e-15,-1.5725493912575251e-15,1.003733454217729e-15,1.1433162179014571e-16,-3.7215507538415204e-15,-6.043953633184192e-15,7.518338022013557e-16,-2.220244967701505e-15,-2.773873254436714e-15,-1.9909762611027208e-15,-2.313507742362531e-16,6.053752349480575e-16,-2.1231390855086995e-15,3.2525860087657145e-15,-2.1294901166225553e-15,-1.295894578286213e-15,-1.0426191318186847e-16,-1.6781666159214243e-15,-5.25073367063446e-17,2.7595621429270883e-15,5.052591718885596e-15,8.1279889843386805e-16,-2.3186017611781866e-15,1.8625002038960532e-15,-1.0114927547196816e-14,-1.3990064561666e-15,-3.5100553489925826e-15,-3.230304823239938e-15,-3.239545516452702e-15,-9.670539155380434e-15,-5.3457878794771596e-15,-5.092940443518278e-15,2.327573625407561e-15,-7.822180674151654e-15,8.534893577465172e-16,1.433254105374454e-14,-1.157716419207866e-15,-2.5148983422760935e-15,1.8983538183090552e-15,-4.456637942940184e-16,-5.477941308902134e-15,3.2554344901651552e-15,7.025672293419639e-15,0.9999999999999999,0.010257310052769843
113,-0.18537396837360898,0.19145437819545624,0.2702028756297898,-0.258005836867134,-0.008031026430222628,0.06709636521696245,0.059811454381861535,0.08523239233126344,0.003045446594451639,0.1486957684541132,-0.049604524101009316,0.028226167818185276,0.0028489684056247585,0.0866089589083464,0.03722265493315572,-0.017116649686782833,-0.033149940335010585,0.16167116134551265,0.08818385877294556,0.026808962535572193,0.10148921926079268,-0.15366698474708404,-0.11173628365004547,0.047719773132004394,-0.010884321940991187,0.05561738878678118,0.0868840298755205,-0.036126120479199976,0.16427414679274682,-0.06128360421988448,0.19514560125012745,0.047870812417122675,0.009781748686714635,-0.2781088008911984,0.008843016096473848,0.09043693593355256,0.0695376021260636,0.17675523344474714,-0.032873621534820104,0.23299155315394812,-0.11274877072633528,-0.05378632395653156,-0.06552017482280904,0.005449371777898576,-0.06731455356851428,-0.14021180541334233,-0.1137643538753748,-0.005944859832534969,-0.008828895214565612,-0.08736153766040186,0.12616740081700176,0.003723038766449052,0.0035048326953655345,-0.08743496013697466,0.04367020190178718,0.08707575588888677,-0.005296491054974905,-0.038941387603348684,0.020234172575426004,-0.013659731769478585,0.028014630738767695,-0.009791415297835535,-0.16172415382811098,-0.003048938722715566,0.12346158215293684,0.1806781885759685,-0.05428414665702206,-0.07777271606027528,0.06217886908631515,0.017025057379291535,-0.20975558744590025,0.07918638323291331,0.08981766909804757,0.027923174225266637,-0.1255108015914885,-0.1397918298146724,0.026059197578784492,0.03703524075733639,-0.018300805177376873,-0.0666369355540006,0.10847956511360791,-0.06896732574085032,-0.05957261833987608,-0.03701964342732261,-0.04962197730928746,-0.020929486303998237,-0.02010671570989691,-0.04787071400773291,-0.09914179344559647,0.03011425407363526,0.034068742844176755,-0.09479189594847064,0.0180072411358046,-0.055620349766059826,-0.015263947847700576,0.050824518866775796,-0.12542933717159532,0.047891070841134774,0.04328975884656884,0.021629257335166987,-0.0546326222233786,0.018157639428575314,0.03247295963364933,-0.06247561916997626,0.06739038926239,0.04965540755202253,-0.027589892058674712,0.08142096096921728,0.05339635236252468,0.007234162696746157,0.012778394783668186,0.07066066126462164,0.010257310052769843,1.0
